CASE_ID,ACCIDENT_YEAR,PROC_DATE,JURIS,COLLISION_DATE,COLLISION_TIME,OFFICER_ID,REPORTING_DISTRICT,DAY_OF_WEEK,CHP_SHIFT,POPULATION,CNTY_CITY_LOC,SPECIAL_COND,BEAT_TYPE,CHP_BEAT_TYPE,CITY_DIVISION_LAPD,CHP_BEAT_CLASS,BEAT_NUMBER,PRIMARY_RD,SECONDARY_RD,DISTANCE,DIRECTION,INTERSECTION,WEATHER_1,WEATHER_2,STATE_HWY_IND,CALTRANS_COUNTY,CALTRANS_DISTRICT,STATE_ROUTE,ROUTE_SUFFIX,POSTMILE_PREFIX,POSTMILE,LOCATION_TYPE,RAMP_INTERSECTION,SIDE_OF_HWY,TOW_AWAY,COLLISION_SEVERITY,NUMBER_KILLED,NUMBER_INJURED,PARTY_COUNT,PRIMARY_COLL_FACTOR,PCF_CODE_OF_VIOL,PCF_VIOL_CATEGORY,PCF_VIOLATION,PCF_VIOL_SUBSECTION,HIT_AND_RUN,TYPE_OF_COLLISION,MVIW,PED_ACTION,ROAD_SURFACE,ROAD_COND_1,ROAD_COND_2,LIGHTING,CONTROL_DEVICE,CHP_ROAD_TYPE,PEDESTRIAN_ACCIDENT,BICYCLE_ACCIDENT,MOTORCYCLE_ACCIDENT,TRUCK_ACCIDENT,NOT_PRIVATE_PROPERTY,ALCOHOL_INVOLVED,STWD_VEHTYPE_AT_FAULT,CHP_VEHTYPE_AT_FAULT,COUNT_SEVERE_INJ,COUNT_VISIBLE_INJ,COUNT_COMPLAINT_PAIN,COUNT_PED_KILLED,COUNT_PED_INJURED,COUNT_BICYCLIST_KILLED,COUNT_BICYCLIST_INJURED,COUNT_MC_KILLED,COUNT_MC_INJURED,PRIMARY_RAMP,SECONDARY_RAMP,LATITUDE,LONGITUDE,COUNTY,CITY,POINT_X,POINT_Y
7128143,2015,2015-12-07,3404,2015-11-23,1853,8191,SACRA,1,5,7,3404,0,0,0,,0,02B,"RIO LINDA BL","EDGEWOOD AV",6.00,S,N,A,-,N,,,,,,,,,,N,2,0,1,2,A,-,09,21804,A,N,G,G,A,A,H,-,D,D,0,,Y,,,Y,Y,L,04,1,0,0,0,0,0,1,0,0,"- ","- ",,,SACRAMENTO,SACRAMENTO,-121.44618027,38.617433519999999
7131261,2015,2015-12-04,3404,2015-11-24,1827,8169,,2,5,7,3404,0,0,0,,0,,"24TH ST","43RD AV",102.00,N,N,A,-,N,,,,,,,,,,Y,2,0,3,3,A,-,05,21650,,N,A,C,A,A,H,-,C,D,0,,,,,Y,,A,01,1,1,1,0,0,0,0,0,0,"- ","- ",,,SACRAMENTO,SACRAMENTO,-121.4831382,38.513900190000001
7143691,2015,2015-12-28,3404,2015-12-15,1621,8169,,2,5,7,3404,0,0,0,,0,,"14TH AV","42ND ST",132.00,W,N,A,-,N,,,,,,,,,,N,2,0,1,2,D,-,00,,,N,D,G,A,A,H,-,A,D,0,,Y,,,Y,,-,"- ",1,0,0,0,0,0,1,0,0,"- ","- ",,,SACRAMENTO,SACRAMENTO,-121.45830155,38.539459999999998
7147933,2015,2016-01-05,3496,2015-11-22,1908,304,,7,5,5,3496,0,0,0,,0,003,"GREENBACK LN","BINET DR",0.00,,Y,A,-,N,,,,,,,,,,Y,2,0,1,2,A,-,12,21453,A,N,D,C,A,A,H,-,A,A,0,,,Y,,Y,,-,"- ",1,0,0,0,0,0,0,0,1,"- ","- ",,,SACRAMENTO,"CITRUS HEIGHTS",-121.30348995999999,38.678249909999998
7181220,2016,2016-04-14,3404,2016-01-27,2323,0331,6,3,5,7,3404,0,0,0,,0,06B,"STOCKTON BL","X ST",0.00,,Y,A,-,N,,,,,,,,,,Y,2,0,6,2,A,-,01,23152,A,N,D,C,A,A,H,-,C,A,0,,,,,Y,Y,A,01,2,2,2,0,0,0,0,0,0,"- ","- ",,,SACRAMENTO,SACRAMENTO,-121.45669995999999,38.553530000000002
7181391,2016,2016-02-18,3401,2016-02-11,0830,222,CA034,4,5,5,3401,0,0,0,,0,002,"NATOMA ST","WALES DR",0.00,,Y,A,-,N,,,,,,,,,,Y,2,0,1,2,A,-,09,21453,C,N,A,C,A,A,H,-,A,A,0,,,Y,,Y,,A,01,1,0,0,0,0,0,0,0,1,"- ","- ",38.681310000000003,-121.16387,SACRAMENTO,FOLSOM,-121.16373986000001,38.681329929999997
7190672,2016,2018-09-26,3496,2016-08-27,2048,131,3496,6,5,5,3496,0,0,0,,0,,"VAN MAREN LN","SOMERSWORTH DR",0.00,,Y,A,-,N,,,,,,,,,,Y,1,1,2,2,A,-,01,23152,B,N,D,C,A,A,H,-,C,A,0,,,Y,,Y,Y,C,02,1,1,0,0,0,0,0,1,1,"- ","- ",,,SACRAMENTO,"CITRUS HEIGHTS",-121.30871999,38.688699960000001
7200086,2017,2017-05-11,3404,2017-03-30,1107,0331,1,4,5,7,3404,0,0,0,,0,01A,"DEL PASO RD","JUNEBERRY DR",163.00,W,N,A,-,N,,,,,,,,,,Y,1,1,1,3,C,-,18,,,N,G,B,E,A,D,-,A,A,0,Y,,,,Y,,-,"- ",1,0,0,1,0,0,0,0,0,"- ","- ",,,SACRAMENTO,SACRAMENTO,-121.49788078,38.656151729999998
8012461,2016,2016-04-07,3404,2016-03-24,1145,455,6,4,5,7,3404,0,0,0,,0,06E,"FOLSOM BL","FOLSOM BL 8391",0.00,,-,A,-,N,,,,,,,,,,Y,2,0,3,2,A,-,08,22107,,N,D,C,A,A,H,-,A,D,0,,,Y,,Y,,C,02,1,1,1,0,0,0,0,0,1,"- ","- ",,,SACRAMENTO,SACRAMENTO,-121.39564186,38.547066209999997
8019435,2016,2016-04-19,3404,2016-04-02,0225,0650,6,6,5,7,3404,0,0,0,,0,00C,"POWER INN RD","WAGON TRAIL WY",0.00,,Y,A,-,N,,,,,,,,,,Y,2,0,6,2,A,-,08,22107,,N,D,C,A,A,H,-,C,D,0,,,,,Y,,A,01,1,1,4,0,0,0,0,0,0,"- ","- ",,,SACRAMENTO,SACRAMENTO,-121.40906990000001,38.500829930000002
8074933,2016,2016-07-06,3496,2016-06-13,0955,134,,1,5,5,3496,0,0,0,,0,,"ANTELOPE RD","WATSON WY",445.00,W,N,A,-,N,,,,,,,,,,N,2,0,2,5,C,-,18,,,N,B,C,A,A,H,-,A,D,0,,,,,Y,,-,"- ",1,1,0,0,0,0,0,0,0,"- ","- ",,,SACRAMENTO,"CITRUS HEIGHTS",-121.27455724000001,38.706510999999999
8081182,2016,2018-09-26,3404,2016-07-19,1522,958,3,2,5,7,3404,0,0,0,,0,00M,"H ST","10TH ST",0.00,,Y,A,-,N,,,,,,,,,,N,1,1,0,2,A,-,09,21801,A,N,D,G,A,A,H,-,A,A,0,,Y,,,Y,,L,04,0,0,0,0,0,1,0,0,0,"- ","- ",,,SACRAMENTO,SACRAMENTO,-121.49249989,38.582499980000001
8096688,2016,2016-08-11,3404,2016-08-05,1323,8107,2,5,5,7,3404,0,0,0,,0,00A,"WATT AV","AUBURN BL",0.00,,Y,A,-,N,,,,,,,,,,Y,2,0,1,2,A,-,09,21453,,N,D,C,A,A,H,-,A,A,0,,,Y,,Y,,A,01,1,0,0,0,0,0,0,0,1,"- ","- ",,,SACRAMENTO,SACRAMENTO,-121.38308997999999,38.637129940000001
8114703,2016,2016-09-12,3404,2016-08-21,1643,671,2,7,5,7,3404,0,0,0,,0,00C,"DALE AV","TRACTION AV",345.00,S,N,A,-,N,,,,,,,,,,N,2,0,1,2,A,-,08,22107,,N,C,C,A,A,H,-,A,D,0,,,,,Y,,A,01,1,0,0,0,0,0,0,0,0,"- ","- ",,,SACRAMENTO,SACRAMENTO,-121.46294213,38.607178009999998
8115799,2015,2016-09-02,340H,2015-11-13,1903,10140,5105,5,5,5,3450,0,0,0,,0,005,"ELK GROVE FLORIN RD","KELSEY DR",76.00,N,N,A,-,N,,,,,,,,,,Y,2,0,1,2,A,-,11,21954,A,N,G,B,E,A,H,-,C,D,0,Y,,,,Y,Y,N,60,1,0,0,0,1,0,0,0,0,"- ","- ",,,SACRAMENTO,"ELK GROVE",-121.37157999999999,38.415538720000001
8138009,2016,2016-10-12,3496,2016-10-05,0755,185,,3,5,5,3496,0,0,0,,0,002,"FAIR OAKS BL","VILLA OAK DR",30.00,N,N,A,-,N,,,,,,,,,,Y,2,0,2,2,A,-,09,21801,A,N,D,D,A,A,H,-,A,D,0,,,,,Y,,A,01,1,0,1,0,0,0,0,0,0,"- ","- ",,,SACRAMENTO,"CITRUS HEIGHTS",-121.26245290999999,38.70598176
81577370,2021,2021-09-23,3496,2021-08-27,1441,404,,5,5,5,3496,0,0,0,,0,002,"SUNRISE BLVD","BIRDCAGE CENTRE LN",0.00,,Y,A,-,N,,,,,,,,,,N,2,0,1,1,A,-,08,22107,,N,E,J,A,A,H,-,A,A,0,,,Y,,Y,,C,02,1,0,0,0,0,0,0,0,1,"- ","- ",,,SACRAMENTO,"CITRUS HEIGHTS",-121.27162933349609,38.676437377929688
81586301,2021,2021-10-04,3496,2021-09-02,1753,391,,4,5,5,3496,0,0,0,,0,,"GREENBACK LN","MARIPOSA AVE",0.00,,Y,A,-,N,,,,,,,,,,Y,2,0,1,2,A,-,17,21209,A,N,D,C,A,A,H,-,A,A,0,,,Y,,Y,,C,02,1,0,0,0,0,0,0,0,1,"- ","- ",,,SACRAMENTO,"CITRUS HEIGHTS",-121.28472900390625,38.678192138671875
81586492,2021,2021-10-04,3496,2021-09-17,1951,392,3496,5,5,5,3496,0,0,0,,0,001,"ANTELOPE RD","I 80 EB ANTELOPE RD EB OFF",400.00,W,N,A,-,N,,,,,,,,,,N,2,0,1,2,A,-,03,22350,,N,C,D,A,A,H,-,D,A,0,,,Y,,Y,,C,02,1,0,0,0,0,0,0,0,1,"- ","- ",,,SACRAMENTO,"CITRUS HEIGHTS",,
81651094,2021,2021-12-14,3401,2021-10-30,0924,178,CA034,6,5,5,3401,0,0,0,,0,002,"FOLSOM BLVD","GLENN DR",0.00,,Y,A,-,N,,,,,,,,,,Y,1,1,0,1,A,-,07,21658,A,N,E,I,A,A,H,-,A,A,0,,,,,Y,,D,22,0,0,0,0,0,0,0,0,0,"- ","- ",38.664020538330078,-121.18376922607422,SACRAMENTO,FOLSOM,-121.18392181396484,38.663963317871094
8168175,2016,2017-06-23,340H,2016-07-16,1114,10140,2304,6,5,5,3450,0,0,0,,0,002,"LAGUNA PARK DR","LAGUNA BL",265.00,S,N,A,-,N,,,,,,,,,,Y,1,1,0,2,A,-,09,21801,A,N,D,C,A,A,H,-,-,D,0,,,Y,,Y,,A,01,0,0,0,0,0,0,0,1,0,"- ","- ",,,SACRAMENTO,"ELK GROVE",-121.43771357,38.422692249999997
8180803,2016,2016-12-06,3404,2016-11-22,1825,8186,P4,2,5,7,3404,0,0,0,,0,004,"FREEPORT BL","MEER WY",3.00,S,N,A,-,N,,,,,,,,,,N,2,0,1,2,A,-,10,21950,A,N,G,B,C,A,H,-,A,A,0,Y,,,,Y,,A,01,1,0,0,0,1,0,0,0,0,"- ","- ",,,SACRAMENTO,SACRAMENTO,-121.49428262000001,38.533772020000001
81881819,2022,2022-10-04,3404,2022-09-14,2052,0612,3,3,5,7,3404,0,0,0,,0,03M,"10TH ST","H ST",0.00,,Y,A,-,N,,,,,,,,,,N,2,0,1,2,A,-,12,21453,A,N,D,C,A,A,H,-,C,A,0,,,Y,,Y,,C,02,1,0,0,0,0,0,0,0,1,"- ","- ",,,SACRAMENTO,SACRAMENTO,-121.49250030517578,38.582496643066406
81904723,2022,2022-10-31,3404,2022-09-26,1644,8151,6,1,5,7,3404,0,0,0,,0,06D,"30TH ST","F ST",0.00,,Y,A,-,N,,,,,,,,,,Y,2,0,1,2,A,-,12,21453,A,N,D,C,A,A,H,-,A,A,0,,,,,Y,,A,01,1,0,0,0,0,0,0,0,0,"- ","- ",,,SACRAMENTO,SACRAMENTO,-121.46466827392578,38.577518463134766
81922422,2022,2022-11-21,3404,2022-11-04,0648,8141,6,5,5,7,3404,0,0,0,,0,06D,"FOLSOM BLVD","42ND ST",57.00,E,N,A,-,N,,,,,,,,,,N,2,0,1,2,A,-,03,22350,,F,C,G,A,A,H,-,B,B,0,,Y,,,Y,,A,01,1,0,0,0,0,0,1,0,0,"- ","- ",,,SACRAMENTO,SACRAMENTO,-121.45255279541016,38.563800811767578
81960368,2022,2023-01-05,3401,2022-12-10,0940,178,CA034,6,5,5,3401,0,0,0,,0,001,"FOLSOM LAKE CROSSING","GUN RANGE RD",1396.00,E,N,C,-,N,,,,,,,,,,Y,2,0,3,2,A,-,03,22350,,N,D,C,A,B,H,-,A,D,0,,,,,Y,,A,01,1,0,2,0,0,0,0,0,0,"- ","- ",38.702930450439453,-121.15499877929688,SACRAMENTO,FOLSOM,-121.14976501464844,38.702262878417969
82013101,2023,2023-03-09,3401,2023-02-11,1944,250,CA034,6,5,5,3401,0,0,0,,0,005,"WHITE ROCK RD","PRAIRIE CITY RD",0.00,,Y,A,-,N,,,,,,,,,,N,2,0,4,2,A,-,09,21453,C,N,A,C,A,A,H,-,C,A,0,,,,,Y,,A,01,2,1,1,0,0,0,0,0,0,"- ","- ",38.615139007568359,-121.14981079101562,SACRAMENTO,FOLSOM,-121.15045166015625,38.614913940429688
82024280,2022,2023-03-22,3400,2022-09-30,1621,782,RCPD,5,5,5,3490,0,0,0,,0,005,"SUNRISE BLVD","SUNRISE PARK DR",0.00,,Y,A,-,N,,,,,,,,,,Y,2,0,1,2,A,-,08,22107,,N,B,C,A,A,H,-,A,A,0,,,Y,,Y,,A,01,1,0,0,0,0,0,0,0,1,"- ","- ",38.593959808349609,-121.26570129394531,SACRAMENTO,"RANCHO CORDOVA",-121.26567840576172,38.593963623046875
82025037,2023,2023-03-22,3400,2023-01-25,2221,736,RCPD,3,5,5,3490,0,0,0,,0,005,"MATHERFIELD RD","US HWY 50",0.00,,Y,A,-,Y,,,,,,,,,,Y,2,0,1,2,A,-,12,21453,A,F,A,C,A,A,-,-,C,A,0,,,,,Y,Y,D,22,1,0,0,0,0,0,0,0,0,"- ","- ",38.577350616455078,-121.30684661865234,SACRAMENTO,"RANCHO CORDOVA",-121.30805969238281,38.578384399414062
82026051,2021,2023-03-23,3400,2021-06-30,1920,940,RCPD,3,5,5,3490,0,0,0,,0,005,"FOLSOM BOULEVARD","GRENNAN COURT",625.00,E,N,A,-,N,,,,,,,,,,N,2,0,1,2,A,-,07,21658,A,F,B,G,A,A,H,-,A,D,0,,Y,,,Y,,D,22,1,0,0,0,0,0,1,0,0,"- ","- ",38.6102294921875,-121.26038360595703,SACRAMENTO,"RANCHO CORDOVA",-121.26038360595703,38.610145568847656
82026143,2021,2023-03-23,3400,2021-06-16,2210,248,RCPD,3,5,5,3490,0,0,0,,0,005,"INTERNATIONAL DR","MATHER FIELD RD",0.00,,Y,A,-,N,,,,,,,,,,N,2,0,1,2,A,-,11,21955,,N,G,B,D,A,H,-,D,A,0,Y,,,,Y,,N,60,1,0,0,0,1,0,0,0,0,"- ","- ",38.573650360107422,-121.30094909667969,SACRAMENTO,"RANCHO CORDOVA",-121.30084228515625,38.573532104492188
82042759,2023,2023-04-14,3404,2023-03-30,2140,8174,5,4,5,7,3404,0,0,0,,0,05C,"CENTER PKWY","VALLEY HI DR",15.00,N,N,A,-,N,,,,,,,,,,Y,2,0,3,2,A,-,01,23152,A,N,D,C,A,A,H,-,C,A,0,,,,,Y,Y,A,01,1,2,0,0,0,0,0,0,0,"- ","- ",,,SACRAMENTO,SACRAMENTO,-121.43135070800781,38.463787078857422
82085336,2023,2023-06-06,3404,2023-05-24,1306,8141,2,3,5,7,3404,0,0,0,,0,02C,"ARDEN WAY","EVERGREEN ST",657.00,E,N,A,-,N,,,,,,,,,,Y,2,0,2,2,A,-,17,21658,B,N,A,C,A,A,H,-,A,D,0,,,,,Y,,A,01,1,0,1,0,0,0,0,0,0,"- ","- ",,,SACRAMENTO,SACRAMENTO,-121.44158935546875,38.606178283691406
82085533,2023,2023-06-06,3404,2023-05-24,1227,8181,3,3,5,7,3404,0,0,0,,0,03B,"T ST","23RD ST",0.00,,Y,A,-,N,,,,,,,,,,Y,2,0,2,2,A,-,12,22450,A,N,D,C,A,A,H,-,A,A,0,,,,,Y,,A,01,1,0,1,0,0,0,0,0,0,"- ","- ",,,SACRAMENTO,SACRAMENTO,-121.48068237304688,38.564559936523438
82093182,2023,2023-06-15,3404,2023-06-01,2248,8120,6,4,5,7,3404,0,0,0,,0,06E,"JACKSON RD","FOLSOM BLVD",71.00,S,N,A,-,N,,,,,,,,,,Y,2,0,1,1,A,-,08,22107,,N,E,I,A,A,H,-,C,A,0,,,Y,,Y,,C,02,1,0,0,0,0,0,0,0,1,"- ","- ",,,SACRAMENTO,SACRAMENTO,-121.39888763427734,38.54693603515625
82103786,2023,2023-06-29,3496,2023-06-09,1534,423,3496,5,5,5,3496,0,0,0,,0,002,"GREENBACK LN","SUNRISE VISTA DR",230.00,W,N,A,-,N,,,,,,,,,,N,2,0,1,2,A,-,11,21954,A,N,G,B,D,A,H,-,A,D,0,Y,,,,Y,,N,60,1,0,0,0,1,0,0,0,0,"- ","- ",38.678451538085938,-121.26455688476562,SACRAMENTO,"CITRUS HEIGHTS",-121.26534271240234,38.678459167480469
82117902,2023,2023-08-28,3404,2023-06-24,1800,8155,6,6,5,7,3404,0,0,0,,0,06A,"12TH AVE","MARTIN LUTHER KING JR BLVD",0.00,,Y,A,-,N,,,,,,,,,,Y,2,0,1,3,A,-,12,21453,A,N,D,C,A,A,H,-,A,A,0,,,Y,,Y,,C,02,1,0,0,0,0,0,0,0,1,"- ","- ",,,SACRAMENTO,SACRAMENTO,-121.46476745605469,38.541202545166016
82150335,2023,2023-08-22,3400,2023-07-26,2015,1196,RC,3,5,5,3490,0,0,0,,0,005,"SUNRISE BLVD","SOUTH BRIDGE ST",22.00,S,N,A,-,N,,,,,,,,,,N,2,0,1,2,A,-,09,21804,A,F,C,C,A,A,H,-,B,D,0,,,Y,,Y,,A,01,1,0,0,0,0,0,0,0,1,"- ","- ",38.630088806152344,-121.2672119140625,SACRAMENTO,"RANCHO CORDOVA",-121.26728057861328,38.630325317382812
82171929,2023,2023-09-19,3404,2023-09-04,"42  ",0631,6,1,5,7,3404,0,0,0,,0,06C,"65TH ST","9TH AVE",36.00,S,N,A,-,N,,,,,,,,,,N,2,0,1,2,A,-,11,21956,A,N,G,B,E,A,H,-,C,D,0,Y,,,,Y,,N,60,1,0,0,0,1,0,0,0,0,"- ","- ",,,SACRAMENTO,SACRAMENTO,-121.42781829833984,38.543781280517578
82233841,2023,2023-11-13,3496,2023-09-04,1107,404,,1,5,5,3496,0,0,0,,0,,"GREENBACK LN","ARCADIA DR",512.00,W,N,A,-,N,,,,,,,,,,Y,1,1,0,2,A,-,09,21801,A,N,D,C,A,A,H,-,A,D,0,,,,,Y,Y,D,22,0,0,0,0,0,0,0,0,0,"- ","- ",38.678451538085938,-121.26724243164062,SACRAMENTO,"CITRUS HEIGHTS",-121.26891326904297,38.678394317626953
82275996,2023,2024-01-17,3404,2023-12-13,1709,8194,,3,5,7,3404,0,0,0,,0,04B,"FREEPORT BLVD","FRUITRIDGE RD",0.00,,Y,A,-,N,,,,,,,,,,N,2,0,2,3,A,-,09,21453,C,N,D,C,A,A,H,-,C,A,0,,,,,Y,,A,01,1,0,1,0,0,0,0,0,0,"- ","- ",,,SACRAMENTO,SACRAMENTO,-121.49729919433594,38.524707794189453
82286872,2024,2024-01-17,3404,2024-01-03,"158 ",8133,,3,5,7,3404,0,0,0,,0,04A,"X ST","15TH ST",18.00,N,N,A,-,N,,,,,,,,,,N,2,0,1,2,A,-,10,21950,A,N,G,B,B,A,H,-,A,A,0,Y,,,,Y,,A,01,1,0,0,0,1,0,0,0,0,"- ","- ",,,SACRAMENTO,SACRAMENTO,-121.49330902099609,38.563076019287109
82295543,2024,2024-01-29,3404,2024-01-12,1525,8197,,5,5,7,3404,0,0,0,,0,01A,"W ELKHORN BLVD","E COMMERCE WAY",978.00,W,N,B,-,N,,,,,,,,,,Y,2,0,1,3,A,-,08,22107,,N,A,C,A,A,H,-,D,D,0,,,,,Y,,A,01,1,0,0,0,0,0,0,0,0,"- ","- ",,,SACRAMENTO,SACRAMENTO,-121.53477478027344,38.685504913330078
82303234,2024,2024-02-01,3400,2024-01-26,1752,6,,5,5,5,3490,0,0,0,,0,005,"OLSON DR","FOLSOM BLVD",1230.00,S,N,A,-,N,,,,,,,,,,Y,2,0,2,2,A,-,05,21651,A,N,A,C,A,A,H,-,C,D,0,,,,,Y,,A,01,1,0,1,0,0,0,0,0,0,"- ","- ",38.595798492431641,-121.28160095214844,SACRAMENTO,"RANCHO CORDOVA",-121.28102874755859,38.59637451171875
82345773,2024,2024-03-27,3404,2024-03-13,1710,0579,,3,5,7,3404,0,0,0,,0,02B,"BEAUMONT ST","LAMPASAS AVE",0.00,,Y,A,-,N,,,,,,,,,,N,2,0,1,2,A,-,09,21800,A,F,D,G,A,A,H,-,A,D,0,,Y,,,Y,,A,01,1,0,0,0,0,0,1,0,0,"- ","- ",,,SACRAMENTO,SACRAMENTO,-121.44846343994141,38.614761352539062
82355632,2024,2024-04-08,3404,2024-03-22,1639,8197,,5,5,7,3404,0,0,0,,0,06C,"FRUITRIDGE RD","WILKINSON ST",39.00,W,N,B,-,N,,,,,,,,,,N,2,0,1,2,A,-,17,21461,A,N,G,B,B,A,H,-,A,A,0,Y,,,,Y,,A,01,1,0,0,0,1,0,0,0,0,"- ","- ",,,SACRAMENTO,SACRAMENTO,-121.41453552246094,38.525081634521484
82358189,2024,2024-04-08,3400,2024-03-15,1430,185,,5,5,5,3490,0,0,0,,0,005,"POINT EAST DR","FOLSOM BLVD",203.00,N,N,A,-,N,,,,,,,,,,N,2,0,2,3,D,-,00,,,N,G,B,D,A,H,-,A,D,0,Y,,,,Y,,-,"- ",1,0,1,0,2,0,0,0,0,"- ","- ",38.607089996337891,-121.26818084716797,SACRAMENTO,"RANCHO CORDOVA",-121.26807403564453,38.607006072998047
82368485,2024,2024-04-22,3404,2024-04-05,"924 ",0333,7,5,5,7,3404,0,0,0,,0,07B,"FOLSOM BLVD","8609 FOLSOM BLVD",350.00,S,N,A,B,Y,,,,,,,,,,N,2,0,1,2,A,-,11,21955,,N,G,B,D,A,H,-,A,D,0,Y,,,,Y,,N,60,1,0,0,0,1,0,0,0,0,"- ","- ",,,SACRAMENTO,SACRAMENTO,-121.18016052246094,38.682929992675781
82413559,2024,2024-06-17,3404,2024-05-26,1900,8186,,7,5,7,3404,0,0,0,,0,05A,"COSUMNES RIVER BLVD","DELTA SHORE CIR S",0.00,,Y,A,-,N,,,,,,,,,,N,2,0,2,2,A,-,12,21453,A,N,A,C,A,A,H,-,C,A,0,,,,,Y,,D,22,1,1,0,0,0,0,0,0,0,"- ","- ",,,SACRAMENTO,SACRAMENTO,-121.49063110351562,38.466342926025391
82424611,2024,2024-07-01,3404,2024-06-15,2110,0526,,6,5,7,3404,0,0,0,,0,06C,"FRUITRIDGE RD","88TH ST",1310.00,W,N,A,-,N,,,,,,,,,,N,2,0,1,1,A,-,07,21658,A,N,E,J,A,A,H,-,D,D,0,,,,,Y,,D,22,1,0,0,0,0,0,0,0,0,"- ","- ",,,SACRAMENTO,SACRAMENTO,-121.38040924072266,38.525241851806641
82436728,2023,2024-07-12,3401,2023-07-02,"203 ",291,,7,5,5,3401,0,0,0,,0,001,"AMERICAN RIVER CANYON DR","SAGE FLAT CT",148.00,N,N,A,-,N,,,,,,,,,,Y,2,0,1,1,A,-,01,23152,A,N,E,I,A,A,G,-,C,D,0,,,Y,,Y,Y,C,02,1,0,0,0,0,0,0,0,1,"- ","- ",,,SACRAMENTO,FOLSOM,,
82436786,2023,2024-07-16,3401,2023-08-04,2113,241,,5,5,5,3401,0,0,0,,0,001,"FOLSOM-AUBURN RD","BERRY CREEK DR",0.00,,Y,A,-,N,,,,,,,,,,Y,1,1,1,2,A,-,09,21801,A,N,D,C,A,A,H,-,C,D,0,,,Y,,Y,,A,01,0,1,0,0,0,0,0,1,0,"- ","- ",38.695060729980469,-121.17281341552734,SACRAMENTO,FOLSOM,-121.17250823974609,38.695121765136719
82436941,2023,2024-07-15,3401,2023-11-06,1606,163,,1,5,5,3401,0,0,0,,0,003,"BLUE RAVINE RD","E NATOMA ST",445.00,S,N,B,-,N,,,,,,,,,,Y,1,1,0,2,A,-,09,21801,A,N,D,C,A,A,H,-,A,A,0,,,Y,,Y,,D,22,0,0,0,0,0,0,0,1,0,"- ","- ",38.691009521484375,-121.12330627441406,SACRAMENTO,FOLSOM,-121.12397766113281,38.689872741699219
82437201,2024,2024-07-15,3401,2024-04-24,2043,271,,3,5,5,3401,0,0,0,,0,004,"IRON POINT RD","MCADOO DR",0.00,,Y,A,-,N,,,,,,,,,,Y,2,0,1,2,A,-,12,21453,A,N,C,C,A,A,H,-,C,A,0,,,Y,,Y,,A,01,1,0,0,0,0,0,0,0,1,"- ","- ",38.6474609375,-121.15042114257812,SACRAMENTO,FOLSOM,-121.15029144287109,38.647537231445312
82437251,2024,2024-07-12,3401,2024-05-24,1228,3251,,5,5,5,3401,0,0,0,,0,001,"FOLSOM-AUBURN RD","BLUEBIRD LN",27.00,N,N,A,-,N,,,,,,,,,,N,2,0,1,2,A,-,09,21802,A,N,D,C,A,A,H,-,A,D,0,,,Y,,Y,,A,01,1,0,0,0,0,0,0,0,1,"- ","- ",38.702751159667969,-121.17079162597656,SACRAMENTO,FOLSOM,-121.17039489746094,38.702884674072266
82700100,2024,2024-07-26,3496,2024-06-09,1900,560,,7,5,5,3496,0,0,0,,0,,"7335 AUBURN OAKS CT","AUBRUN OAKS CT",475.00,N,N,A,-,N,,,,,,,,,,N,2,0,1,2,A,-,03,22350,,N,G,B,F,A,H,-,C,D,0,Y,,,,Y,,A,01,1,0,0,0,1,0,0,0,0,"- ","- ",,,SACRAMENTO,"CITRUS HEIGHTS",-121.29042053222656,38.718441009521484
8307928,2017,2017-03-24,3404,2017-03-08,2115,682,2,3,5,7,3404,0,0,0,,0,02C,"SLOBE AV","CANTERBURY RD",33.00,W,N,A,-,N,,,,,,,,,,N,2,0,1,2,A,-,12,22450,,N,D,G,A,A,H,-,C,A,0,,Y,,,Y,,L,04,1,0,0,0,0,0,1,0,0,"- ","- ",,,SACRAMENTO,SACRAMENTO,-121.45803548000001,38.598910000000004
83572992,2024,2024-08-05,3496,2024-07-18,1017,423,,4,5,5,3496,0,0,0,,0,001,"OLD AUBURN RD","BONITA WAY",75.00,E,N,A,-,N,,,,,,,,,,Y,2,0,4,4,A,-,03,22350,,N,C,C,A,A,H,-,A,D,0,,,,,Y,,A,01,1,0,3,0,0,0,0,0,0,"- ","- ",38.699871063232422,-121.27877807617188,SACRAMENTO,"CITRUS HEIGHTS",-121.27853393554688,38.700366973876953
8382538,2017,2017-06-14,3496,2017-05-25,0828,427,,4,5,5,3496,0,0,0,,0,003,"PRIMROSE DR","CAL CT",77.00,N,N,A,-,N,,,,,,,,,,N,2,0,1,2,A,-,11,21954,A,N,G,B,D,A,H,-,A,D,0,Y,,,,Y,,N,60,1,0,0,0,1,0,0,0,0,"- ","- ",,,SACRAMENTO,"CITRUS HEIGHTS",-121.27842078,38.670308859999999
8399618,2017,2017-07-31,3404,2017-06-26,1840,0649,,1,5,7,3404,0,0,0,,0,06D,"ALHAMBRA BL","P ST",144.00,N,N,A,-,N,,,,,,,,,,N,2,0,1,2,A,-,06,21755,,N,B,C,A,A,A,-,A,A,0,,,Y,,Y,,C,02,1,0,0,0,0,0,0,0,1,"- ","- ",,,SACRAMENTO,SACRAMENTO,-121.4679522,38.566522859999999
8400489,2017,2017-07-06,3496,2017-06-17,2228,136,3496,6,5,5,3496,0,0,0,,0,002,"SUNRISE BL","WOODMORE OAKS DR",225.00,S,N,A,-,N,,,,,,,,,,Y,2,0,4,2,A,-,01,23152,A,N,C,C,A,A,H,-,C,A,0,,,,,Y,Y,A,01,1,1,2,0,0,0,0,0,0,"- ","- ",,,SACRAMENTO,"CITRUS HEIGHTS",-121.27154989,38.691532189999997
8404406,2017,2017-08-04,3404,2017-06-18,0011,0331,2,7,5,7,3404,0,0,0,,0,02A,"RIO LINDA BL","HARRIS AV",240.00,N,N,A,-,N,,,,,,,,,,Y,1,1,0,1,A,-,01,23152,G,N,E,I,A,A,H,-,C,D,0,,,Y,,Y,Y,C,02,0,0,0,0,0,0,0,1,0,"- ","- ",,,SACRAMENTO,SACRAMENTO,-121.44760104,38.639339399999997