CASE_ID,ACCIDENT_YEAR,PROC_DATE,JURIS,COLLISION_DATE,COLLISION_TIME,OFFICER_ID,REPORTING_DISTRICT,DAY_OF_WEEK,CHP_SHIFT,POPULATION,CNTY_CITY_LOC,SPECIAL_COND,BEAT_TYPE,CHP_BEAT_TYPE,CITY_DIVISION_LAPD,CHP_BEAT_CLASS,BEAT_NUMBER,PRIMARY_RD,SECONDARY_RD,DISTANCE,DIRECTION,INTERSECTION,WEATHER_1,WEATHER_2,STATE_HWY_IND,CALTRANS_COUNTY,CALTRANS_DISTRICT,STATE_ROUTE,ROUTE_SUFFIX,POSTMILE_PREFIX,POSTMILE,LOCATION_TYPE,RAMP_INTERSECTION,SIDE_OF_HWY,TOW_AWAY,COLLISION_SEVERITY,NUMBER_KILLED,NUMBER_INJURED,PARTY_COUNT,PRIMARY_COLL_FACTOR,PCF_CODE_OF_VIOL,PCF_VIOL_CATEGORY,PCF_VIOLATION,PCF_VIOL_SUBSECTION,HIT_AND_RUN,TYPE_OF_COLLISION,MVIW,PED_ACTION,ROAD_SURFACE,ROAD_COND_1,ROAD_COND_2,LIGHTING,CONTROL_DEVICE,CHP_ROAD_TYPE,PEDESTRIAN_ACCIDENT,BICYCLE_ACCIDENT,MOTORCYCLE_ACCIDENT,TRUCK_ACCIDENT,NOT_PRIVATE_PROPERTY,ALCOHOL_INVOLVED,STWD_VEHTYPE_AT_FAULT,CHP_VEHTYPE_AT_FAULT,COUNT_SEVERE_INJ,COUNT_VISIBLE_INJ,COUNT_COMPLAINT_PAIN,COUNT_PED_KILLED,COUNT_PED_INJURED,COUNT_BICYCLIST_KILLED,COUNT_BICYCLIST_INJURED,COUNT_MC_KILLED,COUNT_MC_INJURED,PRIMARY_RAMP,SECONDARY_RAMP,LATITUDE,LONGITUDE,COUNTY,CITY,POINT_X,POINT_Y
94449245,2024,2024-10-29,9260,2024-10-17,"444 ",021681,,4,3,9,3400,0,1,2,,2,501,"US-50 W/B","ZINFANDEL DRIVE",2875.00,W,N,A,-,Y,SAC,,50," ",R,10.248,H,,L,Y,2,0,2,2,A,-,03,22350,,M,D,C,A,A,G,-,C,D,0,,,,,Y,,A,07,1,1,0,0,0,0,0,0,0,"- ","- ",38.585769653320312,-121.296142578125,SACRAMENTO,UNINCORPORATED,-121.29615020751953,38.585781097412109
94463110,2024,2024-11-08,9252,2024-11-02,1625,023665,,6,2,9,3400,0,2,4,,1,072,"FRANKLIN BLVD","GREEN TREE DR",0.00,,Y,A,-,N,,,,,,,,,,Y,2,0,4,2,A,-,12,22450,A,N,D,2,A,A,H,-,A,D,0,,,,,Y,,D,22,1,0,3,0,0,0,0,0,0,"- ","- ",38.498088836669922,-121.46035003662109,SACRAMENTO,UNINCORPORATED,-121.46028137207031,38.498039245605469
94464972,2024,2024-11-11,9250,2024-11-02,2050,023304,,6,2,9,3400,0,2,4,,1,042,"MARCONI AVENUE W/B","FULTON AVENUE",1715.00,E,N,B,-,N,,,,,,,,,,Y,2,0,1,2,A,-,08,22100,B,N,C,2,A,A,H,-,C,D,0,,,Y,,Y,,A,01,1,0,0,0,0,0,0,0,1,"- ","- ",38.61798095703125,-121.39531707763672,SACRAMENTO,UNINCORPORATED,-121.39546966552734,38.617938995361328
94471532,2024,2025-01-17,9250,2024-11-04,1632,021997,,1,2,9,3400,0,2,4,,1,054,"EL CAMINO AVE","EASTERN AVE",965.00,E,N,A,-,N,,,,,,,,,,N,2,0,2,2,A,-,01,23152,A,N,E,8,A,A,H,-,A,D,0,,,,,Y,Y,A,07,1,1,0,0,0,0,0,0,0,"- ","- ",38.610198974609375,-121.36039733886719,SACRAMENTO,UNINCORPORATED,-121.36115264892578,38.610210418701172
94476529,2024,2024-11-20,9250,2024-10-14,1835,019139,,1,2,9,3400,0,2,4,,1,013,"WALEGRA ROAD SOUTHBOUND","BIG CLOUD WAY",879.00,S,N,A,-,N,,,,,,,,,,N,1,1,1,1,A,-,01,23152,A,N,E,I,A,A,H,-,C,D,0,,,,,Y,Y,A,01,1,0,0,0,0,0,0,0,0,"- ","- ",38.706439971923828,-121.36322021484375,SACRAMENTO,UNINCORPORATED,-121.363037109375,38.706497192382812
94504250,2024,2024-12-16,9250,2024-11-24,"100 ",022611,,7,3,9,3400,0,3,5,,2,010,"POLK ST","MYRTLE AVE",0.00,,Y,A,-,N,,,,,,,,,,N,2,0,1,1,C,-,18,,,N,E,I,A,A,H,-,C,D,0,,,,,Y,,-,"- ",1,0,0,0,0,0,0,0,0,"- ","- ",38.654159545898438,-121.37843322753906,SACRAMENTO,UNINCORPORATED,-121.37830352783203,38.654071807861328
94521929,2024,2024-12-31,9250,2024-12-14,2116,020067,,6,2,9,3400,0,2,4,,1,064,"ELKHORN BLVD","32ND ST",0.00,,Y,A,-,N,,,,,,,,,,Y,2,0,1,4,C,-,18,,,N,C,C,E,A,H,-,C,A,0,Y,,,,Y,,-,"- ",1,0,0,0,1,0,0,0,0,"- ","- ",38.690380096435547,-121.39208984375,SACRAMENTO,UNINCORPORATED,-121.39209747314453,38.690216064453125
94537321,2025,2025-05-22,9250,2025-01-08,1505,021088,,3,2,9,3400,0,2,4,,1,056,"ARDEN WAY","EASTERN AVENUE",105.00,E,N,A,-,N,,,,,,,,,,N,2,0,1,2,A,-,03,22350,,M,B,J,A,A,H,-,A,D,0,,,,,Y,,M,94,1,0,0,0,0,0,0,0,0,"- ","- ",38.595489501953125,-121.36406707763672,SACRAMENTO,UNINCORPORATED,-121.36420440673828,38.595584869384766
94548375,2025,2025-01-24,9250,2025-01-12,"215 ",022854,,7,3,9,3400,0,3,5,,2,090,"POWER LINE RD","DEL PASO RD",1895.00,N,N,A,-,N,,,,,,,,,,N,2,0,1,2,A,-,11,21954,A,N,G,B,E,A,H,-,D,D,0,Y,,,,Y,,N,60,1,0,0,0,1,0,0,0,0,"- ","- ",38.661590576171875,-121.57662200927734,SACRAMENTO,UNINCORPORATED,-121.57660675048828,38.661544799804688
94557442,2025,2025-01-31,9250,2025-01-24,1720,021324,,5,2,9,3400,0,2,4,,1,045,"WATT AVE","ADAMS RD",0.00,,Y,A,-,N,,,,,,,,,,Y,2,0,2,2,A,-,09,21802,B,N,D,C,A,A,H,-,C,D,0,,,,,Y,,A,07,1,0,1,0,0,0,0,0,0,"- ","- ",38.578628540039062,-121.38311767578125,SACRAMENTO,UNINCORPORATED,-121.38304901123047,38.578643798828125
94565291,2025,2025-02-04,9252,2025-01-11,1735,022559,,6,2,9,3400,0,3,5,,2,090,"SUTTER SLOUGH BRIDGE ROAD","SUTTER ISLAND ROAD",1960.00,N,N,A,-,Y,,,,,,,,,,Y,1,1,0,1,A,-,08,22107,,N,E,I,A,A,H,-,D,D,0,,,Y,,Y,,C,02,0,0,0,0,0,0,0,1,0,"- ","- ",38.327621459960938,-121.57662963867188,SACRAMENTO,UNINCORPORATED,-121.17446899414062,38.680049896240234
94566697,2025,2025-02-05,9252,2025-01-09,"526 ",020478,,4,3,7,3404,0,1,1,,2,107,"I-5 NORTHBOUND","SUTTERVILLE ROAD",5023.00,N,N,A,-,Y,SAC,,5," "," ",21.227,H,,R,Y,1,1,0,4,A,-,11,21954,A,N,G,B,E,A,H,-,D,D,0,Y,,,Y,Y,,N,60,0,0,0,1,0,0,0,0,0,"- ","- ",38.550338745117188,-121.51039123535156,SACRAMENTO,SACRAMENTO,-121.510498046875,38.550312042236328
94602487,2025,2025-03-18,9260,2025-03-05,1345,018596,,3,1,9,3400,0,3,5,,2,003,"SUNSET AVE","SUNSET PLACE LN",250.00,E,N,C,-,N,,,,,,,,,,N,2,0,1,1,A,-,03,22350,,N,H,A,A,B,H,-,A,D,0,,,Y,,Y,,C,02,1,0,0,0,0,0,0,0,1,"- ","- ",38.653308868408203,-121.21343994140625,SACRAMENTO,UNINCORPORATED,-121.21330261230469,38.653324127197266
94605025,2025,2025-03-18,9252,2025-02-22,2223,023818,,6,3,9,3400,0,2,4,,2,073,"FRUITRIDGE RD","65TH ST",20.00,S,N,A,-,N,,,,,,,,,,Y,2,0,1,2,A,-,08,22107,,F,B,C,A,A,H,-,C,A,0,,,,,Y,,A,01,1,0,0,0,0,0,0,0,0,"- ","- ",38.524948120117188,-121.42752838134766,SACRAMENTO,UNINCORPORATED,-121.42759704589844,38.525119781494141
94609011,2025,2025-03-18,9250,2025-03-07,1830,023270,,5,2,9,3400,0,3,5,,2,010,"GREEN GLEN WAY E/B","MEGHAN WAY",81.00,E,N,A,-,N,,,,,,,,,,N,2,0,1,2,A,-,03,22350,,N,C,E,A,A,H,-,B,D,0,,,Y,,Y,,C,06,1,0,0,0,0,0,0,0,1,"- ","- ",38.676689147949219,-121.35804748535156,SACRAMENTO,UNINCORPORATED,-121.35807800292969,38.676689147949219
94610546,2025,2025-03-19,9250,2025-02-15,1531,022013,,6,2,9,3400,0,2,4,,1,024,"MADISON AVENUE","MANZANITA AVENUE",0.00,,Y,A,-,N,,,,,,,,,,Y,1,1,1,2,A,-,12,21453,A,N,D,2,A,A,H,-,A,A,0,,,,,Y,,A,01,0,0,1,0,0,0,0,0,0,"- ","- ",38.660720825195312,-121.32746124267578,SACRAMENTO,UNINCORPORATED,-121.32745361328125,38.660579681396484
94624883,2025,2025-03-24,9252,2025-02-03,1747,019307,,1,2,9,3400,0,3,5,,2,090,"RIVER ROAD","TWIN CITIES ROAD",282.00,S,N,A,-,N,,,,,,,,,,Y,1,1,0,1,A,-,08,22107,,N,E,I,A,A,H,-,A,D,0,,,,,Y,,A,01,0,0,0,0,0,0,0,0,0,"- ","- ",38.265918731689453,-121.52703857421875,SACRAMENTO,UNINCORPORATED,-121.52707672119141,38.266014099121094
9464204,2022,2023-03-27,3404,2022-08-20,0010,0356,5,6,5,7,3404,0,0,0,,0,05C,"LA MANCHA WY","SOUTH ELDER CT",256.00,N,N,A,-,N,,,,,,,,,,N,1,1,0,2,A,-,11,21954,A,F,G,B,E,A,H,-,C,D,0,Y,,,,Y,,N,60,0,0,0,1,0,0,0,0,0,"- ","- ",,,SACRAMENTO,SACRAMENTO,-121.42792510986328,38.478687286376953
9464209,2022,2023-03-27,3404,2022-10-27,1922,0375,5,4,5,7,3404,0,0,0,,0,05A,"MEADOWVIEW RD","HENRIETTA DR",87.00,E,N,A,-,N,,,,,,,,,,Y,1,1,2,2,A,-,11,21955,,N,G,B,D,A,H,-,C,D,0,Y,,,,Y,Y,N,60,0,2,0,1,0,0,0,0,0,"- ","- ",,,SACRAMENTO,SACRAMENTO,-121.49639892578125,38.481365203857422
9464211,2022,2023-03-24,3404,2022-11-20,1613,0375,2,7,5,7,3404,0,0,0,,0,02A,"DRY CREEK RD","MARYSVILLE BL",0.00,,Y,A,-,N,,,,,,,,,,Y,1,1,3,3,A,-,12,22450,A,N,D,C,A,A,H,-,A,A,0,,,,,Y,Y,A,01,0,2,1,0,0,0,0,0,0,"- ","- ",,,SACRAMENTO,SACRAMENTO,-121.43836975097656,38.651668548583984
9464473,2022,2022-10-04,3404,2022-06-26,1522,0332,3,7,5,7,3404,0,0,0,,0,03A,"3RD ST","R ST",0.00,,Y,A,-,N,,,,,,,,,,N,1,1,0,2,A,-,12,22450,A,N,D,G,A,A,H,-,A,A,0,,Y,,,Y,Y,L,04,0,0,0,0,0,1,0,0,0,"- ","- ",,,SACRAMENTO,SACRAMENTO,-121.50657653808594,38.574001312255859
94658412,2025,2025-04-22,9252,2025-04-13,2130,023215,,7,2,9,3400,0,3,5,,2,164,"SR-160 (RIVER RD)","FREEPORT BRIDGE",6864.00,S,N,A,-,Y,SAC,,160," "," ",32.818,H,,R,N,2,0,2,1,A,-,01,23152,A,N,E,I,A,A,H,-,D,D,0,,,,,Y,Y,A,01,1,0,1,0,0,0,0,0,0,"- ","- ",38.43865966796875,-121.50375366210938,SACRAMENTO,UNINCORPORATED,-121.50382995605469,38.438709259033203
94670747,2025,2025-04-30,9250,2025-04-12,1123,024361,,6,1,9,3400,0,3,5,,2,050,"WALNUT AVE N/B","LOCUST AVE",0.00,,Y,A,-,N,,,,,,,,,,Y,2,0,2,2,A,-,08,22107,,F,B,2,A,A,H,-,A,D,0,,,,,Y,,A,01,1,1,0,0,0,0,0,0,0,"- ","- ",38.642738342285156,-121.34590911865234,SACRAMENTO,UNINCORPORATED,-121.34597015380859,38.642734527587891
94708708,2025,2025-06-02,9250,2025-05-24,"18  ",023421,,6,3,9,3400,0,2,4,,1,011,"WATT AVE N/B","CENTER CT LANE",255.00,N,N,A,-,N,,,,,,,,,,N,2,0,2,1,A,-,08,22107,,N,E,8,A,A,H,-,C,D,0,,,,,Y,Y,A,01,1,1,0,0,0,0,0,0,0,"- ","- ",38.719779968261719,-121.39218902587891,SACRAMENTO,UNINCORPORATED,-121.39228057861328,38.719711303710938
94716060,2025,2025-06-06,9250,2025-05-29,1300,018542,,4,1,9,3400,0,2,4,,1,014,"ELKHORN BLVD","WATT AVE.",0.00,,Y,A,-,N,,,,,,,,,,N,2,0,2,2,A,-,09,21453,C,N,D,C,A,A,H,-,A,A,0,,,,,Y,,A,01,1,1,0,0,0,0,0,0,0,"- ","- ",38.690361022949219,-121.38288116455078,SACRAMENTO,UNINCORPORATED,-121.38258361816406,38.690109252929688
94721604,2025,2025-06-11,9250,2025-06-06,2115,022908,,5,2,9,3400,0,3,5,,2,060,"2ND ST NB","MONTICELLO AVE",34.00,S,N,A,-,N,,,,,,,,,,N,2,0,1,1,A,-,08,22107,,N,F,A,A,A,H,-,C,A,0,,Y,,,Y,,L,04,1,0,0,0,0,0,1,0,0,"- ","- ",38.684810638427734,-121.46150207519531,SACRAMENTO,UNINCORPORATED,-121.46150207519531,38.684837341308594
94778932,2025,2025-07-28,9252,2025-05-23,1810,023054,,5,2,9,3400,0,2,4,,1,071,"STOCKTON BLVD","17TH AVE",0.00,,Y,A,-,N,,,,,,,,,,Y,2,0,1,2,A,-,09,21801,A,F,D,2,A,A,H,-,A,D,0,,,,,Y,,A,01,1,0,0,0,0,0,0,0,0,"- ","- ",38.5372314453125,-121.44857025146484,SACRAMENTO,UNINCORPORATED,-121.44851684570312,38.537216186523438
94791910,2025,2025-08-06,9252,2025-05-13,"111 ",019323,,2,3,5,3450,0,1,1,,2,106,"I-5 S/B","ELK GROVE BOULEVARD",3696.00,N,N,C,-,Y,SAC,,5," "," ",11.541,H,,L,Y,1,1,0,2,A,-,11,21956,A,N,G,B,E,A,H,-,D,D,0,Y,,,,Y,Y,N,60,0,0,0,1,0,0,0,0,0,"- ","- ",38.419040679931641,-121.48606872558594,SACRAMENTO,"ELK GROVE",-121.48607635498047,38.419040679931641
9485931,2022,2022-09-22,3404,2022-08-31,0107,0508,3,3,5,7,3404,0,0,0,,0,03A,"RICHARDS BL","NORTH 10TH ST",0.00,,Y,A,-,N,,,,,,,,,,Y,2,0,2,1,A,-,01,23153,A,N,E,I,A,A,H,-,C,A,0,,,,,Y,Y,A,01,1,1,0,0,0,0,0,0,0,"- ","- ",,,SACRAMENTO,SACRAMENTO,-121.48706817626953,38.595077514648438
9511131,2022,2023-02-01,340H,2022-12-29,2127,10836,9006,4,5,5,3450,0,0,0,,0,096,"CENTER PKWY","BRUCEVILLE RD",415.00,W,N,C,-,N,,,,,,,,,,Y,2,0,1,2,A,-,11,21954,A,N,G,B,D,B,H,-,C,D,0,Y,,,,Y,,N,60,1,0,0,0,1,0,0,0,0,"- ","- ",38.437850952148438,-121.41944885253906,SACRAMENTO,"ELK GROVE",-121.41928863525391,38.437938690185547
9514970,2023,2024-02-13,3402,2023-08-11,1248,230,38,5,5,3,3402,0,0,0,,0,003,"WALNUT AV","PARK TERRACE DR",0.00,,Y,A,-,N,,,,,,,,,,Y,2,0,1,1,A,-,08,22107,,N,D,I,A,A,H,-,A,D,0,,,Y,,Y,,C,02,1,0,0,0,0,0,0,0,1,"- ","- ",38.282089233398438,-121.28608703613281,SACRAMENTO,GALT,-121.28617095947266,38.282093048095703
9520001,2022,2022-11-08,3404,2022-08-12,2157,0332,3,5,5,7,3404,0,0,0,,0,03A,"RAILYARDS BL","BERCUT DR",0.00,,Y,A,-,N,,,,,,,,,,Y,1,1,0,2,A,-,11,21950,B,N,G,B,B,A,H,-,C,A,0,Y,,,,Y,,N,60,0,0,0,1,0,0,0,0,0,"- ","- ",,,SACRAMENTO,SACRAMENTO,-121.50389099121094,38.589569091796875
9520367,2022,2023-02-07,340H,2022-11-23,0518,10140,4104,3,5,5,3450,0,0,0,,0,004,"WEST STOCKTON BL","WHITELOCK PKWY",1920.00,S,N,A,-,N,,,,,,,,,,N,1,1,0,2,A,-,11,21954,A,F,G,B,E,A,H,-,D,D,0,Y,,,,Y,,N,60,0,0,0,1,0,0,0,0,0,"- ","- ",,,SACRAMENTO,"ELK GROVE",-121.37586975097656,38.390060424804688
9520794,2022,2023-08-09,3400,2022-12-05,1720,782,RCPD,1,5,5,3490,0,0,0,,0,005,"FOLSOM BL","MERCANTILE DR",9.00,W,N,A,-,N,,,,,,,,,,N,1,1,0,2,A,-,11,21950,B,N,G,B,C,A,H,-,C,A,0,Y,,,,Y,,N,60,0,0,0,1,0,0,0,0,0,"- ","- ",38.612869262695312,-121.25499725341797,SACRAMENTO,"RANCHO CORDOVA",-121.25483703613281,38.612895965576172
9520890,2023,2025-06-25,3404,2023-03-18,1901,0332,6,6,5,7,3404,0,0,0,,0,06B,"STOCKTON BL","ROOSEVELT AV",4.00,N,N,B,-,N,,,,,,,,,,N,1,1,0,2,A,-,08,22107,,F,D,G,A,B,H,-,A,D,0,,Y,,,Y,Y,L,04,0,0,0,0,0,1,0,0,0,"- ","- ",,,SACRAMENTO,SACRAMENTO,-121.4466552734375,38.533699035644531
9536268,2022,2023-01-12,3404,2022-10-27,1802,0906,2,4,5,7,3404,0,0,0,,0,02B,"BOXWOOD ST","EL CAMINO AV",30.00,N,N,A,-,N,,,,,,,,,,N,2,0,1,2,A,-,11,21955,,N,G,B,D,A,H,-,A,A,0,Y,,,,Y,,N,60,1,0,0,0,1,0,0,0,0,"- ","- ",,,SACRAMENTO,SACRAMENTO,-121.44618225097656,38.611221313476562
9624104,2023,2023-10-25,340H,2023-08-28,"44  ",10075,4103,1,5,5,3450,0,0,0,,0,004,"BILBY RD","WILLARD PKWY",0.00,,Y,A,-,N,,,,,,,,,,Y,1,1,0,1,A,-,00,23103,A,N,E,I,A,A,H,-,C,A,0,,,,,Y,,A,01,0,0,0,0,0,0,0,0,0,"- ","- ",38.378730773925781,-121.44674682617188,SACRAMENTO,"ELK GROVE",-121.44738006591797,38.379619598388672
9640293,2023,2025-06-24,3404,2023-06-17,2122,0356,6,6,5,7,3404,0,0,0,,0,06D,"FOLSOM BL","ELVAS AV",78.00,E,N,A,-,N,,,,,,,,,,Y,1,1,0,3,A,-,09,21804,A,F,D,G,A,A,H,-,C,D,0,,Y,,,Y,,L,04,0,0,0,0,0,1,0,0,0,"- ","- ",,,SACRAMENTO,SACRAMENTO,-121.42401885986328,38.553073883056641
9640344,2023,2024-04-02,3404,2023-10-16,"920 ",0557,5,1,5,7,3404,0,0,0,,0,05B,"VALLEY HI DR","GOLDEN FIELD WY",0.00,,Y,A,-,N,,,,,,,,,,N,1,1,0,2,A,-,08,22107,,N,D,G,A,A,H,-,A,D,0,,Y,,,Y,,L,04,0,0,0,0,0,1,0,0,0,"- ","- ",,,SACRAMENTO,SACRAMENTO,-121.43392181396484,38.463733673095703
9640390,2023,2025-06-26,3404,2023-12-23,"214 ",0557,6,6,5,7,3404,0,0,0,,0,06B,"15TH AV","60TH ST E",52.00,W,N,A,-,N,,,,,,,,,,N,1,1,0,2,A,-,11,21954,A,F,G,B,E,A,H,-,C,D,0,Y,,,,Y,Y,N,60,0,0,0,1,0,0,0,0,0,"- ","- ",,,SACRAMENTO,SACRAMENTO,-121.43533325195312,38.538501739501953
9640953,2024,2024-10-04,3404,2024-06-17,1456,0362,,1,5,7,3404,0,0,0,,0,,"E STOCKTON BL","RT 99 STOCKTON BL",120.00,N,N,A,-,N,,,,,,,,,,N,1,1,0,2,A,-,11,21954,A,N,G,B,D,A,H,-,A,A,0,Y,,,,Y,Y,N,60,0,0,0,1,0,0,0,0,0,"- ",NF,,,SACRAMENTO,SACRAMENTO,-121.41719055175781,38.470485687255859
9688160,2024,2024-05-07,340H,2024-03-17,1102,10718,2104,7,5,5,3450,0,0,0,,0,002,"LAGUNA BL","BIG HORN BL",0.00,,Y,A,-,N,,,,,,,,,,Y,2,0,1,3,A,-,12,21453,A,N,A,C,A,A,H,-,A,A,0,,,Y,,Y,,C,02,1,0,0,0,0,0,0,0,1,"- ","- ",38.421871185302734,-121.40627288818359,SACRAMENTO,"ELK GROVE",-121.40638732910156,38.421657562255859
9718471,2024,2024-09-04,3402,2024-05-31,1826,266,29,5,5,3,3402,0,0,0,,0,000,"WEST STOCKTON BL","TWIN CITIES",0.00,,Y,A,-,N,,,,,,,,,,Y,2,0,4,2,A,-,08,22107,,N,A,C,A,A,H,-,A,D,0,,,,,Y,Y,A,01,4,0,0,0,0,0,0,0,0,"- ","- ",38.295391082763672,-121.24495697021484,SACRAMENTO,GALT,-121.31302642822266,38.290985107421875
9751293,2024,2024-12-31,3404,2024-06-10,2323,0592,2,1,5,7,3404,0,0,0,,0,02C,"ARDEN WY","HERITAGE LN",0.00,,Y,A,-,N,,,,,,,,,,Y,1,1,0,2,A,-,11,21954,A,N,G,B,D,A,H,-,C,A,0,Y,,,,Y,,N,60,0,0,0,1,0,0,0,0,0,"- ","- ",,,SACRAMENTO,SACRAMENTO,-121.42870330810547,38.600254058837891
9751328,2024,2025-01-22,3404,2024-02-26,1835,656,1,1,5,7,3404,0,0,0,,0,01A,"SAN JUAN RD","AIRPORT RD",0.00,,Y,A,-,N,,,,,,,,,,Y,1,1,0,2,A,-,11,21954,A,N,G,B,D,A,H,-,C,D,0,Y,,,,Y,,N,60,0,0,0,1,0,0,0,0,0,"- ","- ",,,SACRAMENTO,SACRAMENTO,-121.51483917236328,38.627803802490234
9786269,2024,2025-06-18,3404,2024-09-29,"437 ",0557,2,7,5,7,3404,0,0,0,,0,02A,"AUBURN BL","RT 80/CA-244",0.00,,Y,A,-,Y,SAC,3,244,-,T,1.077,I,5,E,Y,1,1,1,1,A,-,08,22107,,N,E,I,A,A,H,-,C,A,0,,,,,Y,Y,A,01,0,1,0,0,0,0,0,0,0,"- ","- ",,,SACRAMENTO,SACRAMENTO,-121.36524963378906,38.643714904785156
6290499,2014,2014-05-19,3404,2014-03-24,1358,647,,1,5,7,3404,0,0,0,,0,05C,"MACK RD","CENTER PKWY",0.00,,Y,A,-,N,,,,,,,,,,Y,1,1,1,2,A,-,12,21453,A,N,H,G,A,A,H,-,A,A,0,,Y,,,Y,,L,04,0,0,1,0,0,1,0,0,0,"- ","- ",,,SACRAMENTO,SACRAMENTO,-121.43699997,38.474319919999999
6290686,2014,2014-12-18,3404,2014-05-23,0238,0647,,5,5,7,3404,0,0,0,,0,01A,"SAN JUAN RD","JABBOUR WY",366.00,E,N,A,-,N,,,,,,,,,,Y,1,1,0,1,A,-,01,23152,A,N,E,I,A,A,H,-,C,D,0,,,,,Y,Y,A,01,0,0,0,0,0,0,0,0,0,"- ","- ",,,SACRAMENTO,SACRAMENTO,-121.53583866,38.627325579999997
6291182,2014,2015-12-24,3401,2014-07-20,0120,222,3,7,5,5,3401,0,0,0,,0,003,"GOLF LINKS DR","E NATOMA ST",244.00,S,N,A,-,N,,,,,,,,,,Y,1,1,0,1,A,-,03,22350,,N,E,I,A,A,H,-,C,A,0,,,,,Y,Y,A,01,0,0,0,0,0,0,0,0,0,"- ","- ",38.676670000000001,-121.10986,SACRAMENTO,FOLSOM,-121.1098159,38.676591279999997
6291255,2014,2016-01-13,9250,2014-08-03,2130,17397,,7,2,9,3400,0,2,4,,1,052,"MARCONI AV","MISSION AV",589.00,W,N,A,-,N,,,,,,,,,,Y,1,1,0,2,A,-,11,21954,A,N,G,B,D,A,H,-,D,D,0,Y,,,,Y,Y,N,60,0,0,0,1,0,0,0,0,0,"- ","- ",,,SACRAMENTO,UNINCORPORATED,-121.35730124,38.617505280000003
6291508,2014,2014-10-30,3404,2014-09-12,0736,424,,5,5,7,3404,0,0,0,,0,03A,"10TH ST","U ST",9.00,S,N,A,-,N,,,,,,,,,,N,1,1,0,2,A,-,10,21950,A,N,G,B,B,A,H,-,A,D,0,Y,,,,Y,,A,,0,0,0,1,0,0,0,0,0,"- ","- ",,,SACRAMENTO,SACRAMENTO,-121.49871963,38.568166470000001
6291839,2014,2015-01-20,9250,2014-10-20,0545,12813,,1,3,7,3404,0,1,3,,1,193,"RT 99","ELVERTA RD",4215.00,N,N,A,-,Y,SAC,3,99,-,-,36.170,H,-,S,Y,1,1,1,2,A,-,05,21651,A,N,C,C,A,A,H,-,D,D,0,,,,,Y,,A,01,0,0,1,0,0,0,0,0,0,"- ","- ",,,SACRAMENTO,SACRAMENTO,-121.54057176000001,38.726114099999997
6291913,2014,2015-02-06,9252,2014-11-11,0040,018730,,2,3,9,3400,0,3,5,,2,090,"RIVER RD","TWIN CITIES RD",2904.00,N,N,A,-,N,,,,,,,,,,N,1,1,0,2,A,-,11,21956,A,N,G,B,E,A,H,-,D,D,0,Y,,,,Y,Y,N,60,0,0,0,1,0,0,0,0,0,"- ","- ",38.28304,-121.5497,SACRAMENTO,UNINCORPORATED,-121.53516713,38.271997800000001
6292144,2015,2015-05-13,3401,2015-02-26,2030,222,,4,5,5,3401,0,0,0,,0,005,"PRAIRIE CITY RD","RT 50",3590.00,S,N,A,-,N,,,,,,,,,,Y,1,1,0,1,A,-,08,22107,,N,E,I,A,A,H,-,D,-,0,,,,,Y,,A,01,0,0,0,0,0,0,0,0,0,"- ","- ",,,SACRAMENTO,FOLSOM,-121.15092672,38.633780039999998
6292382,2015,2015-07-13,9250,2015-03-15,0948,17849,,7,1,9,3400,0,3,5,,2,050,"WALNUT AV","MARCONI AV",461.00,S,N,A,-,N,,,,,,,,,,Y,1,2,0,1,A,-,01,23152,F,N,E,I,A,A,H,-,A,D,0,,,,,Y,Y,A,01,0,0,0,0,0,0,0,0,0,"- ","- ",38.615810000000003,-121.34593,SACRAMENTO,UNINCORPORATED,-121.34600238,38.616084030000003
6292457,2015,2015-08-05,9250,2015-06-21,1620,16731,,7,2,9,3400,0,2,4,,1,015,"ROSEVILLE RD","STATIONERS WY",99.00,N,N,A,-,N,,,,,,,,,,Y,1,1,1,2,A,-,09,21801,A,N,D,C,A,A,H,-,A,D,0,,,,,Y,,A,08,0,1,0,0,0,0,0,0,0,"- ","- ",38.697400000000002,-121.3365,SACRAMENTO,UNINCORPORATED,-121.33640617,38.697546529999997
6292968,2017,2019-04-05,3496,2017-01-26,1239,328,,4,5,5,3496,0,0,0,,0,,"GREENBACK LN","ARCADIA DR",528.00,W,N,A,-,N,,,,,,,,,,Y,1,1,0,3,A,-,09,21804,A,N,D,C,A,A,H,-,A,A,0,,,,,Y,Y,A,01,0,0,0,0,0,0,0,0,0,"- ","- ",,,SACRAMENTO,"CITRUS HEIGHTS",-121.26896933,38.678531550000002
6362664,2014,2014-06-10,3404,2014-01-27,1508,4083,2,1,5,7,3404,0,0,0,,0,00C,"MARCONI CIR","MARCONI AV",0.00,,Y,A,-,N,,,,,,,,,,N,2,0,1,2,A,-,10,21950,A,N,G,B,B,A,H,-,A,A,0,Y,,,,Y,,D,22,1,0,0,0,1,0,0,0,0,"- ","- ",,,SACRAMENTO,SACRAMENTO,-121.42112,38.620809999999999