CASE_ID,ACCIDENT_YEAR,PROC_DATE,JURIS,COLLISION_DATE,COLLISION_TIME,OFFICER_ID,REPORTING_DISTRICT,DAY_OF_WEEK,CHP_SHIFT,POPULATION,CNTY_CITY_LOC,SPECIAL_COND,BEAT_TYPE,CHP_BEAT_TYPE,CITY_DIVISION_LAPD,CHP_BEAT_CLASS,BEAT_NUMBER,PRIMARY_RD,SECONDARY_RD,DISTANCE,DIRECTION,INTERSECTION,WEATHER_1,WEATHER_2,STATE_HWY_IND,CALTRANS_COUNTY,CALTRANS_DISTRICT,STATE_ROUTE,ROUTE_SUFFIX,POSTMILE_PREFIX,POSTMILE,LOCATION_TYPE,RAMP_INTERSECTION,SIDE_OF_HWY,TOW_AWAY,COLLISION_SEVERITY,NUMBER_KILLED,NUMBER_INJURED,PARTY_COUNT,PRIMARY_COLL_FACTOR,PCF_CODE_OF_VIOL,PCF_VIOL_CATEGORY,PCF_VIOLATION,PCF_VIOL_SUBSECTION,HIT_AND_RUN,TYPE_OF_COLLISION,MVIW,PED_ACTION,ROAD_SURFACE,ROAD_COND_1,ROAD_COND_2,LIGHTING,CONTROL_DEVICE,CHP_ROAD_TYPE,PEDESTRIAN_ACCIDENT,BICYCLE_ACCIDENT,MOTORCYCLE_ACCIDENT,TRUCK_ACCIDENT,NOT_PRIVATE_PROPERTY,ALCOHOL_INVOLVED,STWD_VEHTYPE_AT_FAULT,CHP_VEHTYPE_AT_FAULT,COUNT_SEVERE_INJ,COUNT_VISIBLE_INJ,COUNT_COMPLAINT_PAIN,COUNT_PED_KILLED,COUNT_PED_INJURED,COUNT_BICYCLIST_KILLED,COUNT_BICYCLIST_INJURED,COUNT_MC_KILLED,COUNT_MC_INJURED,PRIMARY_RAMP,SECONDARY_RAMP,LATITUDE,LONGITUDE,COUNTY,CITY,POINT_X,POINT_Y
6366314,2014,2014-06-12,3404,2014-02-07,1843,433,,5,5,7,3404,0,0,0,,0,,"25TH ST","R ST",0.00,,Y,C,-,N,,,,,,,,,,N,2,0,1,2,A,-,11,21954,A,N,G,B,E,B,H,-,C,D,0,Y,,,,Y,,N,60,1,0,0,0,1,0,0,0,0,"- ","- ",,,SACRAMENTO,SACRAMENTO,-121.47706997,38.566079969999997
6370174,2014,2015-11-14,3404,2014-01-20,0227,597,,1,5,7,3404,0,0,0,,0,,"NORWOOD BL","RT 80",10.00,S,N,A,-,Y,SAC,3,80,-,M,5.952,R,4,E,Y,2,0,1,1,A,-,01,23152,A,N,E,I,A,A,H,-,C,A,0,,,,,Y,,A,01,1,0,0,0,0,0,0,0,0,"- ",EO,,,SACRAMENTO,SACRAMENTO,-121.45994972,38.641360689999999
6381806,2014,2014-06-16,9252,2014-02-14,0244,016616,,5,3,7,3404,0,1,3,,2,192,"RT 99","MARTIN LUTHER KING JR BL",1320.00,S,N,A,-,Y,,,,,,,,,,Y,2,0,1,1,A,-,01,23152,A,N,E,I,A,A,H,-,C,D,0,,,,,Y,Y,A,01,1,0,0,0,0,0,0,0,0,"- ","- ",38.310679999999998,-121.27836000000001,SACRAMENTO,SACRAMENTO,-121.46331685,38.516486729999997
6381981,2014,2014-06-14,340H,2014-02-13,1553,10541,4301,4,5,5,3450,0,0,0,,0,004,"BILBY RD","WILLARD PKWY",0.00,,Y,A,-,N,,,,,,,,,,Y,2,0,1,2,A,-,12,21453,A,N,D,C,A,A,H,-,A,A,0,,,Y,,Y,,C,02,1,0,0,0,0,0,0,0,1,"- ","- ",,,SACRAMENTO,"ELK GROVE",-121.44737993,38.379619949999999
6384661,2014,2014-07-01,9252,2014-02-14,1445,018723,,5,2,9,3400,0,1,3,,2,192,"RT 99","47TH AV",1056.00,N,N,A,-,Y,,,99,,,,,,,Y,2,0,2,2,A,-,03,22350,,N,A,C,A,A,H,-,A,D,0,,,,,Y,,A,01,1,1,0,0,0,0,0,0,0,"- ","- ",38.513350000000003,-121.46138999999999,SACRAMENTO,UNINCORPORATED,-121.46136632,38.51336276
6387929,2014,2016-01-27,9260,2014-02-13,0826,012718,,4,1,5,3490,0,1,2,,2,501,"RT 50","MATHER FIELD RD",756.00,E,N,B,-,Y,SAC,3,50,-,R,9.650,H,-,W,Y,2,0,1,2,A,-,04,21703,,N,C,C,A,A,H,-,A,D,1,,,,,Y,,A,07,1,0,0,0,0,0,0,0,0,"- ","- ",,,SACRAMENTO,"RANCHO CORDOVA",-121.30602605999999,38.579795349999998
6388736,2014,2014-06-05,9250,2014-01-12,0930,17129,,7,1,9,3400,0,2,4,,1,015,"ROSEVILLE RD","BUTTERNUT DR",26.00,N,N,A,-,N,,,,,,,,,,Y,2,0,3,2,A,-,05,21460,C,N,A,C,A,A,H,-,A,D,0,,,,,Y,,A,01,3,0,0,0,0,0,0,0,0,"- ","- ",,,SACRAMENTO,UNINCORPORATED,-121.31384423999999,38.718419679999997
6388861,2014,2016-02-26,9250,2014-01-10,1000,017129,,5,1,7,3404,0,1,1,,2,106,"RT 5","5 SAC 25.50",1056.00,N,N,A,-,Y,SAC,3,5,-,-,25.560,H,-,S,Y,2,0,1,1,A,-,08,22107,,N,E,I,A,A,H,-,A,D,1,,,,,Y,,A,01,1,0,0,0,0,0,0,0,0,"- ","- ",,,SACRAMENTO,SACRAMENTO,-121.50961051,38.609208000000002
6389366,2014,2016-01-27,9260,2014-02-18,1812,13560,,2,2,5,3490,0,1,2,,2,501,"RT 50","MATHER FIELD RD",762.00,S,N,A,-,Y,SAC,3,50,-,R,9.629,R,3,E,N,2,0,1,2,A,-,11,21950,B,N,G,B,C,A,H,-,E,D,1,Y,,,,Y,Y,N,60,1,0,0,0,1,0,0,0,0,FR,"- ",38,-121,SACRAMENTO,"RANCHO CORDOVA",-121.30586700000001,38.576777
6405696,2014,2014-06-06,9250,2014-01-25,2300,018785,,6,3,9,3400,0,2,4,,1,045,"ROBERTSON AV","WATT AV",0.00,,Y,A,-,N,,,,,,,,,,Y,2,0,2,2,A,-,09,21802,A,F,D,C,A,A,H,-,C,A,0,,,,,Y,Y,A,01,1,0,1,0,0,0,0,0,0,"- ","- ",38.621630000000003,-121.38316,SACRAMENTO,UNINCORPORATED,-121.38307987,38.62142995
6405708,2014,2014-06-05,9250,2014-01-31,1010,017762,,5,1,9,3400,0,3,5,,2,010,"GILMAN WY","CORNELIA WY",230.00,S,N,A,-,N,,,,,,,,,,N,2,0,1,2,A,-,08,22107,,F,H,G,A,A,H,-,A,D,0,,Y,,,Y,,-,99,1,0,0,0,0,0,1,0,0,"- ","- ",,,SACRAMENTO,UNINCORPORATED,-121.36446991,38.677377559999996
6409679,2014,2014-06-09,9250,2014-02-09,0149,18785,,7,3,9,3400,0,2,4,,1,049,"ALTA ARDEN EXPWY","WRIGHT ST",24.00,E,N,B,C,N,,,,,,,,,,Y,2,0,1,1,A,-,01,23152,A,N,A,I,A,B,H,-,C,D,0,,,,,Y,Y,A,07,1,0,0,0,0,0,0,0,0,"- ","- ",,,SACRAMENTO,UNINCORPORATED,-121.40604608,38.59825738
6416992,2014,2016-01-27,9260,2014-03-22,2334,015944,,6,3,5,3401,0,1,2,,2,502,"RT 50","FOLSOM BL",240.00,W,N,A,-,Y,SAC,3,50,-,-,16.820,H,-,W,Y,2,0,1,1,A,-,01,23152,A,N,E,I,A,A,H,-,C,D,1,,,,,Y,Y,A,07,1,0,0,0,0,0,0,0,0,"- ","- ",,,SACRAMENTO,FOLSOM,-121.20020465,38.639492799999999
6426600,2014,2015-11-14,3496,2014-03-02,1419,145,,7,5,5,3496,0,0,0,,0,001,"RT 80","LICHEN RD",625.00,E,N,A,B,Y,SAC,3,80,-,-,16.863,R,1,W,N,2,0,1,2,A,-,10,21950,A,N,G,B,B,A,H,-,A,A,0,Y,,,,Y,,A,07,1,0,0,0,1,0,0,0,0,WF,"- ",,,SACRAMENTO,"CITRUS HEIGHTS",-121.311099,38.707545000000003
6432826,2014,2014-06-27,9252,2014-03-01,0305,018548,,6,3,9,3400,0,3,5,,2,070,"POWER INN RD","ORCHARD WOODS CIR",300.00,N,N,B,-,N,,,,,,,,,,Y,2,0,1,1,A,-,01,23152,A,M,E,I,A,B,H,-,C,D,0,,,,,Y,Y,A,01,1,0,0,0,0,0,0,0,0,"- ","- ",38.479590000000002,-121.40866,SACRAMENTO,UNINCORPORATED,-121.40876949,38.479928000000001
6445918,2014,2014-06-27,9250,2014-02-15,1800,17383,,6,2,9,3400,0,2,4,,1,053,"FAIR OAKS BL","CYRUS LN",307.00,E,N,C,-,N,,,,,,,,,,N,2,0,1,1,D,-,00,,,N,H,G,A,B,H,-,D,D,0,,Y,,,Y,,-,"- ",1,0,0,0,0,0,1,0,0,"- ","- ",,,SACRAMENTO,UNINCORPORATED,-121.30565555,38.636496860000001
6449347,2014,2014-07-09,9250,2014-03-20,2020,17752,,4,2,9,3400,0,2,4,,1,053,"FAIR OAKS BL","ANGELINA AV",40.00,S,N,A,-,N,,,,,,,,,,Y,2,0,1,2,A,-,01,23152,A,N,C,C,A,A,H,-,C,A,0,,,Y,,Y,Y,C,02,1,0,0,0,0,0,0,0,1,"- ","- ",,,SACRAMENTO,UNINCORPORATED,-121.32847228999999,38.622120170000002
6449429,2014,2014-07-14,9250,2014-03-21,2345,18785,,5,3,9,3400,0,3,5,,2,090,"GARDEN HWY","POWER LINE RD",462.00,E,N,A,-,N,,,,,,,,,,Y,2,0,1,1,A,-,01,23152,A,N,E,I,A,A,H,-,C,D,0,,,,,Y,Y,A,01,1,0,0,0,0,0,0,0,0,"- ","- ",,,SACRAMENTO,UNINCORPORATED,-121.57496632,38.650353269999997
6455071,2014,2015-11-20,9252,2014-04-06,0640,18073,,7,1,9,3400,0,1,3,,2,192,"RT 99","47TH AV",424.00,S,N,A,-,Y,SAC,3,99,-,-,20.830,H,-,S,Y,2,0,1,1,A,-,08,22107,,N,F,A,A,A,H,-,A,D,1,,,,,Y,,A,01,1,0,0,0,0,0,0,0,0,TO,"- ",38.509270000000001,-121.45981999999999,SACRAMENTO,UNINCORPORATED,-121.4599216,38.510026740000001
6482703,2014,2014-07-22,9250,2014-04-06,2315,12773,,7,3,9,3400,0,2,4,,1,011,"WATT AV","MYRTLE AV",125.00,N,N,A,-,N,,,,,,,,,,N,2,0,1,2,A,-,11,21954,A,N,G,B,D,A,H,-,C,D,0,Y,,,,Y,Y,N,60,1,0,0,0,1,0,0,0,0,"- ","- ",,,SACRAMENTO,UNINCORPORATED,-121.38301,38.654463270000001
6488621,2014,2014-07-23,3404,2014-05-08,2127,345,,4,5,7,3404,0,0,0,,0,06D,"FOLSOM BL","HORNET DR",0.00,,Y,C,-,N,,,,,,,,,,Y,2,0,1,2,A,-,12,21453,A,N,D,G,A,B,H,-,C,A,0,,Y,,,Y,,L,04,1,0,0,0,0,0,1,0,0,"- ","- ",,,SACRAMENTO,SACRAMENTO,-121.41243996,38.550279979999999
6491509,2014,2014-07-29,3404,2014-05-11,2151,0627,2,7,5,7,3404,0,0,0,,0,02B,"ALTOS AV","FAIRFIELD ST",0.00,,Y,-,-,N,,,,,,,,,,N,2,0,1,2,A,-,09,21802,A,N,E,G,A,-,-,-,-,A,0,,Y,,,Y,,L,04,1,0,0,0,0,0,1,0,0,"- ","- ",,,SACRAMENTO,SACRAMENTO,-121.4522899,38.614299950000003
6505482,2014,2014-07-31,9250,2014-05-07,1235,16290,,3,1,9,3400,0,2,4,,1,026,"WINDING WY","WALNUT AV",480.00,W,N,A,-,N,,,,,,,,,,Y,2,0,1,2,A,-,08,22107,,N,A,C,A,A,H,-,A,D,0,,,Y,,Y,,C,02,1,0,0,0,0,0,0,0,1,"- ","- ",38.645139999999998,-121.34751,SACRAMENTO,UNINCORPORATED,-121.34752383,38.645096520000003
6505624,2014,2016-03-23,9250,2014-05-03,0710,016419,,6,1,9,3400,0,1,1,,2,184,"RT 80","MADISON AV",528.00,W,N,A,-,Y,SAC,3,80,-,-,12.454,R,2,E,Y,2,0,3,1,A,-,08,22107,,N,E,I,A,A,H,-,A,D,1,,,,,Y,,A,07,1,1,1,0,0,0,0,0,0,TO,"- ",,,SACRAMENTO,UNINCORPORATED,-121.36012949000001,38.660747209999997
6505676,2014,2014-07-30,9250,2014-05-10,1843,015342,,6,2,9,3400,0,2,4,,1,041,"HOWE AV","BLUE BIRD LN",20.00,N,N,A,-,N,,,,,,,,,,N,2,0,1,2,A,-,01,23152,A,F,G,B,E,A,H,-,A,D,0,Y,,,,Y,Y,A,01,1,0,0,0,1,0,0,0,0,"- ","- ",38.613169999999997,-121.41540999999999,SACRAMENTO,UNINCORPORATED,-121.41535,38.614694919999998
6506242,2014,2014-07-18,9250,2014-04-23,0925,013466,,3,1,9,3400,0,2,4,,1,056,"ARDEN WY","HOUSE WORKS DR",5.00,W,N,A,-,N,,,,,,,,,,N,2,0,1,2,A,-,10,21950,A,N,G,B,B,A,H,-,A,A,0,Y,,,,Y,,A,07,1,0,0,0,1,0,0,0,0,"- ","- ",,,SACRAMENTO,UNINCORPORATED,-121.33991716,38.595082689999998
6506278,2014,2014-07-18,9250,2014-04-26,1120,017129,,6,1,9,3400,0,3,5,,2,090,"GARDEN HWY","SAN JUAN RD",3696.00,N,N,B,-,N,,,,,,,,,,N,2,0,1,1,A,-,03,22350,,N,H,J,A,A,H,-,A,D,0,,Y,,,Y,,L,04,1,0,0,0,0,0,1,0,0,"- ","- ",,,SACRAMENTO,UNINCORPORATED,-121.56191585000001,38.637335700000001
6523782,2014,2014-07-22,3404,2014-04-16,0106,639,,3,5,7,3404,0,0,0,,0,,"W ELKHORN BL","E COMMERCE WY",0.00,,Y,A,-,N,,,,,,,,,,Y,2,0,1,1,A,-,03,22350,,N,A,I,A,A,H,-,C,A,0,,,,,Y,,A,01,1,0,0,0,0,0,0,0,0,"- ","- ",,,SACRAMENTO,SACRAMENTO,-121.53135,38.685499880000002
6524892,2014,2014-08-05,9252,2014-05-06,2326,013890,,2,3,9,3400,0,3,5,,2,070,"VISTA WY","42ND AV",0.00,,Y,A,-,N,,,,,,,,,,Y,2,0,1,1,A,-,01,23152,A,N,E,I,A,A,H,-,D,D,0,,,,,Y,Y,A,01,1,0,0,0,0,0,0,0,0,"- ","- ",38.515099999999997,-121.4503,SACRAMENTO,UNINCORPORATED,-121.45003989,38.515079950000001
6535824,2014,2014-07-25,9250,2014-05-30,0430,18735,,5,3,9,3400,0,3,5,,2,060,"RIO LINDA BL","DELANO ST",4.00,N,N,A,-,N,,,,,,,,,,Y,2,0,1,1,A,-,01,23152,A,N,E,I,A,A,H,-,C,D,0,,,,,Y,Y,A,01,1,0,0,0,0,0,0,0,0,"- ","- ",,,SACRAMENTO,UNINCORPORATED,-121.46080915,38.710018320000003
6535836,2014,2014-07-25,9250,2014-05-11,1720,17682,,7,2,7,3404,0,3,5,,2,090,"GARDEN HWY","POWER LINE RD",5300.00,W,N,A,-,N,,,,,,,,,,Y,2,0,2,1,A,-,"- ",,,N,E,I,A,A,H,-,A,D,0,,,Y,,Y,Y,C,02,1,0,1,0,0,0,0,0,2,"- ","- ",,,SACRAMENTO,SACRAMENTO,-121.59270112,38.644856189999999
6537361,2014,2014-07-28,9250,2014-05-23,2210,12773,,5,3,9,3400,0,3,5,,2,050,"WALNUT AV","MARCONI AV",25.00,N,N,A,-,N,,,,,,,,,,Y,2,0,1,2,A,-,11,21954,A,N,G,B,D,A,H,-,C,D,0,Y,,,,Y,,N,60,1,0,0,0,1,0,0,0,0,"- ","- ",,,SACRAMENTO,UNINCORPORATED,-121.346,38.617418649999998
6541620,2014,2014-09-03,3496,2014-07-16,0030,303,3496,3,5,5,3496,0,0,0,,0,002,"OLD AUBURN RD","GLEN TREE DR",0.00,,Y,A,-,N,,,,,,,,,,N,2,0,1,2,A,-,07,21658,A,F,G,B,F,A,H,-,C,A,0,Y,,,,Y,,-,,1,0,0,0,1,0,0,0,0,"- ","- ",,,SACRAMENTO,"CITRUS HEIGHTS",-121.26638998,38.706419940000004
6541624,2014,2014-09-03,3496,2014-07-20,1953,255,,7,5,5,3496,0,0,0,,0,,"GREENBACK LN",BREMEN,36.00,W,N,C,-,N,,,,,,,,,,N,2,0,1,2,A,-,03,22350,,N,C,C,A,B,H,-,B,A,0,,,,,Y,,A,01,1,0,0,0,0,0,0,0,0,"- ","- ",,,SACRAMENTO,"CITRUS HEIGHTS",-121.31661612000001,38.678159999999998
6549169,2014,2014-08-14,3402,2014-06-03,1647,123,40,2,5,3,3402,0,0,0,,0,002,"CHABOLLA AV","CAROLINE AV",322.00,S,N,A,-,N,,,,,,,,,,N,2,0,1,2,A,-,11,21954,A,N,G,B,D,A,H,-,A,D,0,Y,,,,Y,,N,60,1,0,0,0,1,0,0,0,0,"- ","- ",38.257010000000001,-121.29655,SACRAMENTO,GALT,-121.2979414,38.250815760000002
6563683,2014,2014-09-03,3404,2014-07-17,2050,018705,,4,5,7,3404,0,0,0,,0,304,"MADISON AV","ILLINOIS AV",25.00,W,N,A,-,N,,,,,,,,,,N,2,0,1,2,A,-,11,21456,B,N,G,B,B,A,H,-,C,A,0,Y,,,Y,Y,,N,60,1,0,0,0,1,0,0,0,0,"- ","- ",,,SACRAMENTO,SACRAMENTO,-121.23511752,38.664092060000002
6568057,2014,2014-08-25,9250,2014-07-04,0220,17734,,5,3,9,3400,0,3,5,,2,010,"ANTELOPE RD","ROSEVILLE RD",525.00,E,N,A,-,N,,,,,,,,,,Y,2,0,1,1,A,-,08,22107,,N,E,I,A,A,H,-,C,D,0,,,Y,,Y,,C,02,1,0,0,0,0,0,0,0,1,"- ","- ",,,SACRAMENTO,UNINCORPORATED,-121.33002696,38.702856750000002
6568554,2014,2014-08-05,9250,2014-06-21,2114,16752,,6,2,9,3400,0,3,5,,2,020,"NORTHBROOK WY","DEWEY DR",7.00,W,N,A,-,N,,,,,,,,,,N,2,0,1,2,A,-,10,21950,A,N,G,B,B,A,H,-,D,D,0,Y,,,,Y,,A,01,1,0,0,0,1,0,0,0,0,"- ","- ",38.668999999999997,-121.30882,SACRAMENTO,UNINCORPORATED,-121.30867436,38.669002210000002
6568990,2014,2016-05-03,9252,2014-07-17,0106,18423,,4,3,7,3404,0,1,1,,2,108,"RT 5","RICHARDS BL",2640.00,S,N,A,-,Y,SAC,3,5,-,-,24.150,H,-,N,Y,2,0,3,2,A,-,01,23152,A,N,C,C,A,A,D,-,C,D,1,,,,,Y,Y,A,01,1,1,1,0,0,0,0,0,0,"- ","- ",38.58961,-121.50433,SACRAMENTO,SACRAMENTO,-121.50425771,38.589551139999998
6573652,2014,2014-08-28,3404,2014-07-26,1729,227,4,6,5,7,3404,0,0,0,,0,00C,"MC ALLISTER AV","BELLEAU WOOD LN",300.00,E,N,A,-,N,,,,,,,,,,N,2,0,1,1,A,-,03,22350,,N,H,I,A,A,H,-,A,D,0,,,Y,,Y,,C,02,1,0,0,0,0,0,0,0,1,"- ","- ",,,SACRAMENTO,SACRAMENTO,-121.50364137,38.514515850000002
6583213,2014,2014-09-03,9250,2014-07-06,2025,017752,,7,2,9,3400,0,2,4,,1,044,"EL CAMINO AV","BELL ST",0.00,,Y,A,-,N,,,,,,,,,,Y,2,0,1,2,A,-,12,21453,A,N,D,C,A,A,H,-,B,A,0,,,,,Y,,D,23,1,0,0,0,0,0,0,0,0,"- ","- ",,,SACRAMENTO,UNINCORPORATED,-121.41085999000001,38.610439960000001
6583289,2014,2014-08-18,9250,2014-07-17,2250,14532,,4,3,7,3404,0,2,4,,1,046,"ARDEN WY","LA SIERRA DR",0.00,,Y,A,-,N,,,,,,,,,,Y,2,0,1,2,A,-,12,21453,A,F,A,D,A,A,H,-,C,A,0,,,,,Y,Y,A,01,1,0,0,0,0,0,0,0,0,"- ","- ",,,SACRAMENTO,SACRAMENTO,-121.37324993,38.595689900000004
6583333,2014,2014-08-18,9250,2014-07-19,1600,17482,,6,2,9,3400,0,3,5,,2,060,"28TH ST","ELKHORN BL",75.00,N,N,A,-,N,,,,,,,,,,N,2,0,2,2,A,-,03,22350,,N,C,C,A,A,H,-,A,D,0,,,,,Y,,A,01,1,0,1,0,0,0,0,0,0,"- ","- ",,,SACRAMENTO,UNINCORPORATED,-121.40133972,38.69076596
6591088,2014,2014-09-03,3404,2014-08-12,2102,8178,,2,5,7,3404,0,0,0,,0,02A,"ALTOS AV","HARRIS AV",0.00,,Y,A,-,N,,,,,,,,,,Y,2,0,1,2,A,-,03,22350,,F,D,G,A,A,H,-,D,A,0,,Y,Y,,Y,,L,04,1,0,0,0,0,0,1,0,0,"- ","- ",,,SACRAMENTO,SACRAMENTO,-121.44788991,38.638529939999998
6595109,2014,2015-05-12,3404,2014-08-04,1324,402,6,1,5,7,3404,0,0,0,,0,00B,"STOCKTON BL","JANSEN DR",0.00,,Y,B,-,N,,,,,,,,,,Y,2,0,4,2,A,-,"- ",,,N,D,C,A,B,H,-,A,A,0,,,,,Y,,A,08,1,1,2,0,0,0,0,0,0,"- ","- ",,,SACRAMENTO,SACRAMENTO,-121.44099993,38.521459880000002
6604615,2014,2016-05-06,9252,2014-08-23,1850,018782,,6,2,9,3400,0,1,3,,2,162,"RT 160","RT 12",10.00,S,N,A,-,Y,SAC,3,160,-,L,10.770,H,-,N,Y,2,0,1,2,A,-,01,23152,A,N,D,C,A,A,H,-,A,A,0,,,,,Y,Y,A,01,1,0,0,0,0,0,0,0,0,"- ","- ",38.154960000000003,-121.67666,SACRAMENTO,UNINCORPORATED,-121.67595243,38.155746479999998
6605077,2014,2014-09-16,3404,2014-08-29,1033,0831,,5,5,7,3404,0,0,0,,0,04B,"FREEPORT BL","FRUITRIDGE RD",0.00,,Y,A,B,N,,,,,,,,,,Y,2,0,1,2,A,-,09,21453,C,N,D,C,A,A,H,-,A,A,0,,,Y,,Y,,D,22,1,0,0,0,0,0,0,0,1,"- ","- ",,,SACRAMENTO,SACRAMENTO,-121.49729996000001,38.524709909999999
6606185,2014,2015-12-30,9252,2014-06-28,1735,18159,,6,2,9,3400,0,3,5,,2,090,"RIVER RD","RUSSEL RD",5280.00,N,N,A,-,N,,,,,,,,,,Y,1,1,0,1,A,-,08,22107,,N,E,I,A,A,H,-,A,D,0,,,Y,,Y,,C,02,0,0,0,0,0,0,0,1,0,"- ","- ",38.306530000000002,-121.57266,SACRAMENTO,UNINCORPORATED,-121.57655049,38.312895750000003
6606234,2014,2014-10-06,9252,2014-07-28,0145,18548,,1,3,3,3402,0,1,3,,2,190,"RT 99","SIMMERHORN RD",1100.00,S,N,A,-,Y,SAC,3,99,-,-,1.323,R,2,N,Y,1,1,1,1,A,-,08,22107,,N,E,I,A,A,H,-,C,D,1,,,,,Y,,D,22,1,0,0,0,0,0,0,0,0,TO,"- ",38.262419999999999,-121.29835,SACRAMENTO,GALT,-121.29809308999999,38.261654280000002
6609289,2014,2015-12-21,340H,2014-08-24,0121,10332,4301,7,5,5,3450,0,0,0,,0,004,"FRANKLIN BL","WHITELOCK PKWY",0.00,,Y,A,-,N,,,,,,,,,,Y,2,0,2,1,A,-,03,22350,,N,E,I,A,A,H,-,D,D,0,,,,,Y,,A,01,1,0,1,0,0,0,0,0,0,"- ","- ",,,SACRAMENTO,"ELK GROVE",-121.45230991,38.393689979999998
6617101,2014,2016-05-03,9250,2014-08-22,1907,018014,,5,2,7,3404,0,1,1,,2,182,"RT 80","NORTHGATE BL",780.00,W,N,A,-,Y,SAC,3,80,-,M,4.830,H,-,E,Y,2,0,1,2,A,-,03,22350,,N,C,C,A,A,D,-,A,A,1,,,Y,,Y,,C,02,1,0,0,0,0,0,0,0,1,"- ","- ",,,SACRAMENTO,SACRAMENTO,-121.48048364,38.64021966
6617222,2014,2014-09-15,9250,2014-07-26,2110,012773,,6,2,9,3400,0,3,5,,2,060,"U ST","8TH ST",127.00,E,N,A,-,N,,,,,,,,,,Y,2,0,1,2,A,-,03,22350,,N,D,C,A,A,H,-,D,D,0,,,Y,,Y,,C,02,1,0,0,0,0,0,0,0,1,"- ","- ",,,SACRAMENTO,UNINCORPORATED,-121.50098755,38.568792080000001
6621768,2014,2014-09-24,3496,2014-08-30,0220,323,,6,5,5,3496,0,0,0,,0,,"GREENBACK LN","VAN MAREN LN",58.00,W,N,A,-,N,,,,,,,,,,Y,2,0,1,1,A,-,01,23152,A,M,F,I,A,A,H,-,C,A,0,,,,,Y,Y,A,07,1,0,0,0,0,0,0,0,0,"- ","- ",,,SACRAMENTO,"CITRUS HEIGHTS",-121.31058317,38.678207690000001
6629978,2014,2014-11-05,9250,2014-04-30,1700,012602,,3,2,9,3400,0,3,5,,2,020,"CHIPPENDALE DR","COLLEGE OAK DR",2.00,W,N,A,-,N,,,,,,,,,,N,2,0,1,2,A,-,08,22107,,F,G,B,D,A,H,-,A,D,0,Y,,,,Y,,D,22,1,0,0,0,1,0,0,0,0,"- ","- ",,,SACRAMENTO,UNINCORPORATED,-121.35054700000001,38.662840000000003
6631206,2014,2014-10-03,9250,2014-08-26,1626,015866,,2,2,9,3400,0,3,5,,2,080,"GARDEN HWY","SAN JUAN RD",5280.00,N,N,A,-,N,,,,,,,,,,Y,2,0,2,1,A,-,01,23152,A,N,E,I,A,A,H,-,A,D,0,,,,,Y,Y,A,01,1,1,0,0,0,0,0,0,0,"- ","- ",,,SACRAMENTO,UNINCORPORATED,-121.56278636,38.641630970000001
6660441,2014,2014-11-06,9252,2014-09-28,2138,018716,,7,2,9,3400,0,3,5,,2,080,"WILTON RD","GREEN RD",0.00,,Y,A,-,N,,,,,,,,,,Y,2,0,1,2,A,-,05,21752,D,N,D,C,A,A,H,-,C,A,0,,,,,Y,,D,22,1,0,0,0,0,0,0,0,0,"- ","- ",37.421399999999998,-121.2869,SACRAMENTO,UNINCORPORATED,-121.2722899,38.411729950000002
6674721,2014,2016-06-24,9252,2014-10-06,1648,018407,,1,2,9,3400,0,1,1,,2,108,"RT 5","P ST",349.00,N,N,A,-,Y,SAC,3,5,-,-,23.300,H,-,S,Y,2,0,1,3,A,-,08,22107,,N,B,C,A,A,H,-,A,D,1,,,,Y,Y,,G,25,1,0,0,0,0,0,0,0,0,"- ","- ",38.577739999999999,-121.50742,SACRAMENTO,UNINCORPORATED,-121.50707841000001,38.578448309999999
6676164,2014,2016-05-06,9250,2014-09-26,1855,015961,,5,2,7,3404,0,1,3,,2,164,"RT 160","NORTHGATE BL",223.00,S,N,A,-,Y,SAC,3,160,-,R,44.670,H,-,N,Y,2,0,1,1,A,-,03,22350,,N,F,A,A,A,H,-,B,D,1,,,Y,,Y,,C,02,1,0,0,0,0,0,0,0,1,"- ","- ",,,SACRAMENTO,SACRAMENTO,-121.47389133,38.59746011
6676182,2014,2014-11-12,9250,2014-09-19,1603,017482,,5,2,9,3400,0,2,4,,1,053,"FAIR OAKS BL","STANLEY AV",332.00,N,N,A,-,N,,,,,,,,,,N,2,0,1,1,A,-,08,22107,,N,F,A,A,A,H,-,A,D,0,,Y,,,Y,,L,04,1,0,0,0,0,0,1,0,0,"- ","- ",,,SACRAMENTO,UNINCORPORATED,-121.32844602999999,38.623331520000001
6679704,2014,2015-01-12,9260,2014-09-10,0910,012900,,3,1,9,3400,0,2,4,,2,103,"LATROBE RD","JACKSON RD",1584.00,N,N,A,-,N,,,,,,,,,,Y,2,0,1,1,A,-,08,22107,,F,E,I,A,A,H,-,A,D,0,,,,,Y,,A,07,1,0,0,0,0,0,0,0,0,"- ","- ",,,SACRAMENTO,UNINCORPORATED,-121.14421785,38.499452599999998
6681176,2014,2016-06-23,9260,2014-10-15,1532,012316,,3,2,5,3401,0,1,2,,2,502,"RT 50","E BIDWELL ST",415.00,E,N,B,-,Y,SAC,3,50,-,-,21.570,H,-,E,Y,2,0,3,3,A,-,03,22350,,N,C,C,A,A,H,-,A,D,1,,,,,Y,,D,22,1,0,2,0,0,0,0,0,0,"- ","- ",38.64331,-121.11313,SACRAMENTO,FOLSOM,-121.11342749000001,38.643190160000003
6689622,2014,2015-01-06,3404,2014-10-24,2304,760,4,5,5,7,3404,0,0,0,,0,00C,"FLORIN RD","SOUTH LAND PARK",550.00,E,N,A,-,N,,,,,,,,,,,2,0,1,2,A,-,"- ",,,N,G,B,D,A,H,-,D,D,0,Y,,,,Y,,N,60,1,0,0,0,1,0,0,0,0,"- ","- ",,,SACRAMENTO,SACRAMENTO,-121.51019846,38.495643370000003
6698040,2014,2014-12-09,3404,2014-10-28,0815,0384,2,2,5,7,3404,0,0,0,,0,02A,"RIO LINDA BL","SMUD POLE #UD145143",60.00,S,N,A,-,N,,,,,,,,,,Y,2,0,2,2,A,-,03,22350,,N,C,C,A,A,H,-,A,D,0,,,,,Y,,D,22,1,1,0,0,0,0,0,0,0,"- ","- ",,,SACRAMENTO,SACRAMENTO,,