CASE_ID,ACCIDENT_YEAR,PROC_DATE,JURIS,COLLISION_DATE,COLLISION_TIME,OFFICER_ID,REPORTING_DISTRICT,DAY_OF_WEEK,CHP_SHIFT,POPULATION,CNTY_CITY_LOC,SPECIAL_COND,BEAT_TYPE,CHP_BEAT_TYPE,CITY_DIVISION_LAPD,CHP_BEAT_CLASS,BEAT_NUMBER,PRIMARY_RD,SECONDARY_RD,DISTANCE,DIRECTION,INTERSECTION,WEATHER_1,WEATHER_2,STATE_HWY_IND,CALTRANS_COUNTY,CALTRANS_DISTRICT,STATE_ROUTE,ROUTE_SUFFIX,POSTMILE_PREFIX,POSTMILE,LOCATION_TYPE,RAMP_INTERSECTION,SIDE_OF_HWY,TOW_AWAY,COLLISION_SEVERITY,NUMBER_KILLED,NUMBER_INJURED,PARTY_COUNT,PRIMARY_COLL_FACTOR,PCF_CODE_OF_VIOL,PCF_VIOL_CATEGORY,PCF_VIOLATION,PCF_VIOL_SUBSECTION,HIT_AND_RUN,TYPE_OF_COLLISION,MVIW,PED_ACTION,ROAD_SURFACE,ROAD_COND_1,ROAD_COND_2,LIGHTING,CONTROL_DEVICE,CHP_ROAD_TYPE,PEDESTRIAN_ACCIDENT,BICYCLE_ACCIDENT,MOTORCYCLE_ACCIDENT,TRUCK_ACCIDENT,NOT_PRIVATE_PROPERTY,ALCOHOL_INVOLVED,STWD_VEHTYPE_AT_FAULT,CHP_VEHTYPE_AT_FAULT,COUNT_SEVERE_INJ,COUNT_VISIBLE_INJ,COUNT_COMPLAINT_PAIN,COUNT_PED_KILLED,COUNT_PED_INJURED,COUNT_BICYCLIST_KILLED,COUNT_BICYCLIST_INJURED,COUNT_MC_KILLED,COUNT_MC_INJURED,PRIMARY_RAMP,SECONDARY_RAMP,LATITUDE,LONGITUDE,COUNTY,CITY,POINT_X,POINT_Y
82101637,2023,2023-06-27,3404,2023-06-14,2126,0303,2,3,5,7,3404,0,0,0,,0,02B,"HAWTHORNE ST","EL CAMINO AVE",75.00,N,N,A,-,N,,,,,,,,,,N,2,0,1,2,A,-,03,22350,,F,C,G,A,A,H,-,D,D,0,,Y,,,Y,Y,-,"- ",1,0,0,0,0,0,1,0,0,"- ","- ",,,SACRAMENTO,SACRAMENTO,-121.45809936523438,38.611335754394531
82109182,2023,2023-07-05,3404,2023-06-18,1017,8142,,7,5,7,3404,0,0,0,,0,,"9TH ST","P ST",10.00,S,N,A,-,N,,,,,,,,,,Y,2,0,1,2,A,-,08,22107,,N,C,E,A,A,D,-,A,A,0,,,,,Y,,A,01,1,0,0,0,0,0,0,0,0,"- ","- ",,,SACRAMENTO,SACRAMENTO,-121.49767303466797,38.574012756347656
82115579,2023,2023-07-13,3496,2023-06-03,1808,506,,6,5,5,3496,0,0,0,,0,,"GREENBACK LN","ARCADIA DR",300.00,W,N,A,-,N,,,,,,,,,,Y,2,0,1,1,A,-,01,23152,A,N,E,I,A,A,H,-,A,D,0,,,,,Y,Y,D,22,1,0,0,0,0,0,0,0,0,"- ","- ",38.678451538085938,-121.26724243164062,SACRAMENTO,"CITRUS HEIGHTS",-121.26817321777344,38.678409576416016
82117681,2023,2023-07-24,3496,2023-07-04,2115,404,,2,5,5,3496,0,0,0,,0,,"ANTELOPE RD","WATSON WAY",140.00,W,N,A,-,N,,,,,,,,,,N,2,0,1,2,A,-,11,21954,A,F,G,B,D,A,H,-,C,D,0,Y,,,,Y,,N,60,1,0,0,0,1,0,0,0,0,"- ","- ",38.707431793212891,-121.27332305908203,SACRAMENTO,"CITRUS HEIGHTS",-121.27377319335938,38.707077026367188
82117862,2023,2023-07-17,3496,2023-07-02,1554,518,,7,5,5,3496,0,0,0,,0,001,"AUBURN BLVD","MANZANITA AVE",121.00,N,N,A,-,N,,,,,,,,,,Y,2,0,3,5,A,-,01,23152,F,N,B,C,A,A,H,-,A,A,0,,,,,Y,,A,01,1,1,1,0,0,0,0,0,0,"- ","- ",38.673259735107422,-121.32794189453125,SACRAMENTO,"CITRUS HEIGHTS",-121.32764434814453,38.673484802246094
82119391,2023,2023-07-19,3404,2023-07-06,1347,8131,2,4,5,7,3404,0,0,0,,0,02B,"BRANCH ST","LAS PALMAS AVE",0.00,,Y,A,-,N,,,,,,,,,,N,2,0,1,3,A,-,09,21802,A,N,D,C,A,A,H,-,A,A,0,,,Y,,Y,,A,01,1,0,0,0,0,0,0,0,1,"- ","- ",,,SACRAMENTO,SACRAMENTO,-121.44384002685547,38.618362426757812
82147117,2023,2023-08-21,3404,2023-08-06,1224,8146,5,7,5,7,3404,0,0,0,,0,05C,"MACK RD","CENTER PKWY",1385.00,E,N,A,-,N,,,,,,,,,,N,2,0,1,2,A,-,11,21955,,N,G,B,D,A,H,-,A,D,0,Y,,,,Y,,N,60,1,0,0,0,1,0,0,0,0,"- ","- ",,,SACRAMENTO,SACRAMENTO,-121.43215942382812,38.474300384521484
82148392,2023,2023-08-24,3404,2023-08-10,1748,8142,2,4,5,7,3404,0,0,0,,0,02C,"EXPOSITION BLVD","BUSINESS 80 SB EXPOSITION BLVD OFF",194.00,E,N,A,-,N,,,,,,,,,,Y,2,0,2,2,A,-,05,21651,B,N,A,C,A,A,H,-,A,D,0,,,,,Y,,A,07,2,0,0,0,0,0,0,0,0,"- ","- ",,,SACRAMENTO,SACRAMENTO,,
82174348,2023,2023-09-21,3404,2023-09-06,1600,8133,1,3,5,7,3404,0,0,0,,0,01B,"UNNAMED RD","SWALLOWS NEST DR",123.00,W,N,A,-,N,,,,,,,,,,N,2,0,1,2,D,-,00,,,N,G,B,D,A,H,-,A,D,0,Y,,,,Y,,-,"- ",1,0,0,0,1,0,0,0,0,"- ","- ",,,SACRAMENTO,SACRAMENTO,,
82182162,2023,2023-10-02,3404,2023-09-15,"926 ",0350,4,5,5,7,3404,0,0,0,,0,04C,"FORDHAM WAY","43RD AVE",24.00,S,N,A,-,N,,,,,,,,,,N,2,0,1,2,A,-,11,21950,B,N,G,B,D,A,H,-,A,A,0,Y,,,,Y,,N,60,1,0,0,0,1,0,0,0,0,"- ","- ",,,SACRAMENTO,SACRAMENTO,-121.51351928710938,38.515693664550781
82194027,2023,2023-10-11,3404,2023-09-27,1338,8148,1,3,5,7,3404,0,0,0,,0,01B,"W EL CAMINO AVE","STONECREEK DR",25.00,W,N,A,-,N,,,,,,,,,,N,2,0,1,2,A,-,10,21950,A,N,G,B,B,A,H,-,A,A,0,Y,,,,Y,,A,01,1,0,0,0,1,0,0,0,0,"- ","- ",,,SACRAMENTO,SACRAMENTO,-121.49337005615234,38.612907409667969
82196941,2023,2023-10-16,3404,2023-09-25,1727,0691,3,1,5,7,3404,0,0,0,,0,03M,"CAPITOL MALL","NEASHAM CIR (W)",26.00,W,N,A,-,N,,,,,,,,,,N,2,0,1,2,A,-,08,22107,,F,D,G,A,A,H,-,A,A,0,,Y,,,Y,,A,01,1,0,0,0,0,0,1,0,0,"- ","- ",,,SACRAMENTO,SACRAMENTO,-121.50695037841797,38.580158233642578
82199618,2023,2023-10-16,3404,2023-10-05,1259,8148,6,4,5,7,3404,0,0,0,,0,06E,"LA RIVIERA DR",RAMP,266.00,W,N,A,-,N,,,,,,,,,,Y,2,0,1,2,A,-,08,22107,,N,D,C,A,A,H,-,A,A,0,,,Y,,Y,,A,07,1,0,0,0,0,0,0,0,1,"- ","- ",,,SACRAMENTO,SACRAMENTO,,
82201234,2023,2023-10-17,3400,2023-09-23,1945,482,RCPD,6,5,5,3490,0,0,0,,0,005,"FOLSOM BLVD","ZINFANDEL DR",787.00,E,N,A,-,N,,,,,,,,,,N,2,0,1,2,A,-,11,21955,,N,G,B,E,A,H,-,C,A,0,Y,,,,Y,Y,N,60,1,0,0,0,1,0,0,0,0,"- ","- ",38.59722900390625,-121.28639221191406,SACRAMENTO,"RANCHO CORDOVA",-121.28656768798828,38.597190856933594
82205476,2023,2023-11-06,3496,2023-09-15,2037,516,CITRU,5,5,5,3496,0,0,0,,0,002,"SUNRISE BLVD","KINGSWOOD DR",0.00,,Y,A,-,N,,,,,,,,,,Y,2,0,3,2,A,-,12,21453,A,N,D,C,A,A,H,-,C,A,0,,,,,Y,,A,01,1,1,1,0,0,0,0,0,0,"- ","- ",38.669769287109375,-121.27169036865234,SACRAMENTO,"CITRUS HEIGHTS",-121.27184295654297,38.669662475585938
82226129,2023,2023-11-03,3404,2023-10-19,2025,0274,4,4,5,7,3404,0,0,0,,0,04B,"FREEPORT BLVD","OREGON DR",90.00,S,N,A,-,N,,,,,,,,,,N,2,0,1,2,A,-,05,21650,1,N,B,G,A,A,H,-,C,D,0,,Y,,,Y,,L,04,1,0,0,0,0,0,1,0,0,"- ","- ",,,SACRAMENTO,SACRAMENTO,-121.4967041015625,38.526531219482422
82227844,2023,2023-11-03,3400,2023-10-17,1955,185,RC,2,5,5,3490,0,0,0,,0,005,"VIKING DR","RED CEDAR CIR",0.00,,Y,A,-,N,,,,,,,,,,Y,2,0,1,2,A,-,06,21750,,N,D,C,A,A,H,-,C,D,0,,,Y,,Y,Y,C,02,1,0,0,0,0,0,0,0,1,"- ","- ",38.565238952636719,-121.32994842529297,SACRAMENTO,"RANCHO CORDOVA",-121.32987976074219,38.565235137939453
82235250,2023,2023-11-17,3404,2023-11-03,"36  ",0283,4,5,5,7,3404,0,0,0,,0,04C,"GREENHAVEN DR","FLORIN RD",75.00,N,N,A,-,N,,,,,,,,,,N,2,0,1,2,A,-,03,22350,,F,G,B,B,A,H,-,C,A,0,Y,,,,Y,,-,99,1,0,0,0,1,0,0,0,0,"- ","- ",,,SACRAMENTO,SACRAMENTO,-121.52352905273438,38.496051788330078
82241774,2023,2023-11-21,3400,2023-11-16,"805 ",450,RCPD,4,5,5,3490,0,0,0,,0,0D5,"MATHER FIELD RD","PETER A MCCUEN BLVD",0.00,,Y,A,-,N,,,,,,,,,,Y,2,0,2,2,A,-,12,21453,A,N,D,C,A,B,H,-,A,A,0,,,,,Y,,-,35,2,0,0,0,0,0,0,0,0,"- ","- ",38.57086181640625,-121.29808807373047,SACRAMENTO,"RANCHO CORDOVA",-121.29798126220703,38.570831298828125
82244739,2023,2023-11-28,3404,2023-11-04,1651,8138,5,6,5,7,3404,0,0,0,,0,05C,"6698 MACK RD","NOT STATED",0.00,,-,A,-,N,,,,,,,,,,N,2,0,1,2,B,-,22,,,N,G,B,F,A,H,-,A,D,0,Y,,,,Y,,A,01,1,0,0,0,1,0,0,0,0,"- ","- ",,,SACRAMENTO,SACRAMENTO,,
82266834,2023,2023-12-22,3404,2023-12-09,1201,8162,2,6,5,7,3404,0,0,0,,0,02A,"LONGVIEW DR","I 80 WB ON-RAMP",0.00,,Y,A,-,Y,,,,,,,,,,Y,2,0,2,2,A,-,09,21801,A,N,A,C,A,A,H,-,A,A,0,,,,,Y,,A,01,1,0,1,0,0,0,0,0,0,"- ","- ",,,SACRAMENTO,SACRAMENTO,-121.39921569824219,38.640491485595703
82275726,2023,2024-01-01,3496,2023-11-24,2052,404,,5,5,5,3496,0,0,0,,0,,"GREENBACK LN","AUBURN BLVD",25.00,E,N,A,-,N,,,,,,,,,,Y,2,0,1,2,A,-,11,21456,A,N,G,B,B,A,H,-,C,A,0,Y,,,,Y,,N,60,1,0,0,0,1,0,0,0,0,"- ","- ",38.679019927978516,-121.32061004638672,SACRAMENTO,"CITRUS HEIGHTS",-121.32075500488281,38.678909301757812
82281088,2023,2024-01-08,3404,2023-12-26,1348,8157,6,2,5,7,3404,0,0,0,,0,06C,"FRUITRIDGE RD","LOWELL ST",41.00,E,N,A,D,N,,,,,,,,,,N,2,0,1,2,A,-,09,21804,A,N,D,G,A,A,H,-,A,A,0,,Y,,,Y,,L,04,1,0,0,0,0,0,1,0,0,"- ","- ",,,SACRAMENTO,SACRAMENTO,-121.41665649414062,38.525081634521484
82288692,2023,2024-01-22,3404,2023-12-26,1526,0949,,2,5,7,3404,0,0,0,,0,01C,"W EL CAMINO AVE","NORTHGATE BLVD",0.00,,Y,A,-,N,,,,,,,,,,N,2,0,1,2,A,-,05,21650,,N,D,G,A,A,H,-,A,A,0,,Y,,,Y,,L,04,1,0,0,0,0,0,1,0,0,"- ","- ",,,SACRAMENTO,SACRAMENTO,-121.47557067871094,38.611251831054688
82296588,2024,2024-01-29,3404,2024-01-12,2033,8107,,5,5,7,3404,0,0,0,,0,01A,"MABRY DR","BOWDEN SQUARE WAY",0.00,,Y,A,-,N,,,,,,,,,,Y,2,0,3,2,A,-,09,21802,A,N,D,C,A,A,H,-,C,D,0,,,,,Y,,A,07,1,1,1,0,0,0,0,0,0,"- ","- ",,,SACRAMENTO,SACRAMENTO,-121.53047180175781,38.671207427978516
82300331,2024,2024-01-31,3404,2024-01-18,1759,8168,1,4,5,7,3404,0,0,0,,0,01B,"SAN JUAN RD","BALCARO WAY",150.00,W,N,B,-,N,,,,,,,,,,N,2,0,2,3,A,-,03,22350,,N,C,C,A,A,H,-,C,A,0,,,,,Y,,A,07,1,1,0,0,0,0,0,0,0,"- ","- ",,,SACRAMENTO,SACRAMENTO,-121.50033569335938,38.627460479736328
82307073,2023,2024-02-06,3400,2023-12-31,1500,482,RCPD,7,5,5,3490,0,0,0,,0,005,"2182 ZINFANDEL DR","BERRYWOOD DR",0.00,,Y,B,-,N,,,,,,,,,,Y,2,0,1,1,C,-,18,,,N,A,I,A,A,H,-,A,D,0,,,,,Y,,-,"- ",1,0,0,0,0,0,0,0,0,"- ","- ",38.609611511230469,-121.27954864501953,SACRAMENTO,"RANCHO CORDOVA",-121.27906036376953,38.609611511230469
82307554,2024,2024-02-09,3404,2024-01-21,1723,0594,1,7,5,7,3404,0,0,0,,0,01C,"NORTHGATE BLVD","HAGGIN AVE",159.00,N,N,B,-,N,,,,,,,,,,N,2,0,1,2,D,-,00,,,F,G,B,E,A,H,-,C,D,0,Y,,,,Y,Y,-,"- ",1,0,0,0,1,0,0,0,0,"- ","- ",,,SACRAMENTO,SACRAMENTO,-121.47554779052734,38.616245269775391
82316846,2024,2024-02-22,3404,2024-02-03,1042,0851,,6,5,7,3404,0,0,0,,0,05C,"CENTER PKWY","VALLEY HI DR",0.00,,Y,B,-,N,,,,,,,,,,N,2,0,4,4,A,-,03,22350,,N,D,C,A,A,H,-,A,A,0,,,,,Y,,A,01,1,3,0,0,0,0,0,0,0,"- ","- ",,,SACRAMENTO,SACRAMENTO,-121.43132781982422,38.463748931884766
82349100,2024,2024-04-02,3404,2024-03-09,2340,0418,3,6,5,7,3404,0,0,0,,0,03B,"21ST ST","CAPITOL AVE",238.00,N,N,A,-,N,,,,,,,,,,Y,2,0,2,3,A,-,03,22350,,N,C,E,A,A,H,-,C,D,0,,,,,Y,,A,01,1,0,1,0,0,0,0,0,0,"- ","- ",,,SACRAMENTO,SACRAMENTO,-121.479736328125,38.573646545410156
82375134,2024,2024-04-25,3400,2024-03-27,2136,4,,3,5,5,3490,0,0,0,,0,005,"ZINFANDEL DR","INTERNATIONAL DR",6.00,S,N,C,-,N,,,,,,,,,,N,2,0,1,2,A,-,11,21456,A,N,G,B,B,B,H,-,C,A,0,Y,,,,Y,,N,60,1,0,0,0,1,0,0,0,0,"- ","- ",38.581661224365234,-121.28446960449219,SACRAMENTO,"RANCHO CORDOVA",-121.28473663330078,38.581813812255859
82375625,2024,2024-04-29,3404,2024-04-11,1739,0760,5,4,5,7,3404,0,0,0,,0,05B,"CENTER PKWY","MACK RD",200.00,S,N,A,-,N,,,,,,,,,,Y,2,0,5,2,A,-,08,22107,,N,D,C,A,A,H,-,A,D,0,,,,,Y,,A,01,1,1,3,0,0,0,0,0,0,"- ","- ",,,SACRAMENTO,SACRAMENTO,-121.43673706054688,38.473812103271484
82380918,2024,2024-05-06,3496,2024-04-20,1440,236,,6,5,5,3496,0,0,0,,0,,"SYLVAN RD","OLD AUBURN RD",0.00,,Y,A,-,N,,,,,,,,,,Y,2,0,2,2,A,-,01,23152,G,F,D,C,A,A,H,-,A,A,0,,,Y,,Y,Y,A,01,1,1,0,0,0,0,0,0,2,"- ","- ",38.694869995117188,-121.29035186767578,SACRAMENTO,"CITRUS HEIGHTS",-121.29034423828125,38.694671630859375
82396649,2024,2024-05-27,3496,2024-04-26,"959 ",564,,5,5,5,3496,0,0,0,,0,001,"AUBURN BLVD","BAIRD WAY",9.00,W,N,A,-,N,,,,,,,,,,N,2,0,2,3,A,-,12,22450,A,N,D,C,A,A,H,-,A,A,0,,,,,Y,,-,"- ",1,1,0,0,0,0,0,0,0,"- ","- ",38.713588714599609,-121.29058074951172,SACRAMENTO,"CITRUS HEIGHTS",-121.29036712646484,38.71337890625
82398625,2024,2024-05-27,3496,2024-04-25,1707,404,,4,5,5,3496,0,0,0,,0,002,"OAK AVE","OLD RANCH RD",0.00,,Y,B,-,N,,,,,,,,,,Y,1,1,1,2,A,-,09,21802,A,N,D,C,A,A,H,-,A,A,0,,,,,Y,,A,07,0,1,0,0,0,0,0,0,0,"- ","- ",38.700389862060547,-121.25157928466797,SACRAMENTO,"CITRUS HEIGHTS",-121.25152587890625,38.700450897216797
82403643,2024,2024-06-03,3404,2024-05-18,2326,0448,,6,5,7,3404,0,0,0,,0,01C,"NORTHGATE BLVD","DEL PASO BLVD",0.00,,Y,A,-,Y,,,,,,,,,,N,2,0,1,2,A,-,14,21201,D,N,D,G,A,A,H,-,C,D,0,,Y,,,Y,,L,04,1,0,0,0,0,0,1,0,0,"- ","- ",,,SACRAMENTO,SACRAMENTO,-121.47332000732422,38.598499298095703
82408212,2023,2024-06-06,3400,2023-11-22,1630,940,,3,5,5,3490,0,0,0,,0,005,"ZINFANDEL DR","TINTA FINA DR",0.00,,Y,A,-,N,,,,,,,,,,Y,1,1,1,2,A,-,03,22350,,N,D,C,A,A,H,-,B,D,0,,,Y,,Y,,C,02,0,0,1,0,0,0,0,1,0,"- ","- ",38.574089050292969,-121.27519226074219,SACRAMENTO,"RANCHO CORDOVA",-121.27526092529297,38.574073791503906
82437163,2024,2024-07-15,3401,2024-04-04,1705,287,,4,5,5,3401,0,0,0,,0,004,"E BIDWELL ST","MONTROSE DR",233.00,W,N,A,-,N,,,,,,,,,,N,1,1,0,2,A,-,11,21954,A,N,G,B,D,A,H,-,A,A,0,Y,,,,Y,Y,N,60,0,0,0,1,0,0,0,0,0,"- ","- ",38.670501708984375,-121.15650939941406,SACRAMENTO,FOLSOM,-121.15727233886719,38.670520782470703
82439979,2024,2024-07-17,3404,2024-07-04,1434,0271,,4,5,7,3404,0,0,0,,0,03B,"W ST","26TH ST",0.00,,Y,A,-,N,,,,,,,,,,Y,2,0,5,2,A,-,12,21453,A,N,D,C,A,A,H,-,A,A,0,,,,,Y,,A,01,1,4,0,0,0,0,0,0,0,"- ","- ",,,SACRAMENTO,SACRAMENTO,-121.47809600830078,38.560237884521484
82441843,2024,2024-07-17,340H,2024-05-28,"940 ",10718,,2,5,5,3450,0,0,0,,0,002,"ELK GROVE BLVD","HWY 99 SB ELK GROVE BLVD OFF",0.00,,Y,A,-,Y,,,,,,,,,,N,2,0,1,2,A,-,05,21650,1,N,D,G,A,A,H,-,A,A,0,,Y,,,Y,,L,04,1,0,0,0,0,0,1,0,0,"- ","- ",38.409339904785156,-121.38948822021484,SACRAMENTO,"ELK GROVE",-121.35083770751953,38.409084320068359
82700120,2024,2024-07-29,3404,2024-07-07,1219,0308,,7,5,7,3404,0,0,0,,0,04B,"FREEPORT BLVD","FLORIN RD",1700.00,S,N,A,-,N,,,,,,,,,,N,2,0,1,1,D,-,00,,,N,F,A,A,A,H,-,A,D,0,,,Y,,Y,,-,"- ",1,0,0,0,0,0,0,0,1,"- ","- ",,,SACRAMENTO,SACRAMENTO,-121.50627899169922,38.490951538085938
8309648,2017,2017-02-27,3404,2017-02-08,1543,0490,1C,3,5,7,3404,0,0,0,,0,,"GARDEN HWY","NORTHGATE BL",360.00,W,N,B,-,N,,,,,,,,,,Y,2,0,1,2,A,-,03,22350,,N,-,C,A,B,H,-,A,D,0,,,,,Y,,A,01,1,0,0,0,0,0,0,0,0,"- ","- ",,,SACRAMENTO,SACRAMENTO,-121.47688448,38.606803149999998
8309714,2017,2017-02-23,3404,2017-01-30,1222,8129,3,1,5,7,3404,0,0,0,,0,03B,"16TH ST","R ST",0.00,,Y,A,-,N,,,,,,,,,,N,2,0,1,2,A,-,10,21950,A,F,G,B,B,A,H,-,A,D,0,Y,,,,Y,,A,01,1,0,0,0,1,0,0,0,0,"- ","- ",,,SACRAMENTO,SACRAMENTO,-121.48904988,38.56929993
8318169,2017,2017-03-23,3400,2017-02-01,1233,969,RC,3,5,5,3490,0,0,0,,0,5401,"SUNRISE BL","TRADE CENTER DR",193.00,N,N,B,-,N,,,,,,,,,,Y,2,0,2,4,A,-,07,21658,A,N,B,C,A,A,H,-,A,A,0,,,,,Y,,A,01,1,0,1,0,0,0,0,0,0,"- ","- ",38.603790000000004,-121.26764,SACRAMENTO,"RANCHO CORDOVA",-121.26809108,38.603972740000003
8325229,2017,2017-03-22,3404,2017-02-27,2109,0573,,1,5,7,3404,0,0,0,,0,,"FREEPORT BL","MEADOWVIEW RD",0.00,,Y,A,-,N,,,,,,,,,,Y,2,0,1,2,A,-,12,21453,A,N,A,C,A,A,H,-,C,A,0,,,,,Y,,A,01,1,0,0,0,0,0,0,0,0,"- ","- ",,,SACRAMENTO,SACRAMENTO,-121.50500996,38.481270000000002
8332868,2017,2017-12-26,3404,2017-03-11,1929,704,P2,6,5,7,3404,0,0,0,,0,02A,"NORWOOD AV","RT 80",0.00,,Y,A,-,N,,,,,,,,,,Y,2,0,1,2,A,-,11,21954,A,N,G,B,D,A,-,-,C,A,0,Y,,,,Y,,N,60,1,0,0,0,1,0,0,0,0,"- ","- ",,,SACRAMENTO,SACRAMENTO,-121.45690996,38.641429909999999
8348585,2017,2017-04-28,3404,2017-04-18,1829,0831,,2,5,7,3404,0,0,0,,0,05A,"KIM AV","CADJEW AV",0.00,E,N,A,-,N,,,,,,,,,,Y,2,0,1,2,D,-,00,,,F,H,G,A,A,H,-,A,D,0,,Y,,,Y,,-,"- ",1,0,0,0,0,0,1,0,0,"- ","- ",,,SACRAMENTO,SACRAMENTO,-121.47937989,38.478789949999999
8356608,2017,2017-05-22,3401,2017-04-28,1910,216,3401,5,5,5,3401,0,0,0,,0,001,"FOLSOM-AUBURN RD","FOLSOM LAKE CROSSING",0.00,,Y,A,-,N,,,,,,,,,,Y,2,0,3,2,A,-,01,23152,A,N,D,C,A,A,H,-,B,A,0,,,,,Y,Y,A,01,1,2,0,0,0,0,0,0,0,"- ","- ",38.705179999999999,-121.17031,SACRAMENTO,FOLSOM,-121.16989993999999,38.705269989999998
8364163,2017,2017-05-23,3404,2017-04-23,1745,1005,3B,7,5,7,3404,0,0,0,,0,0P3,"29TH ST","D ST",159.00,N,N,F,-,N,,,,,,,,,,N,2,0,1,3,D,-,00,,,F,B,G,A,-,G,-,-,D,0,,Y,,,Y,,-,"- ",1,0,0,0,0,0,1,0,0,"- ","- ",,,SACRAMENTO,SACRAMENTO,-121.46484974000001,38.580463090000002
8366544,2017,2017-06-13,3404,2017-05-10,1341,0962,2,3,5,7,3404,0,0,0,,0,02B,"ELEANOR AV","FORREST ST",0.00,,Y,A,-,N,,,,,,,,,,Y,2,0,3,4,A,-,09,21802,A,N,D,C,F,A,H,-,A,A,0,Y,,,,Y,,A,01,1,0,2,0,2,0,0,0,0,"- ","- ",,,SACRAMENTO,SACRAMENTO,-121.45462000000001,38.616769929999997
83686361,2024,2024-08-06,3404,2024-07-25,2243,0474,,4,5,7,3404,0,0,0,,0,01A,"E COMMERCE WAY","DEL PASO RD",30.00,S,N,A,-,N,,,,,,,,,,N,2,0,1,2,A,-,11,21950,B,F,G,B,B,A,H,-,C,A,0,Y,,,,Y,,N,60,1,0,0,0,1,0,0,0,0,"- ","- ",,,SACRAMENTO,SACRAMENTO,-121.52555084228516,38.655708312988281
8370070,2017,2017-05-22,3404,2017-05-12,0751,417,,5,5,7,3404,0,0,0,,0,,"J ST","56TH ST",0.00,,Y,A,-,N,,,,,,,,,,N,2,0,1,2,A,-,08,22107,,N,-,G,A,A,H,-,A,A,0,,Y,,Y,Y,,G,25,1,0,0,0,0,0,1,0,0,"- ","- ",,,SACRAMENTO,SACRAMENTO,-121.43475992,38.564639990000003
8370261,2017,2017-05-23,3404,2017-05-09,1135,0984,4,2,5,7,3404,0,0,0,,0,00B,"FREEPORT BL","FLORIN RD",0.00,,Y,A,-,N,,,,,,,,,,Y,2,0,5,2,A,-,12,21453,A,N,D,C,A,A,H,-,A,A,0,,,,,Y,,-,"- ",1,1,3,0,0,0,0,0,0,"- ","- ",,,SACRAMENTO,SACRAMENTO,-121.50612991,38.495759919999998
8371827,2017,2017-05-25,3401,2017-05-03,2120,190,3401,3,5,5,3401,0,0,0,,0,001,"GREENBACK LN","FOLSOM-AUBURN RD",280.00,E,N,A,-,N,,,,,,,,,,Y,2,0,1,2,A,-,09,21804,A,N,D,C,A,A,H,-,C,D,0,,,Y,,Y,Y,A,01,1,0,0,0,0,0,0,0,1,"- ","- ",,,SACRAMENTO,FOLSOM,-121.17831448,38.683917960000002
83765319,2024,2024-08-06,3400,2024-07-08,2126,482,,1,5,5,3490,0,0,0,,0,005,"FOLSOM BLVD","LOS NOGALES WAY",14.00,W,N,A,-,N,,,,,,,,,,N,2,0,2,2,A,-,11,21955,,N,G,B,D,A,H,-,D,D,0,Y,,Y,,Y,Y,N,60,2,0,0,0,1,0,0,0,1,"- ","- ",,,SACRAMENTO,"RANCHO CORDOVA",-121.27806854248047,38.601409912109375
8380370,2017,2017-06-01,3404,2017-05-15,1821,0331,2,1,5,7,3404,0,0,0,,0,02B,"KENWOOD ST","ARCADE BL",43.00,E,N,A,-,N,,,,,,,,,,N,2,0,1,2,A,-,05,21650,,F,D,G,A,A,H,-,A,A,0,,Y,,,Y,,L,04,1,0,0,0,0,0,1,0,0,"- ","- ",,,SACRAMENTO,SACRAMENTO,-121.4249897,38.625236739999998
8394934,2017,2017-06-27,3404,2017-06-20,1328,941,6,2,5,7,3404,0,0,0,,0,06A,"12TH AV","34TH ST",0.00,,Y,A,-,N,,,,,,,,,,Y,2,0,1,2,A,-,09,21802,A,N,D,C,A,A,H,-,A,A,0,,,Y,,Y,,A,01,1,0,0,0,0,0,0,0,1,"- ","- ",,,SACRAMENTO,SACRAMENTO,-121.47053993,38.541199919999997
8394942,2017,2017-06-27,3404,2017-06-19,2127,8163,4,1,5,7,3404,0,0,0,,0,00B,"FREEPORT BL","FLORIN RD",1285.00,N,N,A,-,N,,,,,,,,,,Y,2,0,1,1,A,-,08,22107,,N,F,J,A,A,H,-,C,D,0,,,,,Y,,A,01,1,0,0,0,0,0,0,0,0,"- ","- ",,,SACRAMENTO,SACRAMENTO,-121.50601626,38.49928783
8398975,2017,2017-07-10,3404,2017-06-25,1619,927,2,7,5,7,3404,0,0,0,,0,00B,"DEL PASO BL","LAMPASAS AV",0.00,,Y,A,-,N,,,,,,,,,,Y,2,0,4,3,A,-,01,23152,E,N,D,C,A,A,H,-,A,A,0,,,,,Y,,A,01,1,1,2,0,0,0,0,0,0,"- ","- ",,,SACRAMENTO,SACRAMENTO,-121.44502996,38.613829940000002
8404515,2017,2017-09-22,3400,2017-05-18,0545,592,,4,5,5,3490,0,0,0,,0,,"CARDIFF WY","TRUE CT",60.00,W,N,A,-,N,,,,,,,,,,N,1,1,0,2,A,-,13,22515,A,N,C,E,A,A,H,-,B,D,0,,,,,Y,,D,22,0,0,0,0,0,0,0,0,0,"- ","- ",38.584679999999999,-121.30467,SACRAMENTO,"RANCHO CORDOVA",-121.30489406,38.584557080000003
8404553,2017,2019-04-09,3404,2017-08-06,0159,0831,,7,5,7,3404,0,0,0,,0,02A,"AUBURN BL","RT 244",0.00,,Y,A,-,Y,SAC,3,244,-,T,1.076,I,6,E,Y,1,2,0,1,A,-,01,23152,A,N,E,I,A,A,H,-,C,A,0,,,Y,,Y,Y,C,02,0,0,0,0,0,0,0,2,0,"- ","- ",,,SACRAMENTO,SACRAMENTO,-121.36525116,38.643715100000001
8414319,2017,2017-08-16,3404,2017-07-31,1853,4267,P2,1,5,7,3404,0,0,0,,0,02A,"WINTERS ST","MCCLELLAN PARK DR",186.00,S,N,A,-,N,,,,,,,,,,N,2,0,1,1,A,-,03,22350,,N,E,I,A,A,H,-,A,D,0,,,Y,,Y,,C,02,1,0,0,0,0,0,0,0,1,"- ","- ",,,SACRAMENTO,SACRAMENTO,-121.41067475,38.641213569999998