CASE_ID,ACCIDENT_YEAR,PROC_DATE,JURIS,COLLISION_DATE,COLLISION_TIME,OFFICER_ID,REPORTING_DISTRICT,DAY_OF_WEEK,CHP_SHIFT,POPULATION,CNTY_CITY_LOC,SPECIAL_COND,BEAT_TYPE,CHP_BEAT_TYPE,CITY_DIVISION_LAPD,CHP_BEAT_CLASS,BEAT_NUMBER,PRIMARY_RD,SECONDARY_RD,DISTANCE,DIRECTION,INTERSECTION,WEATHER_1,WEATHER_2,STATE_HWY_IND,CALTRANS_COUNTY,CALTRANS_DISTRICT,STATE_ROUTE,ROUTE_SUFFIX,POSTMILE_PREFIX,POSTMILE,LOCATION_TYPE,RAMP_INTERSECTION,SIDE_OF_HWY,TOW_AWAY,COLLISION_SEVERITY,NUMBER_KILLED,NUMBER_INJURED,PARTY_COUNT,PRIMARY_COLL_FACTOR,PCF_CODE_OF_VIOL,PCF_VIOL_CATEGORY,PCF_VIOLATION,PCF_VIOL_SUBSECTION,HIT_AND_RUN,TYPE_OF_COLLISION,MVIW,PED_ACTION,ROAD_SURFACE,ROAD_COND_1,ROAD_COND_2,LIGHTING,CONTROL_DEVICE,CHP_ROAD_TYPE,PEDESTRIAN_ACCIDENT,BICYCLE_ACCIDENT,MOTORCYCLE_ACCIDENT,TRUCK_ACCIDENT,NOT_PRIVATE_PROPERTY,ALCOHOL_INVOLVED,STWD_VEHTYPE_AT_FAULT,CHP_VEHTYPE_AT_FAULT,COUNT_SEVERE_INJ,COUNT_VISIBLE_INJ,COUNT_COMPLAINT_PAIN,COUNT_PED_KILLED,COUNT_PED_INJURED,COUNT_BICYCLIST_KILLED,COUNT_BICYCLIST_INJURED,COUNT_MC_KILLED,COUNT_MC_INJURED,PRIMARY_RAMP,SECONDARY_RAMP,LATITUDE,LONGITUDE,COUNTY,CITY,POINT_X,POINT_Y
91129459,2019,2019-11-25,9260,2019-08-28,2000,016352,,3,2,9,3400,0,2,4,,2,302,"GREENBACK LANE","WALNUT AVENUE",194.00,W,N,A,-,N,,,,,,,,,,Y,1,1,0,2,A,-,03,22350,,N,C,C,A,A,H,-,B,A,0,,,Y,,Y,Y,C,02,0,0,0,0,0,0,0,1,0,"- ","- ",38.404140472412109,-121.12278747558594,SACRAMENTO,UNINCORPORATED,-121.20758819580078,38.678226470947266
91131250,2019,2019-11-27,9250,2019-11-15,0745,015719,,5,1,9,3400,0,3,5,,2,040,"AUBURN BLVD","MORSE AVE",0.00,,Y,A,-,N,,,,,,,,,,Y,2,0,1,2,A,-,09,21802,A,N,A,C,A,A,H,-,A,D,0,,,Y,,Y,,A,01,1,0,0,0,0,0,0,0,1,"- ","- ",38.663539886474609,-121.39237213134766,SACRAMENTO,UNINCORPORATED,-121.39215850830078,38.633621215820312
91131682,2019,2020-02-20,9250,2019-11-15,0528,019300,,5,3,7,3404,0,2,4,,1,062,"ELVERTA RD","DUTCH HAVEN BLVD",0.00,,Y,A,-,N,,,,,,,,,,Y,2,0,1,2,A,-,12,21453,A,F,D,C,A,A,H,-,C,A,0,,,,,Y,,D,22,1,0,0,0,0,0,0,0,0,"- ","- ",38.714298248291016,-121.40804290771484,SACRAMENTO,SACRAMENTO,-121.40801239013672,38.714298248291016
91131951,2019,2019-11-29,9250,2019-11-07,2140,020910,,4,2,9,3400,0,3,5,,2,010,"A ST","SOUTH HAVEN DR",20.00,E,N,A,-,N,,,,,,,,,,N,2,0,1,2,A,-,11,21954,A,N,G,B,D,A,H,-,C,D,0,Y,,,,Y,Y,N,60,1,0,0,0,1,0,0,0,0,"- ","- ",38.668521881103516,-121.38069915771484,SACRAMENTO,UNINCORPORATED,-121.38075256347656,38.668537139892578
91132132,2019,2019-12-02,9252,2019-05-31,1600,019934,,5,2,9,3400,0,2,4,,2,073,"STOCKTON BOULEVARD","66TH AVENUE",580.00,S,N,B,-,N,,,,,,,,,,N,1,1,0,2,A,-,11,21954,A,N,G,B,D,A,H,-,A,D,0,Y,,,,Y,,N,60,0,0,0,1,0,0,0,0,0,"- ","- ",38.492298126220703,-121.42729949951172,SACRAMENTO,UNINCORPORATED,-121.42665863037109,38.490875244140625
91146663,2019,2019-12-18,9250,2019-11-29,1815,020507,,5,2,9,3400,0,1,1,,2,106,"I-5 N/B","EL CAMINO AVE",390.00,S,N,A,-,Y,,,,,,,,,,N,2,0,1,2,A,-,07,21658,A,N,B,C,A,A,H,-,A,D,0,,,,,Y,,A,01,1,0,0,0,0,0,0,0,0,"- ","- ",38.613700866699219,-121.5115966796875,SACRAMENTO,UNINCORPORATED,-121.51162719726562,38.613803863525391
9114710,2020,2020-10-29,3404,2020-05-26,1941,8198,6,2,5,7,3404,0,0,0,,0,00E,"FOLSOM BL","HOWE AV",0.00,,Y,A,-,N,,,,,,,,,,Y,2,0,1,2,A,-,10,21950,A,N,G,G,A,A,H,-,A,A,0,,Y,,,Y,,A,01,1,0,0,0,0,0,1,0,0,"- ","- ",,,SACRAMENTO,SACRAMENTO,-121.40926361083984,38.549449920654297
91151689,2019,2019-12-24,9250,2019-12-16,1445,021324,,1,2,9,3400,0,2,4,,1,051,"EASTERN AVE","WHITNEY AVE",5.00,S,N,A,-,N,,,,,,,,,,N,2,0,1,2,A,-,10,21950,A,N,G,B,B,A,H,-,A,A,0,Y,,,,Y,,A,01,1,0,0,0,1,0,0,0,0,"- ","- ",38.628349304199219,-122.36441040039062,SACRAMENTO,UNINCORPORATED,-121.36447906494141,38.628425598144531
91156653,2019,2019-12-31,9252,2019-12-22,0115,018974,,7,3,9,3400,0,3,5,,2,074,"BRADSHAW ROAD","FLORIN ROAD",450.00,N,N,A,-,N,,,,,,,,,,Y,2,0,1,1,A,-,01,23152,A,N,E,I,A,A,H,-,D,D,0,,,,,Y,Y,A,01,1,0,0,0,0,0,0,0,0,"- ","- ",38.497749328613281,-121.33493041992188,SACRAMENTO,UNINCORPORATED,-121.33493041992188,38.497535705566406
91162520,2019,2020-01-22,9260,2019-09-26,1100,017325,,4,1,9,3400,0,1,3,,2,116,"STATE ROUTE 16","DILLARD RD",3696.00,W,N,A,-,Y,,,,,,,,,,Y,1,2,1,2,A,-,01,23152,F,N,A,C,A,A,H,-,A,D,0,,,,Y,Y,,A,07,0,0,1,0,0,0,0,0,0,"- ","- ",38.293399810791016,-121.10230255126953,SACRAMENTO,UNINCORPORATED,-121.17401123046875,38.492511749267578
91165136,2020,2020-01-14,9252,2020-01-04,1650,020616,,6,2,9,3400,0,2,4,,2,073,"STOCKTON BLVD","65TH ST",0.00,,Y,A,-,N,,,,,,,,,,Y,2,0,1,2,A,-,09,21453,C,N,D,C,A,A,H,-,B,A,0,,,,,Y,,A,01,1,0,0,0,0,0,0,0,0,"- ","- ",38.500469207763672,-121.43128967285156,SACRAMENTO,UNINCORPORATED,-121.43122100830078,38.500579833984375
91165797,2020,2020-01-15,9252,2020-01-04,0732,019356,,6,1,9,3400,0,3,5,,2,164,"FREEPORT BOULEVARD","COSUMNES RIVER BOULEVARD",175.00,S,N,B,C,N,,,,,,,,,,N,2,0,1,2,C,-,18,,,N,H,A,E,A,H,-,A,D,0,Y,,,Y,Y,,-,"- ",1,0,0,0,1,0,0,0,0,"- ","- ",38.465068817138672,-121.50270080566406,SACRAMENTO,UNINCORPORATED,-121.50276947021484,38.465065002441406
91180269,2020,2020-02-05,9250,2020-01-24,1850,020507,,5,2,9,3400,0,3,5,,2,020,"MADISON AVE","AUBURN BLVD",500.00,E,N,A,-,N,,,,,,,,,,N,2,0,1,2,A,-,11,21954,A,N,G,B,D,A,H,-,C,D,0,Y,,,,Y,,N,60,1,0,0,0,1,0,0,0,0,"- ","- ",38.660900115966797,-121.34459686279297,SACRAMENTO,UNINCORPORATED,-121.34522247314453,38.660781860351562
91187389,2020,2020-03-02,9250,2020-02-14,0555,018115,,5,3,9,3400,0,2,4,,1,053,"FAIR OAKS BLVD","CALIFORNIA AVE",0.00,,Y,A,-,N,,,,,,,,,,Y,2,0,1,2,A,-,12,21453,A,N,D,C,A,A,H,-,C,A,0,,,Y,,Y,,A,01,1,0,0,0,0,0,0,0,1,"- ","- ",38.636699676513672,-121.32099914550781,SACRAMENTO,UNINCORPORATED,-121.32103729248047,38.63677978515625
91192146,2020,2020-02-24,9252,2020-02-15,0205,020261,,6,3,9,3400,0,1,1,,2,106,"I-5 N/B","COSUMNES RIVER BLVD",528.00,S,N,A,-,Y,,,5,,,,,,N,Y,2,0,4,2,A,-,01,23152,A,N,C,C,A,A,H,-,D,D,0,,,,,Y,Y,A,01,1,0,3,0,0,0,0,0,0,"- ","- ",38.457199096679688,-121.493896484375,SACRAMENTO,UNINCORPORATED,-121.49382781982422,38.457221984863281
9119569,2020,2020-09-17,3400,2020-06-15,2140,735,RC,1,5,5,3490,0,0,0,,0,005,"FOLSOM BL","BRADSHAW RD",665.00,E,N,A,-,N,,,,,,,,,,N,2,0,1,2,A,-,03,22350,,F,G,B,D,A,D,-,D,D,0,Y,,,,Y,,-,,1,0,0,0,1,0,0,0,0,"- ","- ",38.573459625244141,-121.33439636230469,SACRAMENTO,"RANCHO CORDOVA",-121.33449554443359,38.573451995849609
91202647,2019,2020-03-05,9250,2019-10-01,0910,019266,,2,1,9,3400,0,3,5,,2,060,"PALM STREET","ARNOLD AVENUE",16.00,E,N,A,-,N,,,,,,,,,,N,1,1,0,2,A,-,03,22350,,F,G,B,D,A,H,-,A,D,0,Y,,,,Y,,D,22,0,0,0,1,0,0,0,0,0,"- ","- ",38.665401458740234,-121.38510131835938,SACRAMENTO,UNINCORPORATED,-121.38525390625,38.665489196777344
91202765,2019,2020-03-05,9252,2019-09-27,0610,018071,,5,1,7,3404,0,1,3,,2,192,"SR-99 N/B","FRUITRIDGE RD",2112.00,N,N,B,-,Y,,,,,,,,,,Y,2,0,1,3,A,-,03,22350,,N,C,C,A,A,H,-,D,D,0,,,,,Y,,J,49,1,0,0,0,0,0,0,0,0,"- ","- ",38.531570434570312,-121.47709655761719,SACRAMENTO,SACRAMENTO,-121.47039794921875,38.530265808105469
91205297,2020,2020-03-10,9252,2020-03-04,1600,020783,,3,2,9,3400,0,1,1,,2,106,"FREEPORT BLVD (8000 BLOCK)","COSUMNES RIVER BLVD",2412.00,S,N,A,-,N,,,,,,,,,,Y,2,0,1,1,A,-,03,22350,,N,F,A,A,A,H,-,A,D,0,,,Y,,Y,,C,02,1,0,0,0,0,0,0,0,1,"- ","- ",38.459011077880859,-121.50119781494141,SACRAMENTO,UNINCORPORATED,-121.50119018554688,38.459136962890625
91206036,2019,2020-03-11,9252,2019-11-21,1600,018730,,4,2,9,3400,0,2,S,,2,055,"17635 SR-160 BRANNON ISLAND STATE PARK",SR-160,295.00,E,N,A,-,N,,,,,,,,,,N,1,1,0,1,A,-,01,23152,A,N,E,I,A,A,H,-,A,D,0,,,Y,,Y,Y,C,06,0,0,0,0,0,0,0,1,0,"- ","- ",38.114891052246094,-121.69487762451172,SACRAMENTO,UNINCORPORATED,-121.68964385986328,38.123020172119141
91210445,2020,2020-03-17,9252,2020-03-07,1848,020369,,6,2,7,3404,0,1,1,,2,107,"I-5 S/B","SOUTH LAND PARK DR",280.00,S,N,B,-,Y,,,5,,,,,,S,Y,2,0,1,1,A,-,08,22107,,N,E,I,A,B,H,-,C,D,0,,,,,Y,,A,01,1,0,0,0,0,0,0,0,0,"- ","- ",38.488201141357422,-121.51360321044922,SACRAMENTO,SACRAMENTO,-121.513671875,38.488166809082031
9121211,2020,2020-09-09,3404,2020-06-14,2132,965,2,7,5,7,3404,0,0,0,,0,00C,"EL CAMINO AV","TAFT ST",24.00,E,N,A,-,N,,,,,,,,,,N,2,0,1,2,A,-,11,21955,,F,G,B,D,A,H,-,C,D,0,Y,,,,Y,,N,60,1,0,0,0,1,0,0,0,0,"- ","- ",,,SACRAMENTO,SACRAMENTO,-121.43801879882812,38.611049652099609
91212473,2020,2020-03-20,9250,2020-03-17,2015,019090,,2,2,9,3400,0,2,4,,1,045,"WATT AVE","AUBURN BLVD",75.00,W,N,A,-,N,,,,,,,,,,Y,2,0,1,2,A,-,02,22400,A,N,C,C,A,A,H,-,A,D,0,,,,,Y,Y,A,01,1,0,0,0,0,0,0,0,0,"- ","- ",38.636299133300781,-121.38300323486328,SACRAMENTO,UNINCORPORATED,-121.38308715820312,38.637130737304688
91218200,2020,2020-03-30,9250,2020-03-19,1840,018863,,4,2,9,3400,0,3,5,,2,010,"LARCHMONT DRIVE","DON JULIO BOULEVARD",0.00,,Y,A,-,N,,,,,,,,,,Y,2,0,3,2,A,-,01,23152,A,F,D,C,A,A,H,-,A,A,0,,,,,Y,Y,A,01,1,2,0,0,0,0,0,0,0,"- ","- ",38.686298370361328,-121.36759948730469,SACRAMENTO,UNINCORPORATED,-121.36763763427734,38.686328887939453
91218217,2020,2020-03-30,9250,2020-02-27,0453,018863,,4,3,9,3400,0,2,4,,1,041,"HOWE AVENUE","HURLEY WAY",450.00,S,N,A,-,N,,,,,,,,,,N,2,0,1,2,A,-,11,21954,A,N,G,B,D,A,H,-,C,D,0,Y,,,Y,Y,,N,60,1,0,0,0,1,0,0,0,0,"- ","- ",38.587799072265625,-121.41529846191406,SACRAMENTO,UNINCORPORATED,-121.41548156738281,38.587654113769531
91219786,2020,2020-04-02,9252,2020-03-31,1845,018938,,2,2,9,3400,0,2,4,,1,071,"20TH AVE","42ND ST",10.00,W,N,A,-,N,,,,,,,,,,N,2,0,1,1,A,-,01,23152,A,N,H,A,A,A,H,-,A,A,0,,,Y,,Y,Y,C,06,1,0,0,0,0,0,0,0,1,"- ","- ",38.324001312255859,-121.27279663085938,SACRAMENTO,UNINCORPORATED,-121.45777130126953,38.534339904785156
91220686,2020,2020-04-06,9250,2020-03-30,0020,020753,,1,3,9,3400,0,2,4,,1,064,"W. ELKHORN BOULEVARD","SAGEVIEW DRIVE",40.00,W,N,A,-,N,,,,,,,,,,Y,2,0,1,2,A,-,01,23152,A,N,E,I,A,A,H,-,C,D,0,,,,,Y,Y,A,07,1,0,0,0,0,0,0,0,0,"- ","- ",38.685298919677734,-121.50074768066406,SACRAMENTO,UNINCORPORATED,-121.50051116943359,38.685230255126953
91222299,2020,2020-04-07,9250,2020-04-02,2024,020003,,4,2,9,3400,0,2,4,,1,015,"ROSEVILLE RD","PALM AVE",223.00,N,N,A,-,N,,,,,,,,,,Y,2,0,2,2,A,-,01,23152,A,N,A,C,A,A,H,-,C,D,0,,,,,Y,Y,A,01,2,0,0,0,0,0,0,0,0,"- ","- ",38.669109344482422,-121.37191009521484,SACRAMENTO,UNINCORPORATED,-121.37203979492188,38.6689453125
91223762,2020,2020-04-09,9260,2020-01-22,0730,016907,,3,1,9,3400,0,3,5,,2,001,"EAGLES NEST ROAD","KIEFER BOULEVARD",1584.00,S,N,B,-,N,,,,,,,,,,Y,1,2,4,2,A,-,05,21650,,N,A,C,A,B,H,-,A,D,0,,,,,Y,,A,01,2,1,1,0,0,0,0,0,0,"- ","- ",38.524101257324219,-121.26110076904297,SACRAMENTO,UNINCORPORATED,-121.26109313964844,38.523609161376953
91223860,2020,2020-04-10,9250,2020-04-05,1325,019169,,7,1,7,3404,0,1,1,,2,105,"GARDEN HWY ON RAMP TO I-5 N/B","GARDEN HWY",350.00,N,N,C,-,Y,,,,,,,,,,Y,2,0,1,1,A,-,03,22350,,N,E,J,A,B,H,-,A,D,0,,,,,Y,,A,01,1,0,0,0,0,0,0,0,0,"- ","- ",38.607810974121094,-121.50698089599609,SACRAMENTO,SACRAMENTO,,
91226571,2020,2020-04-23,9250,2020-04-13,2355,019151,,1,3,9,3400,0,2,4,,1,015,"ROSEVILLE RD","WATT AVE",390.00,E,N,A,-,N,,,,,,,,,,Y,2,0,1,1,A,-,03,22350,,N,F,A,A,A,H,-,C,D,0,,,Y,,Y,,C,02,1,0,0,0,0,0,0,0,1,"- ","- ",38.658138275146484,-121.38149261474609,SACRAMENTO,UNINCORPORATED,-121.38182067871094,38.65814208984375
91228902,2020,2020-04-23,9252,2020-04-15,0425,019323,,3,3,9,3400,0,1,3,,1,112,"SR-12 E/B",SR-160,4224.00,E,N,A,-,Y,,,12,,,,,,E,Y,2,0,2,2,A,-,06,21751,,N,A,C,A,A,H,-,D,D,0,,,,,Y,,A,01,2,0,0,0,0,0,0,0,0,"- ","- ",38.150890350341797,-121.66349029541016,SACRAMENTO,UNINCORPORATED,-121.66347503662109,38.150947570800781
91230080,2019,2020-04-27,9252,2019-12-27,0007,020421,,5,3,9,3400,0,2,4,,2,073,"ORANGE AVENUE","FLORIN MALL DR",1330.00,E,N,A,-,N,,,,,,,,,,Y,1,1,2,2,A,-,01,23152,A,N,D,C,A,A,H,-,C,D,0,,,,,Y,Y,D,22,0,2,0,0,0,0,0,0,0,"- ","- ",38.487659454345703,-121.42955017089844,SACRAMENTO,UNINCORPORATED,-121.42940521240234,38.488742828369141
91230918,2020,2020-04-29,9252,2020-04-21,2035,019202,,2,2,9,3400,0,1,3,,1,112,"SR-12 E/B","JACKSON SLOUGH RD",7762.00,W,N,A,-,Y,,,12,,,,,,E,Y,2,0,3,2,A,-,06,21751,,N,A,C,A,A,H,-,D,D,0,,,,,Y,,A,01,1,1,1,0,0,0,0,0,0,"- ","- ",38.147079467773438,-121.64936065673828,SACRAMENTO,UNINCORPORATED,-121.64936828613281,38.147060394287109
91233605,2020,2021-02-04,9252,2020-04-25,1315,018071,,6,1,9,3400,0,1,3,,2,192,"SR-99 N/B TO 47TH AVE W/B","47TH AVE",480.00,N,N,A,-,Y,,,99,,,,R,,N,Y,2,0,1,1,A,-,08,22107,,N,F,A,A,A,H,-,A,D,0,,,,,Y,,D,22,1,0,0,0,0,0,0,0,0,"- ","- ",38.511890411376953,-121.4599609375,SACRAMENTO,UNINCORPORATED,-121.4599609375,38.511890411376953
91234467,2020,2020-05-06,9250,2020-04-25,2045,020968,,6,2,9,3400,0,2,4,,1,041,"MARCONI AVENUE EASTBOUND","FULTON AVENUE",420.00,W,N,A,-,N,,,,,,,,,,N,1,1,0,2,A,-,09,21804,A,N,H,G,A,A,H,-,C,D,0,,Y,,,Y,,L,04,0,0,0,0,0,1,0,0,0,"- ","- ",38.374698638916016,-121.24112701416016,SACRAMENTO,UNINCORPORATED,-121.40293884277344,38.618038177490234
91235163,2020,2020-05-08,9250,2020-04-29,1200,016351,,3,1,7,3404,0,1,1,,2,181,"I-80 WB TO I-5 SB","SAN JUAN RD",531.00,W,N,B,-,Y,,,80,,,,R,,W,Y,2,0,1,1,A,-,03,22350,,N,E,I,A,A,H,-,A,D,0,,,Y,,Y,,C,02,1,0,0,0,0,0,0,0,1,"- ","- ",38.627090454101562,-121.51419830322266,SACRAMENTO,SACRAMENTO,-121.51419830322266,38.627090454101562
91235620,2020,2020-05-11,9250,2020-05-02,2025,020143,,6,2,9,3400,0,2,4,,1,041,"HOWE AVE","HALLMARK DR",200.00,N,N,A,-,N,,,,,,,,,,Y,2,0,2,2,A,-,08,22107,,N,E,I,A,A,H,-,C,D,0,,,,,Y,,A,01,1,1,0,0,0,0,0,0,0,"- ","- ",38.592350006103516,-121.415283203125,SACRAMENTO,UNINCORPORATED,-121.41545867919922,38.592369079589844
91236077,2020,2020-05-11,9252,2020-04-28,1255,014512,,2,1,9,3400,0,1,3,,2,192,"SR-99 N/B","FLORIN RD",2321.00,S,N,A,-,Y,,,99,,,,,,N,Y,2,0,1,1,A,-,08,22107,,N,E,I,A,A,H,-,A,D,0,,,,,Y,,A,01,1,0,0,0,0,0,0,0,0,"- ","- ",38.491001129150391,-121.44039916992188,SACRAMENTO,UNINCORPORATED,-121.44040679931641,38.490993499755859
91237637,2020,2020-05-14,9260,2020-05-07,1810,018663,,4,2,9,3400,0,2,4,,2,307,"HAZEL AVE","LA SERENA DR",200.00,N,N,A,-,N,,,,,,,,,,Y,2,0,1,2,A,-,07,21658,A,N,B,C,A,A,H,-,A,D,0,,,Y,,Y,,C,02,1,0,0,0,0,0,0,0,1,"- ","- ",38.649120330810547,-121.22560882568359,SACRAMENTO,UNINCORPORATED,-121.22547912597656,38.648967742919922
91238090,2020,2020-05-15,9250,2020-05-05,0638,019069,,2,1,9,3400,0,1,3,,1,244,"SR-244 WB TO I-80 W/B","WATT AVE",410.00,E,N,A,-,Y,,,244,,,,R,,W,Y,2,0,1,4,A,-,03,22350,,N,C,C,A,A,H,-,A,A,0,,,,Y,Y,,A,01,1,0,0,0,0,0,0,0,0,"- ","- ",38.645900726318359,-121.38162231445312,SACRAMENTO,UNINCORPORATED,-121.38162231445312,38.645900726318359
91241689,2020,2020-05-25,9250,2020-05-17,0924,020176,,7,1,9,3400,0,3,5,,2,010,"GOTHBERG AVE","WHITSETT DR",0.00,,Y,B,C,N,,,,,,,,,,N,2,0,1,2,A,-,09,21801,A,F,H,G,A,B,H,-,A,A,0,,Y,,,Y,,A,01,1,0,0,0,0,0,1,0,0,"- ","- ",38.690830230712891,-121.36850738525391,SACRAMENTO,UNINCORPORATED,-121.36878204345703,38.690799713134766
91241691,2020,2020-05-25,9250,2020-05-16,1600,019090,,6,2,9,3400,0,3,5,,2,040,"COTTAGE WAY","TOWER AVE",0.00,,Y,A,-,N,,,,,,,,,,Y,2,0,1,2,A,-,12,22450,A,F,D,C,A,A,H,-,A,A,0,,,,,Y,,A,01,1,0,0,0,0,0,0,0,0,"- ","- ",38.603401184082031,-121.40489959716797,SACRAMENTO,UNINCORPORATED,-121.40486907958984,38.603481292724609
91250097,2020,2020-06-10,9252,2020-06-02,1350,014833,,2,1,9,3400,0,3,5,,2,080,"ROBSON RD. W/B","PELLANDINI RD.",2112.00,W,N,A,-,N,,,,,,,,,,Y,2,0,1,1,A,-,01,23152,A,N,E,I,A,A,H,-,A,D,0,,,,,Y,Y,D,22,1,0,0,0,0,0,0,0,0,"- ","- ",38.276531219482422,-121.35916137695312,SACRAMENTO,UNINCORPORATED,-121.35853576660156,38.276477813720703
91253475,2020,2020-06-17,9260,2020-05-07,1409,018596,,4,2,9,3400,0,2,4,,2,101,"WATT AVENUE","KIEFER BOULEVARD",0.00,,Y,A,-,N,,,,,,,,,,Y,2,0,4,4,A,-,12,21453,A,N,D,C,A,A,H,-,A,A,0,,,,,Y,,A,01,2,2,0,0,0,0,0,0,0,"- ","- ",38.54705810546875,-121.37238311767578,SACRAMENTO,UNINCORPORATED,-121.37242889404297,38.547069549560547
91253543,2020,2020-06-17,9252,2020-03-10,1920,020261,,2,2,9,3400,0,2,4,,2,073,"66TH AVE","STOCKTON BLVD",460.00,W,N,A,-,N,,,,,,,,,,Y,1,1,0,2,A,-,09,21804,A,N,D,C,A,A,H,-,D,D,0,,,Y,,Y,,C,02,0,0,0,0,0,0,0,1,0,"- ","- ",38.492401123046875,-121.42900085449219,SACRAMENTO,UNINCORPORATED,-121.42897033691406,38.492378234863281
91262554,2019,2020-07-02,9252,2019-11-02,1423,020369,,6,2,5,3450,0,1,1,,2,106,"I-5 NORTHBOUND","ELK GROVE BOULEVARD",2112.00,N,N,A,-,Y,,,5,,,,,,N,Y,1,1,0,3,A,-,03,22350,,F,C,C,A,A,H,-,A,D,0,,,Y,,Y,,C,02,0,0,0,0,0,0,0,1,0,"- ","- ",38.414699554443359,-121.48459625244141,SACRAMENTO,"ELK GROVE",-121.48479461669922,38.414657592773438
91268083,2020,2020-07-14,9250,2020-07-06,1455,019301,,1,2,9,3400,0,2,4,,1,053,"FAIR OAKS BLVD","SOUTHCLIFF DR",0.00,,Y,A,-,N,,,,,,,,,,Y,2,0,1,2,A,-,09,21802,A,M,D,C,A,A,H,-,A,D,0,,,,,Y,,A,07,1,0,0,0,0,0,0,0,0,"- ","- ",38.636760711669922,-121.28411865234375,SACRAMENTO,UNINCORPORATED,-121.28415679931641,38.636798858642578
91268445,2020,2020-07-14,9250,2020-07-05,0530,019301,,7,3,9,3400,0,3,5,,2,040,"VENTURE CT.","ENTERPRISE DR",200.00,N,N,A,-,N,,,,,,,,,,N,2,0,1,2,A,-,11,21954,A,F,G,B,E,A,H,-,A,D,0,Y,,,,Y,,N,60,1,0,0,0,1,0,0,0,0,"- ","- ",38.584331512451172,-121.41686248779297,SACRAMENTO,UNINCORPORATED,-121.41686248779297,38.584224700927734
91268708,2020,2020-07-15,9250,2020-07-08,2326,020024,,3,3,9,3400,0,2,4,,1,043,"FULTON AVE","LOMA VISTA DR",93.00,N,N,A,-,N,,,,,,,,,,N,2,0,1,2,A,-,11,21954,A,N,G,B,D,A,H,-,C,D,0,Y,,,,Y,,N,60,1,0,0,0,1,0,0,0,0,"- ","- ",38.60968017578125,-121.40139770507812,SACRAMENTO,UNINCORPORATED,-121.40148162841797,38.609657287597656
91268830,2020,2020-07-15,9260,2020-07-09,0338,019281,,4,3,9,3400,0,1,2,,2,502,"US-50 E/B","PRAIRIE CITY RD",3200.00,W,N,A,-,Y,,,50,,,,,,E,Y,2,0,1,1,A,-,01,23152,A,N,F,I,A,A,H,-,D,D,0,,,,,Y,Y,A,07,1,0,0,0,0,0,0,0,0,"- ","- ",38.642391204833984,-121.16880798339844,SACRAMENTO,UNINCORPORATED,-121.16880798339844,38.642436981201172
91271866,2020,2020-07-21,9252,2020-07-06,1000,016747,,1,1,9,3400,0,1,3,,1,161,"SR-160 N/B",SR-12,1003.00,S,N,A,-,Y,,,160,,,,,,N,Y,2,0,2,1,A,-,08,22107,,N,F,I,A,A,H,-,A,D,0,,,,,Y,,A,07,1,1,0,0,0,0,0,0,0,"- ","- ",38.173931121826172,-121.65682220458984,SACRAMENTO,UNINCORPORATED,-121.65676879882812,38.174053192138672
91272984,2020,2020-07-22,9252,2020-07-13,1609,018575,,1,2,7,3404,0,1,3,,2,192,"SR-99 N/B TO FRUITRIDGE RD W/B","FRUITRIDGE ROAD",528.00,N,N,A,-,Y,,,99,,,,R,,N,Y,2,0,2,1,A,-,03,22350,,N,E,I,A,A,H,-,A,D,0,,,,,Y,,A,01,2,0,0,0,0,0,0,0,0,"- ","- ",38.526458740234375,-121.46766662597656,SACRAMENTO,SACRAMENTO,-121.46766662597656,38.526458740234375
91281114,2020,2020-08-05,9250,2020-07-26,1250,019301,,7,1,9,3400,0,3,5,,2,010,"DON JULIO BLVD","ANTELOPE RD",155.00,S,N,A,-,N,,,,,,,,,,Y,2,0,1,2,A,-,05,21460,A,N,A,C,A,A,H,-,A,D,0,,,,,Y,,A,01,1,0,0,0,0,0,0,0,0,"- ","- ",38.702598571777344,-121.34600067138672,SACRAMENTO,UNINCORPORATED,-121.34592437744141,38.703266143798828
91283334,2020,2020-12-04,9250,2020-08-01,1145,019301,,6,1,9,3400,0,3,5,,2,010,"ROSEVILLED RD","PALM AVE",49.00,N,N,A,-,N,,,,,,,,,,Y,2,0,2,2,A,-,01,23152,A,N,A,C,A,A,H,-,A,A,0,,,,,Y,Y,A,01,2,0,0,0,0,0,0,0,0,"- ","- ",38.668701171875,-121.37220001220703,SACRAMENTO,UNINCORPORATED,-121.37245178222656,38.668571472167969