CASE_ID,ACCIDENT_YEAR,PROC_DATE,JURIS,COLLISION_DATE,COLLISION_TIME,OFFICER_ID,REPORTING_DISTRICT,DAY_OF_WEEK,CHP_SHIFT,POPULATION,CNTY_CITY_LOC,SPECIAL_COND,BEAT_TYPE,CHP_BEAT_TYPE,CITY_DIVISION_LAPD,CHP_BEAT_CLASS,BEAT_NUMBER,PRIMARY_RD,SECONDARY_RD,DISTANCE,DIRECTION,INTERSECTION,WEATHER_1,WEATHER_2,STATE_HWY_IND,CALTRANS_COUNTY,CALTRANS_DISTRICT,STATE_ROUTE,ROUTE_SUFFIX,POSTMILE_PREFIX,POSTMILE,LOCATION_TYPE,RAMP_INTERSECTION,SIDE_OF_HWY,TOW_AWAY,COLLISION_SEVERITY,NUMBER_KILLED,NUMBER_INJURED,PARTY_COUNT,PRIMARY_COLL_FACTOR,PCF_CODE_OF_VIOL,PCF_VIOL_CATEGORY,PCF_VIOLATION,PCF_VIOL_SUBSECTION,HIT_AND_RUN,TYPE_OF_COLLISION,MVIW,PED_ACTION,ROAD_SURFACE,ROAD_COND_1,ROAD_COND_2,LIGHTING,CONTROL_DEVICE,CHP_ROAD_TYPE,PEDESTRIAN_ACCIDENT,BICYCLE_ACCIDENT,MOTORCYCLE_ACCIDENT,TRUCK_ACCIDENT,NOT_PRIVATE_PROPERTY,ALCOHOL_INVOLVED,STWD_VEHTYPE_AT_FAULT,CHP_VEHTYPE_AT_FAULT,COUNT_SEVERE_INJ,COUNT_VISIBLE_INJ,COUNT_COMPLAINT_PAIN,COUNT_PED_KILLED,COUNT_PED_INJURED,COUNT_BICYCLIST_KILLED,COUNT_BICYCLIST_INJURED,COUNT_MC_KILLED,COUNT_MC_INJURED,PRIMARY_RAMP,SECONDARY_RAMP,LATITUDE,LONGITUDE,COUNTY,CITY,POINT_X,POINT_Y
91285641,2020,2020-08-14,9252,2020-03-23,2205,019202,,1,3,7,3404,0,1,1,,2,106,"I-5 S/B","FREEPORT BOULEVARD",1467.00,S,N,A,-,Y,,,5,,,,,,S,N,1,1,0,2,A,-,11,21956,A,F,G,B,E,A,H,-,D,D,0,Y,,,,Y,,N,60,0,0,0,1,0,0,0,0,0,"- ","- ",38.47222900390625,-121.50083160400391,SACRAMENTO,SACRAMENTO,-121.50080871582031,38.472251892089844
91286852,2020,2020-08-17,9250,2020-04-20,0505,020234,,1,3,9,3400,0,2,4,,1,013,"WALERGA RD.","DON JULIO BLVD.",44.00,S,N,A,-,N,,,,,,,,,,Y,2,0,1,1,A,-,08,22107,,F,E,I,A,A,H,-,C,D,0,,,,,Y,,A,01,1,0,0,0,0,0,0,0,0,"- ","- ",38.688869476318359,-121.36363220214844,SACRAMENTO,UNINCORPORATED,-121.36373138427734,38.688938140869141
91289935,2020,2020-08-21,9250,2020-08-10,0611,018766,,1,1,7,3404,0,1,3,,2,151,"SR-51 (NORTHBOUND)","AUBURN BLVD",420.00,N,N,A,-,Y,,,51,,,,,,,N,2,0,1,3,A,-,07,21658,A,F,H,G,A,A,H,-,B,D,0,,Y,,,Y,,A,01,1,0,0,0,0,0,1,0,0,"- ","- ",38.637718200683594,-121.38513946533203,SACRAMENTO,SACRAMENTO,-121.38524627685547,38.637836456298828
91290503,2020,2020-08-21,9252,2020-08-07,0035,021088,,5,3,9,3400,0,1,3,,2,192,"SR-99 N/B","FLORIN ROAD",1758.00,S,N,A,-,Y,,,99,,,,,,N,N,2,0,1,2,A,-,01,23152,A,N,C,C,A,A,H,-,C,D,0,,,,,Y,Y,A,01,1,0,0,0,0,0,0,0,0,"- ","- ",38.492290496826172,-121.44187927246094,SACRAMENTO,UNINCORPORATED,-121.44183349609375,38.492336273193359
91291441,2020,2020-08-24,9250,2020-08-14,1902,019431,,5,2,9,3400,0,2,4,,1,052,"MARCONI AVE.","GREENWOOD AVE.",300.00,E,N,A,-,N,,,,,,,,,,N,2,0,1,2,A,-,11,21954,A,N,G,B,E,A,H,-,B,D,0,Y,,,,Y,,N,60,1,0,0,0,1,0,0,0,0,"- ","- ",38.617500305175781,-121.3583984375,SACRAMENTO,UNINCORPORATED,-121.35878753662109,38.617637634277344
91292251,2020,2020-08-25,9260,2020-08-16,2345,020920,,7,3,9,3400,0,2,4,,2,101,"SOUTH WATT AVE","CANBERRA DR",14.00,S,N,C,-,N,,,,,,,,,,Y,2,0,1,1,A,-,08,22107,,N,E,I,A,B,H,-,C,A,0,,,,,Y,,A,01,1,0,0,0,0,0,0,0,0,"- ","- ",38.542549133300781,-121.37339019775391,SACRAMENTO,UNINCORPORATED,-121.37225341796875,38.542381286621094
91293119,2020,2020-08-26,9252,2020-08-14,0115,021088,,5,3,9,3400,0,1,2,,2,150,"US-50 E/B","16TH STREET",270.00,E,N,A,-,Y,,,,,,,,,,N,2,0,1,1,A,-,01,23152,A,N,A,I,A,A,H,-,C,D,0,,,,,Y,Y,A,01,1,0,0,0,0,0,0,0,0,"- ","- ",38.562820434570312,-121.49034881591797,SACRAMENTO,UNINCORPORATED,-121.49083709716797,38.562881469726562
9129351,2020,2020-11-05,3404,2020-06-19,1809,8201,1,5,5,7,3404,0,0,0,,0,01B,"EL CAMINO AV","EVERGREEN ST",0.00,,Y,A,-,N,,,,,,,,,,Y,2,0,2,2,A,-,12,21453,A,N,D,C,A,A,H,-,A,A,0,,,Y,,Y,,C,02,1,1,0,0,0,0,0,0,1,"- ","- ",,,SACRAMENTO,SACRAMENTO,-121.44386291503906,38.611141204833984
91295530,2020,2020-08-28,9250,2020-08-19,1240,018766,,3,1,9,3400,0,2,4,,1,014,"ELKHORN BLVD","MCDERMOTT DR",0.00,,Y,B,-,N,,,,,,,,,,N,2,0,1,2,A,-,12,22450,A,N,H,G,A,A,H,-,A,D,0,,Y,,,Y,,L,04,1,0,0,0,0,0,1,0,0,"- ","- ",38.694469451904297,-121.35536956787109,SACRAMENTO,UNINCORPORATED,-121.35536193847656,38.694450378417969
91300077,2020,2020-09-08,9320,2020-08-26,1658,021514,,3,2,9,3400,0,2,4,,2,073,"POWER INN RD","FLORIN RD",300.00,S,N,A,-,N,,,,,,,,,,N,2,0,1,2,A,-,09,21801,A,N,D,C,A,A,H,-,A,D,0,,,Y,,Y,,A,01,1,0,0,0,0,0,0,0,1,"- ","- ",38.494701385498047,-121.40899658203125,SACRAMENTO,UNINCORPORATED,-121.40900421142578,38.495258331298828
91301862,2020,2020-09-09,9260,2020-06-23,1702,018425,,2,2,9,3400,0,3,5,,2,001,"TALLYHO DR.","AVANTE WAY",0.00,,Y,A,-,N,,,,,,,,,,Y,2,0,1,2,A,-,09,21804,A,F,D,C,A,A,H,-,A,D,0,,,Y,,Y,,D,22,1,0,0,0,0,0,0,0,1,"- ","- ",38.546741485595703,-121.34896850585938,SACRAMENTO,UNINCORPORATED,-121.34893798828125,38.546688079833984
9130339,2020,2020-11-06,3401,2020-07-03,2214,248,CA034,5,5,5,3401,0,0,0,,0,005,"E BIDWELL ST","OLD RANCH WY",26.00,S,N,A,-,N,,,,,,,,,,Y,2,0,1,1,A,-,05,21651,B,N,E,I,A,A,H,-,D,D,0,,,Y,,Y,,C,02,1,0,0,0,0,0,0,0,1,"- ","- ",,,SACRAMENTO,FOLSOM,-121.1142578125,38.6358642578125
91306419,2020,2020-09-17,9252,2020-09-05,1030,018071,,6,1,7,3404,0,1,3,,2,192,"SR-99 S/B","5TH AVE",300.00,S,N,A,-,Y,,,99,,,,,,S,Y,2,0,3,2,C,-,18,,,N,B,C,A,B,H,-,A,D,0,,,,,Y,,-,"- ",1,2,0,0,0,0,0,0,0,"- ","- ",38.5489501953125,-121.47411346435547,SACRAMENTO,SACRAMENTO,-121.47404479980469,38.5489501953125
91308932,2020,2020-09-22,9252,2020-09-15,0118,021550,,2,3,9,3400,0,1,1,,2,106,"I-5 N/B","ELK GROVE BLVD",1600.00,S,N,A,-,Y,,,5,,,,,,N,Y,2,0,1,1,A,-,01,23152,G,N,F,I,A,A,H,-,D,D,0,,,,,Y,Y,A,01,1,0,0,0,0,0,0,0,0,"- ","- ",38.392280578613281,-121.48004913330078,SACRAMENTO,UNINCORPORATED,-121.48014068603516,38.392261505126953
91310839,2020,2020-09-24,9250,2020-09-16,1505,018542,,3,2,9,3400,0,2,4,,1,011,"WATT AVE","NORTH HAVEN DR",230.00,N,N,A,-,N,,,,,,,,,,Y,2,0,1,2,A,-,07,21658,A,N,B,C,A,A,H,-,A,A,0,,,Y,,Y,,A,01,1,0,0,0,0,0,0,0,1,"- ","- ",38.670940399169922,-121.38300323486328,SACRAMENTO,UNINCORPORATED,-121.38288879394531,38.670909881591797
91313033,2020,2020-09-28,9252,2020-09-21,2130,021027,,1,2,7,3404,0,1,3,,2,192,"SR-99 S/B","FLORIN RD",385.00,N,N,A,-,Y,,,,,,,,,,Y,2,0,4,2,A,-,03,22350,,N,C,C,A,A,H,-,C,A,0,,,Y,,Y,,C,02,1,0,3,0,0,0,0,0,1,"- ","- ",38.497108459472656,-121.44711303710938,SACRAMENTO,SACRAMENTO,,
91314657,2020,2020-09-30,9250,2020-09-20,0110,020577,,7,3,5,3496,0,1,1,,2,183,"I-80 W/B","ANTELOPE RD",750.00,W,N,A,-,Y,,,80,,,,,,W,Y,2,0,1,1,A,-,01,23152,A,N,F,A,A,A,H,-,C,D,0,,,Y,,Y,Y,C,02,1,0,0,0,0,0,0,0,1,"- ","- ",38.7056884765625,-121.3115234375,SACRAMENTO,"CITRUS HEIGHTS",-121.31159973144531,38.705780029296875
91318033,2020,2020-10-06,9252,2020-09-27,0525,020931,,7,3,7,3404,0,1,1,,2,108,"I-5 N/B","RAILYARDS BLVD UC",26.00,N,N,A,-,Y,,,5,,,,,,N,N,2,0,1,2,A,-,11,21954,A,N,G,B,E,A,H,-,C,D,0,Y,,,,Y,,N,60,1,0,0,0,1,0,0,0,0,"- ","- ",38.589698791503906,-121.50420379638672,SACRAMENTO,SACRAMENTO,-121.50428009033203,38.589687347412109
9131933,2020,2020-10-05,3496,2020-07-03,1010,489,3496,5,5,5,3496,0,0,0,,0,002,"AUBURN BL","GREENBACK LN",876.00,N,N,A,-,N,,,,,,,,,,N,2,0,1,2,A,-,05,21650,1,N,D,G,A,A,H,-,A,D,0,,Y,,,Y,,L,04,1,0,0,0,0,0,1,0,0,"- ","- ",,,SACRAMENTO,"CITRUS HEIGHTS",-121.31845855712891,38.680503845214844
91320057,2020,2020-10-08,9260,2020-09-30,1125,015944,,3,1,9,3400,0,2,4,,2,305,"FAIR OAKS BLVD","MADISON AVE",0.00,,Y,A,-,N,,,,,,,,,,Y,2,0,1,1,A,-,01,23152,A,N,E,I,A,A,H,-,A,A,0,,,,,Y,Y,A,07,1,0,0,0,0,0,0,0,0,"- ","- ",38.663951873779297,-121.26204681396484,SACRAMENTO,UNINCORPORATED,-121.26216125488281,38.664131164550781
91321679,2020,2020-10-12,9260,2020-09-30,0509,020112,,3,3,9,3400,0,1,2,,2,502,"US-50 E/B","FOLSOM BOULEVARD",875.00,W,N,A,-,Y,,,50,,,,,,E,Y,2,0,2,1,A,-,01,23152,F,N,E,I,A,A,H,-,D,D,0,,,,,Y,,A,01,1,1,0,0,0,0,0,0,0,"- ","- ",38.63922119140625,-121.19991302490234,SACRAMENTO,UNINCORPORATED,-121.19994354248047,38.639358520507812
91322677,2020,2020-10-13,9252,2020-10-02,1615,015718,,5,2,7,3404,0,1,2,,2,151,"US-50 W/B TO SR-51 N/B","34TH STREET",446.00,W,N,A,-,Y,,,50,,,,R,,W,Y,2,0,1,2,A,-,08,22107,,N,B,C,A,A,H,-,A,D,0,,,,,Y,,D,22,1,0,0,0,0,0,0,0,0,"- ","- ",38.559970855712891,-121.46820831298828,SACRAMENTO,SACRAMENTO,-121.46820831298828,38.559970855712891
9132290,2020,2020-09-25,3404,2020-07-29,0649,0731,,3,5,7,3404,0,0,0,,0,,"RALEY BL","SANTA ANA AV",302.00,S,N,A,-,N,,,,,,,,,,Y,2,0,1,1,A,-,03,22350,,N,F,A,A,A,B,-,A,D,0,,,Y,,Y,,C,02,1,0,0,0,0,0,0,0,1,"- ","- ",,,SACRAMENTO,SACRAMENTO,-121.42915344238281,38.657402038574219
91324077,2020,2020-10-15,9250,2020-10-03,0930,014344,,6,1,9,3400,0,2,4,,1,045,"WATT AVE","LYNNE WAY",123.00,N,N,A,-,N,,,,,,,,,,Y,2,0,1,2,A,-,08,22107,,N,D,C,A,A,H,-,A,D,0,,,,Y,Y,,A,01,1,0,0,0,0,0,0,0,0,"- ","- ",38.626251220703125,-121.38304138183594,SACRAMENTO,UNINCORPORATED,-121.38304138183594,38.625518798828125
91327550,2020,2020-11-20,9252,2020-09-29,2030,020369,,2,2,7,3404,0,1,1,,2,107,"I-5 S/B","CASILADA WAY",1170.00,N,N,A,-,Y,,,5,,,,,,S,Y,2,0,2,2,A,-,03,22350,,F,C,C,A,A,D,-,C,D,0,,,,,Y,,A,01,1,0,1,0,0,0,0,0,0,"- ","- ",38.531238555908203,-121.51789855957031,SACRAMENTO,SACRAMENTO,-121.51784515380859,38.531230926513672
91329041,2020,2020-10-21,9252,2020-10-14,0812,019465,,3,1,9,3400,0,2,4,,1,072,"FLORIN ROAD","E. SOUTHGATE DRIVE",0.00,,Y,A,-,N,,,,,,,,,,Y,2,0,1,2,A,-,09,21801,A,F,F,A,A,A,H,-,A,D,0,,,Y,,Y,,-,99,1,0,0,0,0,0,0,0,1,"- ","- ",38.495998382568359,-121.43679809570312,SACRAMENTO,UNINCORPORATED,-121.43675994873047,38.496051788330078
91332441,2020,2020-12-16,9250,2020-08-03,2342,018863,,1,3,9,3400,0,2,4,,1,064,"WEST ELKHORN BOULEVARD","EAST LEVEE ROAD",0.00,,Y,A,-,N,,,,,,,,,,Y,1,1,3,4,A,-,01,23152,A,N,A,C,A,A,H,-,C,D,0,,,,,Y,Y,A,01,1,1,1,0,0,0,0,0,0,"- ","- ",38.685100555419922,-121.48539733886719,SACRAMENTO,UNINCORPORATED,-121.48549652099609,38.685138702392578
91337175,2020,2020-11-02,9252,2020-09-13,0240,021271,,7,3,9,3400,0,2,4,,1,071,"MARTIN LUTHER KING JR BLVD","47TH AVE",0.00,,Y,A,-,N,,,,,,,,,,Y,2,0,2,2,A,-,12,21453,A,F,D,C,A,A,H,-,C,A,0,,,,,Y,,A,07,1,0,1,0,0,0,0,0,0,"- ","- ",38.510410308837891,-121.46459197998047,SACRAMENTO,UNINCORPORATED,-121.46456909179688,38.510379791259766
91338915,2020,2022-02-23,9250,2020-10-25,2115,020274,,7,2,9,3400,0,2,4,,1,053,"FAIR OAKS BOULEVARD","SUMNER LANE",495.00,W,N,A,-,N,,,,,,,,,,Y,1,1,0,1,A,-,08,22107,,N,E,I,A,A,H,-,D,D,0,,,,,Y,,A,07,0,0,0,0,0,0,0,0,0,"- ","- ",38.636451721191406,-121.30538940429688,SACRAMENTO,UNINCORPORATED,-121.30534362792969,38.636489868164062
91345702,2020,2021-01-21,9252,2020-05-01,0518,021027,,5,3,7,3404,0,1,3,,2,192,"SR-99 S/B","2ND AVENUE",351.00,S,N,A,-,Y,,,99,,,,,,S,Y,1,1,1,2,A,-,01,23152,F,N,C,C,A,A,H,-,C,D,0,,,Y,,Y,,C,02,1,0,0,0,0,0,0,1,1,"- ","- ",38.553321838378906,-121.47416687011719,SACRAMENTO,SACRAMENTO,-121.47421264648438,38.553318023681641
91352370,2020,2020-11-24,9260,2020-11-05,1617,018893,,4,2,9,3400,0,3,5,,2,003,"DREDGER WAY","BUFFALO AVE",170.00,S,N,A,-,N,,,,,,,,,,Y,2,0,1,1,A,-,00,22017,,N,E,I,A,A,H,-,A,D,0,,,Y,,Y,,C,02,1,0,0,0,0,0,0,0,1,"- ","- ",38.662540435791016,-121.199462890625,SACRAMENTO,UNINCORPORATED,-121.19937896728516,38.662624359130859
91355110,2020,2020-11-30,9250,2020-11-16,0143,020234,,1,3,9,3400,0,2,4,,1,024,"MADISON AVE.","HACKBERRY LN.",0.00,,Y,A,-,N,,,,,,,,,,Y,2,0,1,2,A,-,12,21453,A,N,D,C,A,A,H,-,C,A,0,,,,,Y,Y,-,"- ",1,0,0,0,0,0,0,0,0,"- ","- ",38.660800933837891,-121.33207702636719,SACRAMENTO,UNINCORPORATED,-121.33203887939453,38.660770416259766
91355875,2020,2020-12-01,9250,2020-11-16,0100,020252,,1,3,9,3400,0,1,1,,2,183,"I-80 W/B","ANTELOPE RD",4052.00,E,N,A,-,Y,,,,,,,,,,Y,2,0,1,2,A,-,01,23152,A,N,C,C,A,A,H,-,D,D,0,,,,Y,Y,Y,D,22,1,0,0,0,0,0,0,0,0,"- ","- ",38.716049194335938,-121.30034637451172,SACRAMENTO,UNINCORPORATED,-121.30973815917969,38.707489013671875
91358061,2020,2020-12-03,9250,2020-11-21,1528,019169,,6,2,7,3404,0,1,3,,2,151,"SR-51 N/B","EXPOSITION BLVD",500.00,N,N,A,-,Y,,,51,,,,,,N,Y,2,0,1,2,A,-,07,21658,A,N,B,C,A,A,H,-,A,D,0,,,Y,,Y,,C,02,1,0,0,0,0,0,0,0,1,"- ","- ",38.599491119384766,-121.44078826904297,SACRAMENTO,SACRAMENTO,-121.44081115722656,38.599529266357422
91359253,2020,2021-03-25,9250,2020-10-28,0120,019535,,3,3,9,3400,0,2,4,,1,011,"WATT AVENUE","MYRTLE AVENUE",0.00,,Y,A,-,N,,,,,,,,,,Y,1,1,3,3,A,-,01,23152,F,N,D,C,A,A,H,-,C,A,0,,,,,Y,,A,01,1,2,0,0,0,0,0,0,0,"- ","- ",38.654098510742188,-121.38287353515625,SACRAMENTO,UNINCORPORATED,-121.38301086425781,38.654121398925781
91360958,2020,2020-12-08,9250,2020-11-26,0900,018116,,4,1,7,3404,0,3,5,,2,090,"SR-99 N/B",I-5,3168.00,N,N,A,-,Y,,,99,,,,,,N,Y,2,0,2,1,A,-,08,22107,,N,F,A,A,A,H,-,A,D,0,,,,,Y,,A,07,1,0,1,0,0,0,0,0,0,"- ","- ",38.676448822021484,-121.53990936279297,SACRAMENTO,SACRAMENTO,-121.53995513916016,38.676448822021484
91368565,2020,2020-12-16,9250,2020-12-06,1830,020398,,7,2,9,3400,0,2,4,,1,045,"WATT AVE","MARCONI AVE",475.00,S,N,A,-,N,,,,,,,,,,Y,2,0,4,2,A,-,07,21658,A,N,B,C,A,A,H,-,C,D,0,,,Y,,Y,,C,02,1,2,1,0,0,0,0,0,2,"- ","- ",38.616340637207031,-121.38304901123047,SACRAMENTO,UNINCORPORATED,-121.38307952880859,38.61651611328125
9138164,2020,2020-10-15,3404,2020-08-05,1632,8166,4,3,5,7,3404,0,0,0,,0,04A,"X ST","26TH ST",0.00,,Y,A,-,N,,,,,,,,,,N,2,0,5,3,A,-,12,21453,A,N,D,C,A,A,H,-,A,A,0,,,,,Y,,A,01,1,2,2,0,0,0,0,0,0,"- ","- ",,,SACRAMENTO,SACRAMENTO,-121.47857666015625,38.559169769287109
91384805,2021,2021-01-11,9252,2021-01-01,0323,021033,,5,3,7,3404,0,1,3,,2,192,"SR-99 S/B","FLORIN RD",2520.00,N,N,A,-,Y,,,,,,,,,,Y,2,0,1,1,A,-,01,23152,G,N,E,I,A,A,H,-,D,D,0,,,,,Y,Y,A,01,1,0,0,0,0,0,0,0,0,"- ","- ",38.501571655273438,-121.45194244384766,SACRAMENTO,SACRAMENTO,-121.45185852050781,38.501468658447266
91385208,2020,2021-01-15,9252,2020-04-14,1850,019202,,2,2,9,3400,0,1,3,,1,161,"SR-160 NORTHBOUND","WEST SHERMAN ISLAND ROAD",6336.00,N,N,A,-,Y,,,160,,,,,,N,Y,1,3,2,2,A,-,08,22107,,N,D,C,A,A,H,-,A,D,0,,,,,Y,,A,01,0,1,1,0,0,0,0,0,0,"- ","- ",38.085258483886719,-121.70852661132812,SACRAMENTO,UNINCORPORATED,-121.70853424072266,38.085262298583984
91385316,2020,2021-06-14,9252,2020-11-20,0057,021027,,5,3,7,3404,0,1,3,,2,192,"SR-99 S/B","47TH AVENUE",2440.00,S,N,A,-,Y,,,,,,,,,,Y,1,1,1,3,A,-,01,23152,A,F,C,C,A,A,H,-,C,A,0,,,,,Y,Y,A,01,0,1,0,0,0,0,0,0,0,"- ","- ",38.504329681396484,-121.45487976074219,SACRAMENTO,SACRAMENTO,,
91385808,2021,2021-01-12,9250,2021-01-06,2105,018542,,3,2,9,3400,0,2,4,,1,011,"WATT AVE","MILTON WAY",108.00,S,N,A,-,N,,,,,,,,,,N,2,0,1,2,A,-,11,21954,A,N,G,B,D,A,H,-,D,A,0,Y,,,Y,Y,,N,60,1,0,0,0,1,0,0,0,0,"- ","- ",38.688560485839844,-121.3826904296875,SACRAMENTO,UNINCORPORATED,-121.3828125,38.688343048095703
91387370,2021,2021-01-14,9260,2021-01-10,2121,019797,,7,2,9,3400,0,3,5,,2,001,"CLENDENEN WAY","TALLYHO DR",100.00,E,N,B,-,N,,,,,,,,,,N,2,0,1,1,A,-,17,21200,,N,E,J,A,A,H,-,D,D,0,,Y,,,Y,Y,L,04,1,0,0,0,0,0,1,0,0,"- ","- ",38.544281005859375,-121.34853363037109,SACRAMENTO,UNINCORPORATED,-121.35301971435547,38.541080474853516
91389536,2021,2021-01-18,9250,2021-01-06,1925,020507,,3,2,9,3400,0,2,4,,1,052,"MARCONI AVE","GREENWOOD AVE",14.00,W,N,A,-,N,,,,,,,,,,N,2,0,1,2,A,-,11,21954,A,N,G,B,D,A,H,-,C,D,0,Y,,,,Y,,N,60,1,0,0,0,1,0,0,0,0,"- ","- ",38.617591857910156,-121.35999298095703,SACRAMENTO,UNINCORPORATED,-121.35988616943359,38.617538452148438
91392771,2021,2021-01-22,9252,2021-01-14,0830,019356,,4,1,9,3400,0,3,5,,2,090,"STATE ROUTE 160 (SR-160)","W. BRANNAN ISLAND ROAD",1056.00,S,N,A,-,N,,,160,,,,,,,Y,2,0,1,2,A,-,05,21460,A,N,B,C,A,A,H,-,A,D,0,,,Y,Y,Y,,C,02,1,0,0,0,0,0,0,0,1,"- ","- ",38.119941711425781,-121.69243621826172,SACRAMENTO,UNINCORPORATED,-121.69242095947266,38.119926452636719
91393145,2020,2021-03-25,9250,2020-11-25,1517,019991,,3,2,9,3400,0,3,5,,2,090,"WEST ELVERTA ROAD","GARDEN HIGHWAY",700.00,E,N,A,-,N,,,,,,,,,,Y,1,1,1,3,A,-,05,21460,A,N,B,D,A,A,H,-,A,D,0,,,Y,,Y,,A,01,1,0,0,0,0,0,0,1,1,"- ","- ",38.714359283447266,-121.60408782958984,SACRAMENTO,UNINCORPORATED,-121.6044921875,38.714481353759766
91398575,2021,2021-01-29,9252,2021-01-20,0734,016817,,3,1,9,3400,0,2,4,,1,072,"47TH ST","UNDERWOOD WAY",0.00,,Y,A,-,N,,,,,,,,,,Y,2,0,1,1,A,-,08,22107,,N,E,I,A,A,H,-,A,D,0,,,Y,,Y,,C,02,1,0,0,0,0,0,0,0,1,"- ","- ",38.505279541015625,-121.45010375976562,SACRAMENTO,UNINCORPORATED,-121.45001983642578,38.505348205566406
91400205,2021,2021-02-02,9252,2021-01-24,1527,020616,,7,2,9,3400,0,1,3,,2,193,"SR-51 N/B","MCKINLEY VILLAGE WAY",3960.00,N,N,A,-,Y,,,,,,,,,,N,2,0,1,2,A,-,07,21658,A,F,B,C,A,A,H,-,A,D,0,,,Y,,Y,,-,99,1,0,0,0,0,0,0,0,1,"- ","- ",38.585899353027344,-121.44898223876953,SACRAMENTO,UNINCORPORATED,,
91403631,2021,2021-02-05,9252,2021-01-29,2354,020909,,5,3,9,3400,0,2,4,,1,071,"47TH AVE","WIRE DR",571.00,W,N,B,-,N,,,,,,,,,,N,2,0,1,2,A,-,08,22107,,F,G,B,E,A,H,-,C,D,0,Y,,,,Y,,-,99,1,0,0,0,1,0,0,0,0,"- ","- ",38.510410308837891,-121.44032287597656,SACRAMENTO,UNINCORPORATED,-121.44017791748047,38.510334014892578
91405176,2021,2021-02-09,9260,2021-01-03,1819,018764,,7,2,9,3400,0,1,2,,2,502,"US-50 EASTBOUND TO SUNRISE BOULEVARD","SUNRISE BOULEVARD",951.00,W,N,B,-,Y,,,,,,,,,,Y,1,1,2,2,A,-,01,23152,A,N,B,C,A,A,H,-,D,D,0,,,,,Y,Y,A,01,0,0,2,0,0,0,0,0,0,"- ","- ",38.607101440429688,-121.27330017089844,SACRAMENTO,UNINCORPORATED,-121.27320861816406,38.607551574707031
91408664,2021,2021-02-16,9252,2021-01-30,1255,018071,,6,1,7,3404,0,1,3,,2,193,"SR-51 N/B","J ST",150.00,S,N,A,-,Y,,,51,,,,,,N,Y,2,0,3,3,A,-,03,22350,,N,C,C,A,A,H,-,A,D,0,,,,,Y,,A,01,1,1,1,0,0,0,0,0,0,"- ","- ",38.572921752929688,-121.46727752685547,SACRAMENTO,SACRAMENTO,-121.46725463867188,38.572910308837891
91411889,2021,2021-02-19,9250,2021-02-11,1812,019071,,4,2,9,3400,0,2,4,,1,024,"MADISON AVE E/B","DATE AVE",50.00,E,N,B,C,N,,,,,,,,,,N,2,0,1,2,A,-,11,21954,A,N,G,B,D,B,H,-,C,D,0,Y,,,,Y,,N,60,1,0,0,0,1,0,0,0,0,"- ","- ",38.660919189453125,-121.35489654541016,SACRAMENTO,UNINCORPORATED,-121.35497283935547,38.660911560058594
91423371,2021,2021-03-09,9250,2021-01-30,1810,020398,,6,2,9,3400,0,2,4,,1,017,"HILLSDALE BOULEVARD","GREENHOLME DRIVE",581.00,N,N,A,-,N,,,,,,,,,,Y,1,1,2,2,A,-,09,21801,A,N,D,C,A,A,H,-,C,D,0,,,,,Y,,A,01,1,1,0,0,0,0,0,0,0,"- ","- ",38.670589447021484,-121.35977935791016,SACRAMENTO,UNINCORPORATED,-121.35994720458984,38.670516967773438
91438406,2021,2021-03-29,9250,2021-03-19,2310,020084,,5,3,9,3400,0,3,5,,2,040,"COTTAGE WAY","BELL ST",34.00,W,N,A,-,N,,,,,,,,,,N,2,0,1,2,A,-,11,21954,A,F,G,B,D,A,H,-,D,A,0,Y,,,,Y,,N,60,1,0,0,0,1,0,0,0,0,"- ","- ",38.603511810302734,-121.41092681884766,SACRAMENTO,UNINCORPORATED,-121.41082763671875,38.603519439697266
91441796,2021,2021-04-02,9252,2021-03-21,0145,021088,,7,3,9,3400,0,2,4,,1,071,"47TH AVENUE E/B","FRANKLIN BLVD",0.00,,Y,A,-,N,,,,,,,,,,N,2,0,3,3,A,-,01,23152,A,N,D,C,A,A,H,-,C,A,0,,,,,Y,Y,A,07,1,2,0,0,0,0,0,0,0,"- ","- ",38.510330200195312,-121.46688079833984,SACRAMENTO,UNINCORPORATED,-121.46689605712891,38.510398864746094
91442931,2021,2021-04-05,9250,2021-03-26,2125,018863,,5,2,9,3400,0,2,4,,1,062,"ELVERTA ROAD","DOMINION WAY",100.00,W,N,A,-,N,,,,,,,,,,Y,2,0,1,1,A,-,01,23152,A,N,E,I,A,A,H,-,C,A,0,,,,,Y,Y,A,01,1,0,0,0,0,0,0,0,0,"- ","- ",38.714481353759766,-121.41156768798828,SACRAMENTO,UNINCORPORATED,-121.41143798828125,38.714332580566406