CASE_ID,ACCIDENT_YEAR,PROC_DATE,JURIS,COLLISION_DATE,COLLISION_TIME,OFFICER_ID,REPORTING_DISTRICT,DAY_OF_WEEK,CHP_SHIFT,POPULATION,CNTY_CITY_LOC,SPECIAL_COND,BEAT_TYPE,CHP_BEAT_TYPE,CITY_DIVISION_LAPD,CHP_BEAT_CLASS,BEAT_NUMBER,PRIMARY_RD,SECONDARY_RD,DISTANCE,DIRECTION,INTERSECTION,WEATHER_1,WEATHER_2,STATE_HWY_IND,CALTRANS_COUNTY,CALTRANS_DISTRICT,STATE_ROUTE,ROUTE_SUFFIX,POSTMILE_PREFIX,POSTMILE,LOCATION_TYPE,RAMP_INTERSECTION,SIDE_OF_HWY,TOW_AWAY,COLLISION_SEVERITY,NUMBER_KILLED,NUMBER_INJURED,PARTY_COUNT,PRIMARY_COLL_FACTOR,PCF_CODE_OF_VIOL,PCF_VIOL_CATEGORY,PCF_VIOLATION,PCF_VIOL_SUBSECTION,HIT_AND_RUN,TYPE_OF_COLLISION,MVIW,PED_ACTION,ROAD_SURFACE,ROAD_COND_1,ROAD_COND_2,LIGHTING,CONTROL_DEVICE,CHP_ROAD_TYPE,PEDESTRIAN_ACCIDENT,BICYCLE_ACCIDENT,MOTORCYCLE_ACCIDENT,TRUCK_ACCIDENT,NOT_PRIVATE_PROPERTY,ALCOHOL_INVOLVED,STWD_VEHTYPE_AT_FAULT,CHP_VEHTYPE_AT_FAULT,COUNT_SEVERE_INJ,COUNT_VISIBLE_INJ,COUNT_COMPLAINT_PAIN,COUNT_PED_KILLED,COUNT_PED_INJURED,COUNT_BICYCLIST_KILLED,COUNT_BICYCLIST_INJURED,COUNT_MC_KILLED,COUNT_MC_INJURED,PRIMARY_RAMP,SECONDARY_RAMP,LATITUDE,LONGITUDE,COUNTY,CITY,POINT_X,POINT_Y
91237164,2020,2020-05-13,9260,2020-03-17,0740,017325,,2,1,9,3400,0,1,3,,2,116,"SR-16 (JACKSON ROAD)","GRANT LINE ROAD",1056.00,E,N,B,-,Y,,,,,,,,,,Y,1,1,0,1,A,-,03,22350,,N,E,I,A,B,H,-,A,D,0,,,,,Y,,A,01,0,0,0,0,0,0,0,0,0,"- ","- ",38.850181579589844,-121.58107757568359,SACRAMENTO,UNINCORPORATED,-121.21974945068359,38.501171112060547
91239889,2020,2020-05-19,9252,2020-05-15,1450,021164,,5,2,9,3400,0,3,5,,2,074,"FLORIN ROAD (11000 BLOCK)","EAGLES NEST ROAD",0.00,,Y,A,-,N,,,,,,,,,,Y,2,0,2,2,A,-,09,21802,A,N,D,C,A,A,H,-,A,D,0,,,,,Y,,A,01,1,1,0,0,0,0,0,0,0,"- ","- ",38.49639892578125,-121.26129150390625,SACRAMENTO,UNINCORPORATED,-121.26085662841797,38.496578216552734
9124043,2020,2020-09-14,3404,2020-06-20,1854,0398,1,6,5,7,3404,0,0,0,,0,00A,"TRUXEL RD","RT 80",0.00,,Y,A,-,N,,,,,,,,,,Y,2,0,2,3,A,-,12,21453,A,N,D,C,A,A,-,-,A,A,0,,,,,Y,,A,01,1,0,1,0,0,0,0,0,0,"- ",WF,,,SACRAMENTO,SACRAMENTO,-121.5006103515625,38.633869171142578
91240719,2020,2020-05-21,9260,2020-05-18,0645,015931,,1,1,9,3400,0,2,4,,2,101,"FOLSOM BLVD","BUTTERFIELD WAY",436.00,E,N,B,-,N,,,,,,,,,,Y,2,0,1,1,A,-,01,23152,A,N,E,I,A,B,H,-,A,D,0,,,,,Y,Y,A,01,1,0,0,0,0,0,0,0,0,"- ","- ",38.568889617919922,-121.34288024902344,SACRAMENTO,UNINCORPORATED,-121.3433837890625,38.569015502929688
91241675,2020,2020-05-25,9250,2020-05-13,1840,021147,,3,2,9,3400,0,2,4,,1,042,"MARCONI AVE","FULTON AVE",520.00,E,N,A,-,N,,,,,,,,,,N,2,0,1,2,A,-,11,21954,A,M,G,B,D,A,H,-,A,D,0,Y,,,,Y,,N,60,1,0,0,0,1,0,0,0,0,"- ","- ",38.617961883544922,-121.39942169189453,SACRAMENTO,UNINCORPORATED,-121.39965057373047,38.617988586425781
91241909,2020,2020-05-26,9250,2020-04-24,1540,016646,,5,2,7,3404,0,1,S,,2,001,"I-5 N/B","DEL PASO BLVD.",1584.00,S,N,A,-,Y,,,5,,,,,,N,Y,2,0,2,1,A,-,08,22107,,N,E,J,A,A,H,-,A,D,0,,,,,Y,Y,D,22,2,0,0,0,0,0,0,0,0,"- ","- ",38.653518676757812,-121.53159332275391,SACRAMENTO,SACRAMENTO,-121.53166198730469,38.653480529785156
91242584,2020,2020-05-26,9252,2020-05-08,1420,021164,,5,2,9,3400,0,2,4,,2,073,"POWER INN ROAD (8000 BLOCK)","ELSIE AVENUE",0.00,,Y,A,-,N,,,,,,,,,,N,2,0,6,2,A,-,09,21453,C,N,D,C,A,A,H,-,A,A,0,,,,,Y,,A,07,1,1,4,0,0,0,0,0,0,"- ","- ",38.474430084228516,-122.40879058837891,SACRAMENTO,UNINCORPORATED,-121.40876007080078,38.474380493164062
91243015,2020,2020-05-27,9260,2020-05-25,1230,017084,,1,1,9,3400,0,3,5,,2,003,"KENNETH AVE","MANANA WAY",0.00,,Y,A,-,N,,,,,,,,,,Y,2,0,1,2,A,-,05,21460,A,N,D,C,A,A,H,-,A,A,0,,,Y,,Y,,C,02,1,0,0,0,0,0,0,0,1,"- ","- ",38.67156982421875,-121.24432373046875,SACRAMENTO,UNINCORPORATED,-121.24433135986328,38.671489715576172
91245860,2020,2020-06-01,9252,2020-05-14,1258,017663,,4,1,7,3404,0,1,2,,2,151,"US-50 W/B","48TH STREET",700.00,E,N,B,-,Y,,,50,,,,,,W,Y,2,0,1,3,A,-,03,22350,,F,C,C,A,A,H,-,A,D,0,,,,,Y,,A,01,1,0,0,0,0,0,0,0,0,"- ","- ",38.557460784912109,-121.44716644287109,SACRAMENTO,SACRAMENTO,-121.44715118408203,38.557533264160156
91246071,2020,2020-06-01,9260,2020-05-26,1915,014751,,2,2,9,3400,0,2,4,,2,101,"BRADSHAW RD","GOETHE RD",0.00,,Y,A,-,N,,,,,,,,,,Y,2,0,5,2,A,-,03,22350,,N,C,C,A,A,H,-,A,A,0,,,,,Y,,A,07,1,0,4,0,0,0,0,0,0,"- ","- ",38.550060272216797,-121.33544921875,SACRAMENTO,UNINCORPORATED,-121.33625030517578,38.554710388183594
91247269,2020,2020-06-04,9250,2020-05-27,1745,019266,,3,2,9,3400,0,3,5,,2,010,"3901 WINONA WAY","PERINA WAY",20.00,E,N,A,-,N,,,,,,,,,,Y,2,0,1,3,A,-,08,22107,,N,A,J,F,A,H,-,A,D,0,Y,,,,Y,,A,07,1,0,0,0,1,0,0,0,0,"- ","- ",38.651771545410156,-121.37239074707031,SACRAMENTO,UNINCORPORATED,-121.37254333496094,38.651641845703125
9124759,2020,2020-10-22,3496,2020-06-25,0743,404,,4,5,5,3496,0,0,0,,0,,"GREENBACK LN","FOUNTAIN SQUARE DR",0.00,,Y,A,-,N,,,,,,,,,,,2,0,1,3,A,-,12,21453,A,N,D,C,A,A,H,-,A,A,0,,,,,Y,,A,08,1,0,0,0,0,0,0,0,0,"- ","- ",,,SACRAMENTO,"CITRUS HEIGHTS",-121.29831695556641,38.678298950195312
91247661,2020,2020-06-05,9252,2020-05-21,2100,021318,,4,2,9,3400,0,1,3,,2,192,"SR-99 S/B TO FRUITRIDGE ROAD","FRUITRIDGE RD",300.00,N,N,A,-,Y,,,99,,,,R,,S,Y,2,0,2,3,A,-,03,22350,,N,C,C,A,A,H,-,A,D,0,,,,,Y,,A,01,1,1,0,0,0,0,0,0,0,"- ","- ",38.526828765869141,-121.46897125244141,SACRAMENTO,UNINCORPORATED,-121.46897125244141,38.526828765869141
91248524,2020,2020-06-08,9252,2020-05-29,2210,021164,,5,3,9,3400,0,2,4,,2,073,"POWER INN ROAD (7600 BLOCK)","GERBER ROAD",596.00,S,N,A,-,N,,,,,,,,,,N,2,0,1,2,A,-,11,21954,A,N,G,B,D,A,H,-,C,D,0,Y,,,,Y,,N,60,1,0,0,0,1,0,0,0,0,"- ","- ",38.480018615722656,-121.40883636474609,SACRAMENTO,UNINCORPORATED,-121.40876007080078,38.480022430419922
91249238,2020,2020-06-08,9260,2020-06-06,1440,017084,,6,2,9,3400,0,3,5,,2,001,"SCOTT RD","WHITE ROCK RD",4171.00,S,N,A,-,N,,,,,,,,,,Y,2,0,2,1,A,-,03,22350,,N,F,A,A,A,H,-,A,A,0,,,Y,,Y,,C,02,2,0,0,0,0,0,0,0,2,"- ","- ",38.362209320068359,-121.83013153076172,SACRAMENTO,UNINCORPORATED,-121.14145660400391,38.60589599609375
91251272,2020,2020-06-12,9250,2020-06-05,1707,016624,,5,2,9,3400,0,2,4,,1,053,"FAIR OAKS BLVD","HOLLISTER AVE",106.00,W,N,A,-,N,,,,,,,,,,Y,2,0,2,2,A,-,01,23152,A,F,C,C,A,A,H,-,A,D,0,,,,,Y,Y,A,01,1,1,0,0,0,0,0,0,0,"- ","- ",38.636428833007812,-121.30072784423828,SACRAMENTO,UNINCORPORATED,-121.30062103271484,38.636398315429688
91252153,2020,2020-06-15,9252,2020-06-07,1640,018071,,7,2,7,3404,0,1,1,,2,107,"I-5 S/B","SUTTERVILLE RD",2112.00,S,N,A,-,Y,,,,,,,,,,Y,2,0,4,4,A,-,03,22350,,N,C,C,A,B,H,-,A,D,0,,,,,Y,,D,22,1,0,3,0,0,0,0,0,0,"- ","- ",38.534500122070312,-121.51808929443359,SACRAMENTO,SACRAMENTO,-121.51555633544922,38.536304473876953
91254268,2020,2020-06-19,9250,2020-06-11,0355,020577,,4,3,9,3400,0,2,4,,1,015,"ROSEVILLE RD","WATT AVE",330.00,E,N,A,-,N,,,,,,,,,,N,2,0,1,2,A,-,11,21950,B,F,G,B,D,A,H,-,C,D,0,Y,,,,Y,,N,60,1,0,0,0,1,0,0,0,0,"- ","- ",38.659969329833984,-121.38153076171875,SACRAMENTO,UNINCORPORATED,-121.38195037841797,38.658012390136719
91256082,2020,2020-06-23,9250,2020-06-14,1510,020329,,7,2,9,3400,0,1,1,,2,182,"I-80 E/B","NORTHGATE BLVD",2640.00,W,N,A,-,Y,,,80,,,,,,E,Y,2,0,3,2,A,-,08,22107,,N,D,C,A,A,H,-,A,D,0,,,,,Y,,A,01,1,2,0,0,0,0,0,0,0,"- ","- ",38.639369964599609,-121.4874267578125,SACRAMENTO,UNINCORPORATED,-121.4874267578125,38.639347076416016
91256142,2020,2020-07-30,9250,2020-05-27,1200,019851,,3,1,9,3400,0,2,4,,1,012,"ANTELOPE ROAD","MANGO TREE WAY",540.00,W,N,A,-,N,,,,,,,,,,Y,1,1,0,1,A,-,08,22107,,N,E,I,A,A,H,-,A,D,0,,,Y,,Y,,C,02,0,0,0,0,0,0,0,1,0,"- ","- ",38.707069396972656,-121.32597351074219,SACRAMENTO,UNINCORPORATED,-121.325927734375,38.70703125
91259218,2020,2020-06-26,9252,2020-06-22,1240,019509,,1,1,9,3400,0,2,4,,1,071,"47TH AVE","46TH ST",10.00,W,N,A,-,N,,,,,,,,,,Y,2,0,3,3,A,-,03,22350,,N,C,C,B,A,H,-,A,D,0,Y,,,,Y,Y,A,01,1,0,2,0,1,0,0,0,0,"- ","- ",38.510368347167969,-121.45231628417969,SACRAMENTO,UNINCORPORATED,-121.45243835449219,38.510440826416016
91260296,2020,2020-06-29,9252,2020-06-19,1930,019202,,5,2,7,3404,0,1,2,,2,150,"US-50 W/B","16TH ST U/C",534.00,E,N,A,-,Y,,,50,,,,,,W,Y,2,0,3,2,A,-,01,23152,A,N,C,C,A,A,H,-,A,D,0,,,,,Y,Y,A,01,1,0,2,0,0,0,0,0,0,"- ","- ",38.562980651855469,-121.48973083496094,SACRAMENTO,SACRAMENTO,-121.48976135253906,38.562870025634766
91260664,2020,2020-06-30,9250,2020-06-25,0035,020024,,4,3,9,3400,0,2,4,,1,054,"EL CAMINO AVE.","EASTERN AVE.",0.00,,Y,A,-,N,,,,,,,,,,Y,2,0,3,2,A,-,12,21453,A,N,D,C,A,A,H,-,C,A,0,,,,,Y,Y,A,01,1,1,1,0,0,0,0,0,0,"- ","- ",38.610179901123047,-121.36447906494141,SACRAMENTO,UNINCORPORATED,-121.36453247070312,38.610260009765625
91262733,2020,2020-09-24,9250,2020-06-28,0130,020753,,7,3,9,3400,0,2,4,,1,026,"WINDING WAY","DEWEY DRIVE",0.00,,Y,A,-,N,,,,,,,,,,Y,2,0,2,1,A,-,01,23152,A,N,E,I,A,A,H,-,C,A,0,,,,,Y,Y,A,01,2,0,0,0,0,0,0,0,0,"- ","- ",38.648941040039062,-121.30845642089844,SACRAMENTO,UNINCORPORATED,-121.30843353271484,38.649028778076172
91262819,2020,2020-07-03,9252,2020-06-28,2015,021164,,7,2,7,3404,0,1,3,,2,192,"SR-99 SB FROM 47TH AVENUE EB","47TH AVENUE",500.00,S,N,A,-,N,,,,,,,,,,Y,2,0,1,1,A,-,01,23152,G,N,F,A,A,A,H,-,A,D,0,,,,,Y,Y,A,07,1,0,0,0,0,0,0,0,0,"- ","- ",38.508991241455078,-121.45954895019531,SACRAMENTO,SACRAMENTO,-121.46158599853516,38.509609222412109
91264970,2020,2020-07-08,9252,2020-06-26,0026,019323,,5,3,9,3400,0,1,3,,2,190,"SR-99 S/B","TWIN CITIES RD",10.00,S,N,A,-,Y,,,99,,,,,,S,Y,2,0,2,3,A,-,03,22350,,N,C,C,E,A,H,-,C,D,0,Y,,,,Y,Y,A,01,1,1,0,0,1,0,0,0,0,"- ","- ",38.290958404541016,-121.31227111816406,SACRAMENTO,UNINCORPORATED,-121.31230926513672,38.290935516357422
91265186,2020,2020-07-08,9250,2020-06-26,1402,021405,,5,2,9,3400,0,1,1,,2,183,"I-80 W/B","WATT AVE",800.00,E,N,A,-,Y,,,80,,,,,,W,Y,2,0,1,2,A,-,08,22107,,N,E,I,A,A,H,-,A,D,0,,,,,Y,,A,01,1,0,0,0,0,0,0,0,0,"- ","- ",38.645729064941406,-121.38008880615234,SACRAMENTO,UNINCORPORATED,-121.38010406494141,38.645835876464844
9126575,2020,2020-09-25,3404,2020-07-14,0105,334,P6,2,5,7,3404,0,0,0,,0,06C,"POWER INN RD","FRUITRIDGE RD",1500.00,N,N,A,-,N,,,,,,,,,,N,2,0,1,2,A,-,11,21956,A,N,G,B,E,A,H,-,D,D,0,Y,,,,Y,Y,N,60,1,0,0,0,1,0,0,0,0,"- ","- ",,,SACRAMENTO,SACRAMENTO,-121.40918731689453,38.529209136962891
91268060,2020,2020-09-01,9252,2020-07-07,0248,019323,,2,3,7,3404,0,1,1,,2,107,"I-5 S/B","SEAMAS AVE",1093.00,S,N,A,-,Y,,,5,,,,,,S,Y,2,0,2,2,A,-,01,23152,A,N,C,C,A,A,D,-,D,A,0,,,,,Y,Y,A,01,1,1,0,0,0,0,0,0,0,"- ","- ",38.522418975830078,-121.52188110351562,SACRAMENTO,SACRAMENTO,-121.52185821533203,38.522418975830078
91269430,2020,2020-07-16,9250,2020-07-11,1751,020968,,6,2,9,3400,0,2,4,,1,045,"AUBURN BLVD","WATT AVE",720.00,E,N,A,-,N,,,,,,,,,,Y,2,0,2,2,A,-,09,21804,A,N,D,C,A,A,H,-,A,D,0,,,,,Y,,A,07,1,1,0,0,0,0,0,0,0,"- ","- ",38.381710052490234,-121.22498321533203,SACRAMENTO,UNINCORPORATED,-121.38082122802734,38.637992858886719
91270132,2020,2020-07-17,9250,2020-07-11,1820,020398,,6,2,9,3400,0,2,4,,1,022,"DEWEY DRIVE","MERCY COURT",170.00,S,N,A,-,N,,,,,,,,,,Y,2,0,1,2,A,-,09,21801,A,N,D,C,A,A,H,-,A,D,0,,,Y,,Y,Y,A,07,1,0,0,0,0,0,0,0,1,"- ","- ",38.665679931640625,-121.30857849121094,SACRAMENTO,UNINCORPORATED,-121.30859375,38.665733337402344
91270406,2020,2020-07-17,9250,2020-07-14,1329,018115,,2,1,9,3400,0,2,4,,1,055,"MANZANITA AVE. N/B","FAIR OAKS BLVD",45.00,N,N,A,-,N,,,,,,,,,,Y,2,0,1,1,A,-,03,22350,,N,E,I,A,A,H,-,A,D,0,,,,,Y,,A,01,1,0,0,0,0,0,0,0,0,"- ","- ",38.637100219726562,-121.32790374755859,SACRAMENTO,UNINCORPORATED,-121.32810974121094,38.637042999267578
91270439,2020,2020-07-17,9250,2020-07-12,1705,020398,,7,2,9,3400,0,1,3,,2,152,"SR-51 S/B","EXPOSITION BLVD",3696.00,S,N,A,-,Y,,,,,,,,,,Y,2,0,1,1,A,-,08,22107,,N,E,I,A,A,H,-,A,D,0,,,Y,,Y,,C,02,1,0,0,0,0,0,0,0,1,"- ","- ",38.587089538574219,-121.44756317138672,SACRAMENTO,UNINCORPORATED,,
91271541,2020,2020-07-20,9252,2020-07-11,1810,021318,,6,2,9,3400,0,3,5,,2,090,"ISLETON RD","ANDRUS ISLAND RD",2500.00,N,N,A,-,Y,,,,,,,,,,Y,2,0,1,1,A,-,01,23152,A,N,E,I,A,A,H,-,A,D,0,,,,,Y,Y,D,22,1,0,0,0,0,0,0,0,0,"- ","- ",38.238529205322266,-121.55523681640625,SACRAMENTO,UNINCORPORATED,-121.55671691894531,38.210586547851562
91272179,2020,2020-11-16,9250,2020-07-12,1130,018941,,7,1,9,3400,0,2,4,,1,026,"WINDING WAY","JOHNSON DR",43.00,W,N,A,-,N,,,,,,,,,,Y,2,0,3,3,A,-,08,22107,,N,D,C,A,A,H,-,A,D,0,,,,,Y,,A,01,1,1,1,0,0,0,0,0,0,"- ","- ",38.385601043701172,-121.17489624023438,SACRAMENTO,UNINCORPORATED,-121.29705810546875,38.649139404296875
91274437,2020,2020-07-27,9252,2020-07-25,0640,019341,,6,1,9,3400,0,1,3,,2,191,"SR-99 S/B","SHELDON RD",849.00,N,N,A,-,Y,,,99,,,,,,S,Y,2,0,2,1,A,-,03,22350,,N,E,I,A,A,H,-,A,D,0,,,,,Y,,A,01,1,1,0,0,0,0,0,0,0,"- ","- ",38.439620971679688,-121.40265655517578,SACRAMENTO,UNINCORPORATED,-121.40265655517578,38.439620971679688
91280135,2020,2020-08-04,9250,2020-07-28,1520,020398,,2,2,9,3400,0,1,3,,2,164,"SR-160 N/B","CANTERBURY RD",581.00,N,N,A,-,Y,,,,,,,,,,Y,2,0,1,1,A,-,03,22350,,N,E,I,A,A,H,-,A,D,0,,,,,Y,,A,07,1,0,0,0,0,0,0,0,0,"- ","- ",38.599811553955078,-121.45575714111328,SACRAMENTO,UNINCORPORATED,-121.45791625976562,38.600101470947266
91280146,2020,2020-08-04,9250,2020-07-31,1155,018116,,5,1,9,3400,0,2,4,,1,043,"FULTON AVENUE","WITTKOP WAY",120.00,S,N,A,-,N,,,,,,,,,,Y,2,0,1,2,A,-,09,21801,A,N,D,D,A,A,H,-,A,D,0,,,Y,,Y,,A,01,1,0,0,0,0,0,0,0,1,"- ","- ",38.591991424560547,-121.40145874023438,SACRAMENTO,UNINCORPORATED,-121.4014892578125,38.592048645019531
91280258,2020,2020-08-04,9252,2020-07-19,1850,021521,,7,2,9,3400,0,1,3,,2,192,"SR-99 N/B TO FLORIN RD E/B OFF RAMP","FLORIN RD",528.00,S,N,A,-,Y,,,99,,,,R,,N,Y,2,0,1,1,A,-,01,23152,A,N,E,I,A,A,H,-,B,D,0,,,,,Y,Y,A,01,1,0,0,0,0,0,0,0,0,"- ","- ",38.494579315185547,-121.44396209716797,SACRAMENTO,UNINCORPORATED,-121.44396209716797,38.494579315185547
91280370,2020,2020-08-04,9252,2020-07-20,1715,021164,,1,2,7,3404,0,1,3,,2,193,"SR-51 S/B","E STREET",150.00,N,N,A,-,Y,,,51,,,,,,S,N,2,0,2,2,A,-,07,21658,A,F,B,C,A,A,H,-,A,D,0,,,Y,,Y,,-,99,1,1,0,0,0,0,0,0,2,"- ","- ",38.579151153564453,-121.46473693847656,SACRAMENTO,SACRAMENTO,-121.46483612060547,38.579193115234375
91281929,2020,2020-08-06,9250,2020-07-28,0105,019572,,2,3,9,3400,0,1,3,,2,151,"SR-51 N/B","MARCONI AVE",1130.00,S,N,A,-,Y,,,51,,,,,,N,Y,2,0,3,2,A,-,07,21658,A,N,B,C,A,A,H,-,C,D,0,,,,,Y,Y,A,01,1,0,2,0,0,0,0,0,0,"- ","- ",38.616859436035156,-121.42028045654297,SACRAMENTO,UNINCORPORATED,-121.42033386230469,38.616909027099609
91282550,2020,2020-08-07,9252,2020-07-31,2229,021023,,5,3,7,3404,0,1,3,,2,193,"SR-51 N/B TO H STREET","J STREET",150.00,S,N,A,-,Y,,,51,,,,R,,N,Y,2,0,2,5,A,-,01,23152,A,N,C,C,A,A,H,-,C,D,0,,,,,Y,Y,D,22,1,1,0,0,0,0,0,0,0,"- ","- ",38.573139190673828,-121.46698760986328,SACRAMENTO,SACRAMENTO,-121.46698760986328,38.573139190673828
91285114,2020,2020-08-12,9250,2020-08-02,1900,020398,,7,2,9,3400,0,2,4,,1,021,"GARFIELD AVE","FERNWOOD WAY",0.00,,Y,A,-,N,,,,,,,,,,Y,2,0,1,2,A,-,03,22350,,N,D,C,A,A,H,-,A,D,0,,,Y,,Y,,C,02,1,0,0,0,0,0,0,0,1,"- ","- ",38.674350738525391,-121.33676910400391,SACRAMENTO,UNINCORPORATED,-121.33686065673828,38.674308776855469
91285266,2020,2020-12-29,9252,2020-08-03,1700,018730,,1,2,9,3400,0,1,3,,1,163,SR-160,"FREEPORT BRIDGE",6864.00,S,N,A,-,Y,,,160,,,,,,,Y,2,0,1,1,A,-,08,22107,,N,F,I,A,A,H,-,A,D,0,,,Y,,Y,,C,02,1,0,0,0,0,0,0,0,1,"- ","- ",38.438549041748047,-121.50395202636719,SACRAMENTO,UNINCORPORATED,-121.50397491455078,38.438571929931641
91285725,2020,2020-08-13,9250,2020-08-03,0610,019169,,1,1,7,3404,0,1,1,,2,106,"I-5 S/B","ARENA BLVD",50.00,S,N,A,-,Y,,,5,,,,,,S,Y,2,0,2,2,A,-,08,22107,,N,E,J,A,A,H,-,A,D,0,,,,,Y,,A,01,1,1,0,0,0,0,0,0,0,"- ","- ",38.642688751220703,-121.52609252929688,SACRAMENTO,SACRAMENTO,-121.52616882324219,38.642646789550781
91287249,2020,2020-08-17,9250,2020-07-27,0521,020234,,1,3,9,3400,0,2,4,,1,064,"ELKHORN BLVD.","ELKHORN MANOR DR",120.00,W,N,A,-,N,,,,,,,,,,N,2,0,1,2,A,-,11,21954,A,N,G,B,D,A,H,-,D,D,0,Y,,,,Y,,N,60,1,0,0,0,1,0,0,0,0,"- ","- ",38.683910369873047,-121.45462036132812,SACRAMENTO,UNINCORPORATED,-121.45454406738281,38.683895111083984
91287820,2020,2020-08-18,9250,2020-08-07,0235,019253,,5,3,9,3400,0,2,4,,1,044,"EL CAMINO AVE","BORICA WAY",163.00,W,N,A,-,N,,,,,,,,,,N,2,0,1,2,A,-,08,22107,,N,E,I,A,A,H,-,C,D,0,,,,,Y,,A,01,1,0,0,0,0,0,0,0,0,"- ","- ",38.610309600830078,-121.37789154052734,SACRAMENTO,UNINCORPORATED,-121.37879180908203,38.61041259765625
91290991,2020,2020-08-24,9250,2020-08-17,1400,020329,,1,2,9,3400,0,3,5,,2,090,"DEL PASO ROAD","HOVNANIAN DRIVE",1584.00,W,N,A,-,Y,,,,,,,,,,Y,2,0,1,1,A,-,01,23152,A,N,F,A,A,A,H,-,A,D,0,,,,,Y,Y,A,07,1,0,0,0,0,0,0,0,0,"- ","- ",38.656120300292969,-121.55867767333984,SACRAMENTO,UNINCORPORATED,-121.55754852294922,38.655574798583984
91295308,2020,2020-10-15,9252,2020-08-19,2210,021271,,3,3,9,3400,0,1,1,,2,106,"I-5 S/B","HOOD FRANKLIN RD",3500.00,S,N,A,-,Y,,,5,,,,,,S,Y,2,0,1,2,A,-,07,21658,A,N,C,C,A,A,H,-,D,D,0,,,,Y,Y,,D,22,1,0,0,0,0,0,0,0,0,"- ","- ",38.365749359130859,-121.47505187988281,SACRAMENTO,UNINCORPORATED,-121.47502136230469,38.365756988525391
91297188,2020,2020-09-01,9252,2020-08-21,1926,019465,,5,2,7,3404,0,1,3,,2,193,"SR-51 S/B","CAPITOL AVENUE",60.00,N,N,A,-,Y,,,51,,,,,,S,Y,2,0,1,2,A,-,07,21658,A,N,B,C,A,A,H,-,A,D,0,,,Y,,Y,,A,01,1,0,0,0,0,0,0,0,1,"- ","- ",38.570098876953125,-121.46880340576172,SACRAMENTO,SACRAMENTO,-121.46878051757812,38.570091247558594
91297702,2020,2020-09-02,9252,2020-08-23,2104,021550,,7,2,7,3404,0,1,1,,2,107,"I-5 S/B","GLORIA DRIVE",12.00,N,N,A,-,Y,,,5,,,,,,S,Y,2,0,1,1,A,-,01,23152,A,N,E,I,A,A,H,-,C,D,0,,,,,Y,Y,A,01,1,0,0,0,0,0,0,0,0,"- ","- ",38.504039764404297,-121.51914978027344,SACRAMENTO,SACRAMENTO,-121.51898956298828,38.504142761230469
91300385,2020,2020-09-08,9250,2020-08-30,0715,014344,,7,1,9,3400,0,2,4,,1,053,"FAIR OAKS BLVD","TUSCAN LN",50.00,E,N,A,-,N,,,,,,,,,,Y,2,0,2,3,A,-,01,23152,A,N,A,C,A,A,H,-,A,D,0,,,,,Y,Y,A,01,1,0,1,0,0,0,0,0,0,"- ","- ",38.58319091796875,-121.36003112792969,SACRAMENTO,UNINCORPORATED,-121.36119842529297,38.582618713378906
9130125,2020,2020-10-17,3404,2020-07-24,0120,8129,2,5,5,7,3404,0,0,0,,0,00C,"DEL PASO BL","FFAIRFIELD ST",108.00,W,N,A,-,N,,,,,,,,,,Y,2,0,1,2,A,-,11,21954,A,N,G,B,E,A,H,-,C,A,0,Y,,,,Y,,N,60,1,0,0,0,1,0,0,0,0,"- ","- ",,,SACRAMENTO,SACRAMENTO,-121.45350646972656,38.608745574951172
91301860,2020,2020-09-09,9260,2020-08-28,1130,017325,,5,1,9,3400,0,3,5,,2,001,"STONE HOUSE RD.",SR-16,5280.00,N,N,A,-,N,,,,,,,,,,Y,2,0,2,2,A,-,05,21460,A,N,A,C,A,A,H,-,A,D,0,,,,,Y,,A,01,1,0,1,0,0,0,0,0,0,"- ","- ",38.058109283447266,-121.75179290771484,SACRAMENTO,UNINCORPORATED,-121.10195159912109,38.512184143066406
91302118,2020,2020-09-10,9250,2020-09-04,0620,018115,,5,1,9,3400,0,2,4,,1,061,"RIO LINDA BLVD","MARYSVILLE BLVD",0.00,,Y,A,-,N,,,,,,,,,,N,2,0,1,2,A,-,09,21801,A,F,H,G,A,A,H,-,B,D,0,,Y,,,Y,,D,22,1,0,0,0,0,0,1,0,0,"- ","- ",38.673431396484375,-121.45622253417969,SACRAMENTO,UNINCORPORATED,-121.45613861083984,38.673480987548828