CASE_ID,ACCIDENT_YEAR,PROC_DATE,JURIS,COLLISION_DATE,COLLISION_TIME,OFFICER_ID,REPORTING_DISTRICT,DAY_OF_WEEK,CHP_SHIFT,POPULATION,CNTY_CITY_LOC,SPECIAL_COND,BEAT_TYPE,CHP_BEAT_TYPE,CITY_DIVISION_LAPD,CHP_BEAT_CLASS,BEAT_NUMBER,PRIMARY_RD,SECONDARY_RD,DISTANCE,DIRECTION,INTERSECTION,WEATHER_1,WEATHER_2,STATE_HWY_IND,CALTRANS_COUNTY,CALTRANS_DISTRICT,STATE_ROUTE,ROUTE_SUFFIX,POSTMILE_PREFIX,POSTMILE,LOCATION_TYPE,RAMP_INTERSECTION,SIDE_OF_HWY,TOW_AWAY,COLLISION_SEVERITY,NUMBER_KILLED,NUMBER_INJURED,PARTY_COUNT,PRIMARY_COLL_FACTOR,PCF_CODE_OF_VIOL,PCF_VIOL_CATEGORY,PCF_VIOLATION,PCF_VIOL_SUBSECTION,HIT_AND_RUN,TYPE_OF_COLLISION,MVIW,PED_ACTION,ROAD_SURFACE,ROAD_COND_1,ROAD_COND_2,LIGHTING,CONTROL_DEVICE,CHP_ROAD_TYPE,PEDESTRIAN_ACCIDENT,BICYCLE_ACCIDENT,MOTORCYCLE_ACCIDENT,TRUCK_ACCIDENT,NOT_PRIVATE_PROPERTY,ALCOHOL_INVOLVED,STWD_VEHTYPE_AT_FAULT,CHP_VEHTYPE_AT_FAULT,COUNT_SEVERE_INJ,COUNT_VISIBLE_INJ,COUNT_COMPLAINT_PAIN,COUNT_PED_KILLED,COUNT_PED_INJURED,COUNT_BICYCLIST_KILLED,COUNT_BICYCLIST_INJURED,COUNT_MC_KILLED,COUNT_MC_INJURED,PRIMARY_RAMP,SECONDARY_RAMP,LATITUDE,LONGITUDE,COUNTY,CITY,POINT_X,POINT_Y
6722856,2014,2015-01-16,9250,2014-11-12,1619,17620,,3,2,9,3400,0,3,5,,2,040,"AUBURN BL","FULTON AV",1951.00,E,N,A,-,N,,,,,,,,,,Y,2,0,2,2,A,-,08,22107,,N,D,C,A,A,H,-,A,D,0,,,,,Y,,D,22,2,0,0,0,0,0,0,0,0,"- ","- ",,,SACRAMENTO,UNINCORPORATED,-121.39531427999999,38.632403879999998
6724266,2014,2015-01-15,3404,2014-11-03,2217,0241,,1,5,7,3404,0,0,0,,0,,"SULLY ST","LONE LEAF DR",900.00,N,N,A,-,N,,,,,,,,,,Y,2,0,1,1,A,-,03,22350,,N,F,I,A,A,H,-,D,D,0,,,Y,,Y,,C,02,1,0,0,0,0,0,0,0,1,"- ","- ",,,SACRAMENTO,SACRAMENTO,-121.45689,38.660121369999999
6724363,2014,2016-06-23,9250,2014-10-01,2135,17734,,3,2,7,3404,0,1,1,,2,105,"RT 5","ARENA BL",528.00,N,N,A,-,Y,SAC,3,5,-,-,28.160,H,-,N,Y,2,0,1,2,A,-,01,23152,A,N,B,C,A,A,H,-,C,D,1,,,,,Y,Y,A,01,1,0,0,0,0,0,0,0,0,"- ","- ",,,SACRAMENTO,SACRAMENTO,-121.52671675000001,38.644397320000003
6725724,2014,2015-01-20,340H,2014-11-23,1652,10054,1201,7,5,5,3450,0,0,0,,0,001,"HARBOUR POINT DR","RENWICK AV",0.00,,Y,A,-,N,,,,,,,,,,Y,2,0,1,2,A,-,01,23153,A,F,G,B,F,A,H,-,A,A,0,Y,,,,Y,Y,D,22,1,0,0,0,1,0,0,0,0,"- ","- ",,,SACRAMENTO,"ELK GROVE",-121.48051995,38.425319979999998
6726248,2014,2016-05-03,9250,2014-09-14,0200,16290,,7,3,7,3404,0,1,1,,2,182,"RT 80","TRUXEL RD",1880.00,E,N,A,-,Y,SAC,3,80,-,M,4.000,H,-,E,N,2,0,1,2,A,-,11,21956,A,F,G,B,E,A,D,-,C,D,1,Y,,,,Y,Y,N,60,1,0,0,0,1,0,0,0,0,FR,"- ",38.636749999999999,-121.49437,SACRAMENTO,SACRAMENTO,-121.49469508,38.636630590000003
6726741,2014,2015-01-02,9250,2014-10-16,0820,018774,,4,1,9,3400,0,2,4,,1,023,"MANZANITA AV","AUBURN BLVD",270.00,S,N,A,-,N,,,,,,,,,,N,2,0,1,2,A,-,01,23152,A,N,G,B,E,A,H,-,A,D,0,Y,,,,Y,Y,A,07,1,0,0,0,1,0,0,0,0,"- ","- ",,,SACRAMENTO,UNINCORPORATED,-121.32740619,38.67266635
6726793,2014,2015-01-02,9250,2014-10-31,2240,019169,,5,3,9,3400,0,3,5,,2,060,"ASCOT AV","16TH ST",0.00,,Y,C,-,N,,,,,,,,,,Y,2,0,4,2,A,-,09,21802,A,N,D,C,A,B,H,-,D,A,0,,,,,Y,Y,A,01,1,3,0,0,0,0,0,0,0,"- ","- ",38.400880000000001,-121.25449999999999,SACRAMENTO,UNINCORPORATED,-121.42914998000001,38.6691
6727782,2014,2015-01-22,3404,2014-11-21,1714,684,5B,5,5,7,3404,0,0,0,,0,,"VALLEY HI DR","GRANDSTAFF ST",0.00,,Y,A,-,N,,,,,,,,,,Y,2,0,1,2,A,-,11,21456,B,N,-,B,B,A,-,-,B,A,0,Y,,,,Y,,-,"- ",1,0,0,0,1,0,0,0,0,"- ","- ",,,SACRAMENTO,SACRAMENTO,-121.42717985,38.467359979999998
6740086,2015,2015-03-11,9250,2015-02-09,1531,16114,,1,2,9,3400,0,2,4,,1,052,"MARCONI AV","GARFIELD AV",0.00,,Y,A,-,N,,,,,,,,,,Y,2,0,4,2,A,-,01,23152,A,N,D,C,A,A,H,-,A,A,0,,,,,Y,Y,A,01,2,0,2,0,0,0,0,0,0,"- ","- ",,,SACRAMENTO,UNINCORPORATED,-121.33678997,38.617249979999997
6740097,2014,2015-03-11,9250,2014-08-26,1330,14845,,2,1,7,3404,0,1,3,,2,151,"RT 51","MARCONI AV",2800.00,N,N,A,-,Y,SAC,3,51,-,-,6.030,H,-,N,Y,1,1,0,1,A,-,01,23152,A,N,E,I,A,A,H,-,A,D,1,,,,,Y,Y,A,07,0,0,0,0,0,0,0,0,0,"- ","- ",,,SACRAMENTO,SACRAMENTO,-121.41504638000001,38.624912459999997
6743981,2014,2015-01-16,9252,2014-11-23,2333,018581,,7,3,9,3400,0,3,5,,2,080,"SHELDON LAKE DR","CRESTHILL DR",300.00,S,N,B,-,N,,,,,,,,,,Y,2,0,1,1,A,-,01,23152,A,N,E,I,A,A,H,-,D,D,0,,,,,Y,Y,A,01,1,0,0,0,0,0,0,0,0,"- ","- ",,,SACRAMENTO,UNINCORPORATED,-121.23968352999999,38.483206209999999
6744574,2014,2015-02-04,3404,2014-12-06,1232,800,SPD,6,5,7,3404,0,0,0,,0,01B,"SAN JUAN RD","TRUXEL RD",0.00,,Y,A,-,N,,,,,,,,,,Y,2,0,4,5,A,-,12,21453,A,N,D,C,A,A,H,-,A,A,0,,,,,Y,Y,A,01,4,0,0,0,0,0,0,0,0,"- ","- ",,,SACRAMENTO,SACRAMENTO,-121.49798998999999,38.627519900000003
6748971,2014,2015-02-10,3404,2014-12-19,0818,757,3,5,5,7,3404,0,0,0,,0,00M,"15TH ST","CAPITOL AV",3.00,N,N,C,-,N,,,,,,,,,,N,2,0,1,2,A,-,12,22450,A,N,G,B,C,B,H,-,A,D,0,Y,,,,Y,Y,A,01,1,0,0,0,1,0,0,0,0,"- ","- ",,,SACRAMENTO,SACRAMENTO,-121.48806686,38.575007859999999
6752329,2014,2016-06-17,9252,2014-12-12,0800,17869,,5,1,7,3404,0,1,2,,2,151,"RT 50","65TH ST",528.00,E,N,B,-,Y,SAC,3,50,-,R,2.760,H,-,W,Y,2,0,2,1,A,-,08,22107,,N,F,A,A,B,H,-,A,A,1,,,,,Y,,A,07,1,0,1,0,0,0,0,0,0,"- ","- ",38.552,-121.443,SACRAMENTO,SACRAMENTO,-121.42548056,38.550594259999997
6753344,2014,2015-02-10,9250,2014-12-04,2105,18785,,4,2,9,3400,0,2,4,,1,053,"FAIR OAKS BL","STANLEY AV",150.00,N,N,A,B,N,,,,,,,,,,Y,2,0,2,2,A,-,11,21954,A,N,G,B,D,A,H,-,C,D,0,Y,,Y,,Y,,N,60,1,1,0,0,1,0,0,0,1,"- ","- ",,,SACRAMENTO,UNINCORPORATED,-121.32845902,38.622831830000003
6753581,2014,2015-01-28,9250,2014-12-24,2040,18735,,3,2,9,3400,0,2,4,,1,042,"MARCONI AV","GLACIER ST",0.00,,Y,B,-,N,,,,,,,,,,N,2,0,1,2,A,-,09,21801,A,N,G,B,E,A,H,-,C,D,0,Y,,,,Y,,D,22,1,0,0,0,1,0,0,0,0,"- ","- ",,,SACRAMENTO,UNINCORPORATED,-121.40834,38.618089910000002
6753645,2014,2015-01-28,9250,2014-12-07,1040,14344,,7,1,9,3400,0,3,5,,2,040,"AUBURN BL","VICKERS CT",0.00,,Y,B,-,N,,,,,,,,,,N,2,0,1,2,A,-,05,21650,1,F,H,G,A,A,H,-,A,D,0,,Y,,,Y,,L,04,1,0,0,0,0,0,1,0,0,"- ","- ",,,SACRAMENTO,UNINCORPORATED,,
6754122,2014,2015-02-09,9250,2014-12-14,2345,18656,,7,3,9,3400,0,2,4,,1,024,"MADISON AV","SAN JUAN AV",0.00,,Y,A,-,N,,,,,,,,,,Y,2,0,1,2,A,-,12,21453,A,N,D,C,A,A,H,-,C,A,0,,,,,Y,,A,01,1,0,0,0,0,0,0,0,0,"- ","- ",,,SACRAMENTO,UNINCORPORATED,-121.29227998,38.663739929999998
6754171,2014,2015-02-06,9250,2014-12-05,1730,017482,,5,2,9,3400,0,2,4,,1,052,"MARCONI AV","GARFIELD AV",0.00,,Y,B,-,N,,,,,,,,,,Y,2,0,3,2,A,-,12,21453,A,N,D,C,A,A,H,-,C,A,0,,,,,Y,,A,01,1,2,0,0,0,0,0,0,0,"- ","- ",,,SACRAMENTO,UNINCORPORATED,-121.33678997,38.617249979999997
6754236,2014,2015-02-05,9250,2014-12-07,1315,14344,,7,1,9,3400,0,2,4,,1,046,"ARDEN WY","DEVONSHIRE RD",350.00,W,N,B,-,N,,,,,,,,,,Y,2,0,1,1,A,-,08,22107,,N,E,I,A,A,H,-,A,D,0,,,,,Y,,A,07,1,0,0,0,0,0,0,0,0,"- ","- ",,,SACRAMENTO,UNINCORPORATED,-121.38139461999999,38.595771470000003
6759391,2014,2015-02-02,9252,2014-12-05,0805,18119,,5,1,9,3400,0,2,4,,2,073,"FLORIN RD","65TH ST",450.00,W,N,B,-,N,,,,,,,,,,N,2,0,1,3,A,-,11,21954,A,N,G,B,D,B,H,-,A,D,0,Y,,,,Y,,N,60,1,0,0,0,1,0,0,0,0,"- ","- ",38.496310000000001,-121.43977,SACRAMENTO,UNINCORPORATED,-121.43971231,38.496189999999999
6759404,2014,2016-07-07,9252,2014-12-08,2228,018730,,1,3,9,3400,0,1,3,,2,190,"RT 99","WALNUT AV",765.00,N,N,B,-,Y,SAC,3,99,-,-,2.840,H,-,S,Y,2,0,2,2,A,-,07,21658,A,F,E,I,A,A,H,-,C,D,1,,,,,Y,,-,99,1,0,1,0,0,0,0,0,0,"- ","- ",38.282089999999997,-121.30689,SACRAMENTO,UNINCORPORATED,-121.30695475,38.282046870000002
6760170,2014,2015-02-02,9252,2014-12-11,1747,017134,,4,2,9,3400,0,2,4,,2,073,"STOCKTON BL","ORANGE AV",318.00,N,N,B,C,N,,,,,,,,,,N,2,0,1,2,A,-,11,21954,A,N,G,B,E,B,H,-,C,D,0,Y,,,,Y,,N,60,1,0,0,0,1,0,0,0,0,"- ","- ",38.489660000000001,-121.42594,SACRAMENTO,UNINCORPORATED,-121.42605236,38.489587030000003
6762583,2014,2015-02-09,3404,2014-12-12,0021,8204,,5,5,7,3404,0,0,0,,0,,"NORTH C ST","AHERN ST",0.00,,Y,A,-,N,,,,,,,,,,N,2,0,1,2,A,-,11,21950,B,N,G,B,B,B,H,-,C,A,0,Y,,,,Y,,N,60,1,0,0,0,1,0,0,0,0,"- ","- ",,,SACRAMENTO,SACRAMENTO,-121.48201993000001,38.590709959999998
6764780,2014,2015-02-10,3404,2014-12-26,0146,0327,,5,5,7,3404,0,0,0,,0,,"H ST","30TH ST",63.00,W,N,A,-,N,,,,,,,,,,Y,2,0,1,2,A,-,01,23153,A,N,H,A,A,A,H,-,C,A,0,,,,,Y,Y,D,22,1,0,0,0,0,0,0,0,0,"- ","- ",,,SACRAMENTO,SACRAMENTO,-121.46580869,38.575395649999997
6765234,2014,2016-02-18,3404,2014-12-23,0831,0723,,2,5,7,3404,0,0,0,,0,04C,"FLORIN RD","FREEPORT BL",0.00,,Y,A,-,N,,,,,,,,,,Y,2,0,4,2,A,-,03,22350,,N,C,C,A,A,H,-,A,D,0,,,Y,,Y,,C,02,1,0,3,0,0,0,0,0,1,"- ","- ",,,SACRAMENTO,SACRAMENTO,-121.50612991,38.495759919999998
6768776,2014,2015-02-06,9252,2014-12-31,1430,18159,,3,2,9,3400,0,3,5,,2,070,"FLORIN PERKINS RD","WEYAND AV",0.00,,Y,A,-,N,,,,,,,,,,Y,2,0,2,2,A,-,09,21801,A,N,A,C,A,A,H,-,A,D,0,,,,,Y,,A,01,1,1,0,0,0,0,0,0,0,"- ","- ",38.499830000000003,-121.39031,SACRAMENTO,UNINCORPORATED,-121.39056997,38.499739910000002
6777137,2014,2015-01-28,9250,2014-11-28,1720,017819,,5,2,9,3400,0,3,5,,2,010,"LA CIENEGA DR","DONCREST LN",126.00,W,N,A,-,N,,,,,,,,,,N,2,0,1,1,A,-,03,22350,,N,E,I,A,A,H,-,A,D,0,,,Y,,Y,,C,03,1,0,0,0,0,0,0,0,1,"- ","- ",,,SACRAMENTO,UNINCORPORATED,-121.36542233,38.683307669999998
6779546,2014,2015-02-11,3404,2014-12-20,1813,210,1,6,5,7,3404,0,0,0,,0,00C,"NORTHGATE BL","GARDEN HWY",0.00,,Y,C,-,N,,,,,,,,,,N,2,0,1,2,A,-,08,22107,,N,G,G,A,B,H,-,C,A,0,,Y,,,Y,,A,01,1,0,0,0,0,0,1,0,0,"- ","- ",,,SACRAMENTO,SACRAMENTO,-121.4756299,38.60671988
6779553,2014,2015-02-11,3404,2014-12-31,2221,506,4,3,5,7,3404,0,0,0,,0,00C,"RIVERSIDE BL","RIVERCOVE WY",30.00,S,N,A,-,N,,,,,,,,,,Y,2,0,2,1,A,-,01,23153,A,N,E,I,A,A,H,-,C,D,0,,,,,Y,Y,A,01,1,0,1,0,0,0,0,0,0,"- ","- ",,,SACRAMENTO,SACRAMENTO,-121.55241468,38.4972797
6786059,2014,2016-06-28,9250,2014-12-24,1438,16975,,3,2,7,3404,0,1,1,,2,181,"RT 80","YOLO CO LINE",900.00,E,N,B,-,Y,SAC,3,80,-,M,0.170,H,-,W,Y,2,0,2,2,A,-,03,22350,,N,C,C,A,B,H,-,A,D,1,,,,,Y,,A,01,1,0,1,0,0,0,0,0,0,"- ","- ",,,SACRAMENTO,SACRAMENTO,-121.54661793,38.600562600000003
6790018,2015,2015-03-03,3404,2015-01-13,0917,0640,,2,5,7,3404,0,0,0,,0,003,"NORTH 12TH ST","NORTH B ST",528.00,,N,A,B,N,,,,,,,,,,N,2,0,1,2,A,-,07,21658,A,F,B,G,A,A,H,-,A,D,0,,Y,,,Y,,-,,1,0,0,0,0,0,1,0,0,"- ","- ",,,SACRAMENTO,SACRAMENTO,-121.48591992999999,38.590499979999997
6791973,2015,2016-09-01,9252,2015-01-17,1005,17522,,6,1,9,3400,0,1,3,,1,112,"RT 12","RT 160",300.00,W,N,A,B,Y,SAC,3,12,-,-,0.330,H,-,W,Y,2,0,3,3,A,-,04,21703,,N,C,C,A,A,D,-,A,D,0,,,,,Y,,D,22,1,0,2,0,0,0,0,0,0,"- ","- ",38.15699,-121.68008,SACRAMENTO,UNINCORPORATED,-121.68000881,38.156971579999997
6792917,2015,2015-02-25,3404,2015-01-20,1840,8178,P5,2,5,7,3404,0,0,0,,0,05C,"VALLEY HI DR","MACK RD",525.00,S,N,A,-,N,,,,,,,,,,N,2,0,1,2,A,-,11,21954,A,N,A,B,D,A,H,-,D,D,0,Y,,,,Y,Y,N,60,1,0,0,0,1,0,0,0,0,"- ","- ",,,SACRAMENTO,SACRAMENTO,-121.42713999999999,38.472728519999997
6793027,2015,2015-02-19,3404,2015-01-11,1837,8204,,7,5,7,3404,0,0,0,,0,,"NORWOOD AV","HARRIS AV",33.00,S,N,A,-,N,,,,,,,,,,Y,2,0,2,2,A,-,12,21453,A,N,D,G,A,A,H,-,C,A,0,,Y,Y,,Y,,L,04,2,0,0,0,0,0,1,0,1,"- ","- ",,,SACRAMENTO,SACRAMENTO,-121.45692,38.63854937
6797259,2015,2016-09-06,9252,2015-01-19,1850,014833,,1,2,3,3402,0,1,3,,2,191,"RT 99","WALNUT AV",528.00,N,N,A,-,Y,SAC,3,99,-,-,2.800,H,-,S,Y,2,0,3,2,A,-,08,22107,,N,D,C,A,A,H,-,A,D,1,,,,,Y,,D,22,1,0,2,0,0,0,0,0,0,"- ","- ",38.231059999999999,-121.30629,SACRAMENTO,GALT,-121.30671099,38.28149569
6802737,2015,2016-09-06,9250,2015-01-24,1800,018774,,6,2,7,3404,0,1,3,,2,152,"RT 51","EL CAMINO AV",50.00,S,N,A,-,Y,SAC,3,51,-,-,4.720,H,-,S,Y,2,0,1,2,A,-,03,22350,,N,B,C,A,A,H,-,D,D,1,,,Y,,Y,,C,02,1,0,0,0,0,0,0,0,1,"- ","- ",38.610970000000002,-121.42709000000001,SACRAMENTO,SACRAMENTO,-121.42714101999999,38.610960480000003
6802776,2015,2015-02-26,9250,2015-01-05,0714,012152,,1,1,9,3400,0,2,4,,1,024,"MADISON AV","COLLEGE OAK DR",580.00,E,N,A,-,N,,,,,,,,,,Y,2,0,2,2,A,-,05,21650,1,N,H,G,A,A,H,-,A,D,0,,Y,Y,,Y,,L,04,1,0,1,0,0,0,1,0,1,"- ","- ",,,SACRAMENTO,UNINCORPORATED,-121.34851892,38.660969999999999
6802790,2015,2015-02-26,9250,2015-01-05,1725,015719,,1,2,9,3400,0,2,4,,1,023,"MANZANITA AV","AUBURN BL",6.00,S,N,A,-,N,,,,,,,,,,N,2,0,1,2,A,-,05,21650,1,N,H,G,A,-,H,-,C,A,0,,Y,Y,,Y,,L,04,1,0,0,0,0,0,1,0,0,"- ","- ",,,SACRAMENTO,UNINCORPORATED,-121.32794503,38.673248430000001
6802793,2015,2015-02-26,9250,2015-01-04,1015,17849,,7,1,9,3400,0,3,5,,2,050,"MISSION AV","MARCONI AV",0.00,,Y,A,-,N,,,,,,,,,,Y,2,0,2,2,A,-,12,21453,A,N,D,C,A,A,H,-,A,A,0,,,,,Y,,A,07,1,0,1,0,0,0,0,0,0,"- ","- ",38.61748,-121.35529,SACRAMENTO,UNINCORPORATED,-121.35523988,38.617479959999997
6806961,2015,2015-03-04,9252,2015-01-20,1432,18423,,2,2,9,3400,0,2,4,,2,073,"66TH AV","FLORIN WOOD DR",12.00,W,N,A,-,N,,,,,,,,,,Y,2,0,3,1,A,-,08,22107,,F,E,I,A,A,H,-,A,D,0,,,,,Y,,A,01,2,1,0,0,0,0,0,0,0,"- ","- ",38.492370000000001,-121.43668,SACRAMENTO,UNINCORPORATED,-121.43660192999999,38.49243036
6811183,2015,2015-03-05,3404,2015-02-01,0109,0597,,7,5,7,3404,0,0,0,,0,02B,"JULIESSE AV","DEL PASO BL",22.00,E,N,A,-,N,,,,,,,,,,Y,2,0,3,1,A,-,01,23152,,N,A,I,A,A,H,-,C,D,0,,,,,Y,Y,A,01,3,0,0,0,0,0,0,0,0,"- ","- ",,,SACRAMENTO,SACRAMENTO,-121.43296433,38.620688250000001
6819629,2015,2015-03-16,9252,2015-02-13,1720,18787,,5,2,9,3400,0,2,4,,2,073,"FLORIN RD","MCCOMBER ST",195.00,W,N,A,-,N,,,,,,,,,,Y,2,0,1,2,A,-,01,23152,A,N,E,I,A,A,H,-,A,A,0,,,,,Y,Y,D,22,1,0,0,0,0,0,0,0,0,"- ","- ",38.496079999999999,-121.3968,SACRAMENTO,UNINCORPORATED,-121.39663134,38.496051889999997
6826227,2015,2016-09-22,9252,2015-02-09,0615,14288,,1,1,7,3404,0,1,1,,2,107,"RT 5","SEAMUS AV",200.00,N,N,B,C,Y,SAC,3,5,-,-,19.370,H,-,N,Y,2,0,1,1,A,-,08,22107,,N,E,I,A,B,H,-,C,D,1,,,,,Y,,A,01,1,0,0,0,0,0,0,0,0,"- ","- ",38.527059999999999,-121.52036,SACRAMENTO,SACRAMENTO,-121.52082459,38.526273539999998
6828765,2015,2015-03-16,3404,2015-02-20,1241,8123,2C,5,5,7,3404,0,0,0,,0,,"SAN JUAN RD","NORTHGATE BL",338.00,W,N,A,-,N,,,,,,,,,,Y,2,0,3,2,A,-,01,23152,A,N,D,C,A,A,H,-,A,D,0,,,,,Y,Y,A,01,3,0,0,0,0,0,0,0,0,"- ","- ",,,SACRAMENTO,SACRAMENTO,-121.47672335,38.629640000000002
6834651,2015,2016-09-06,9252,2015-01-25,0028,18782,,7,3,7,3404,0,1,3,,2,193,"RT 51","F ST",33.00,N,N,B,-,Y,SAC,3,51,-,-,1.400,H,-,S,Y,2,0,3,2,A,-,08,22107,,F,E,I,A,A,H,-,C,D,1,,,,,Y,,A,01,1,0,2,0,0,0,0,0,0,"- ","- ",38.346789999999999,-121.27922,SACRAMENTO,SACRAMENTO,-121.46532802999999,38.578068989999998
6835080,2015,2015-03-12,3404,2015-02-27,0848,8198,2,5,5,7,3404,0,0,0,,0,00B,"ACACIA AV","RIO LINDA BL",0.00,,Y,A,-,N,,,,,,,,,,Y,2,0,1,2,A,-,12,22450,A,N,D,G,A,A,H,-,A,A,0,,Y,,,Y,,A,07,1,0,0,0,0,0,1,0,0,"- ","- ",,,SACRAMENTO,SACRAMENTO,-121.44615994,38.622189980000002
6836182,2015,2016-04-06,340H,2015-02-10,1715,10415,3701,2,5,5,3450,0,0,0,,0,003,"GRANT LINE RD","SPANISH GRANT RD",0.00,,Y,A,-,N,,,,,,,,,,Y,2,0,2,3,A,-,03,22350,,N,C,C,A,A,H,-,A,D,0,,,,,Y,,A,01,1,1,0,0,0,0,0,0,0,"- ","- ",,,SACRAMENTO,"ELK GROVE",-121.28533999,38.444659960000003
6841579,2015,2015-03-24,340H,2015-02-18,0946,10101,1,3,5,5,3450,0,0,0,,0,,"BLUE MAIDEN WY","POWER INN RD",0.00,,Y,A,-,N,,,,,,,,,,N,2,0,1,2,A,-,12,21453,A,N,G,B,-,A,H,-,A,A,0,Y,,,,Y,,A,01,1,0,0,0,1,0,0,0,0,"- ","- ",,,SACRAMENTO,"ELK GROVE",-121.39204995,38.444269990000002
6842936,2015,2015-03-20,9250,2015-02-06,0445,017397,,5,3,9,3400,0,3,5,,2,040,"AUBURN BL","ANNADALE LN",0.00,,Y,B,-,N,,,,,,,,,,Y,2,0,2,2,A,-,09,21801,B,N,D,C,A,A,H,-,C,D,0,,,Y,,Y,,C,02,1,1,0,0,0,0,0,0,1,"- ","- ",,,SACRAMENTO,UNINCORPORATED,-121.37846994,38.638909959999999
6846068,2015,2015-03-23,3404,2015-03-07,2313,8204,4,6,5,7,3404,0,0,0,,0,00B,"47TH AV","24TH AV",207.00,E,N,A,-,N,,,,,,,,,,Y,2,0,2,1,A,-,03,22350,,N,F,A,A,A,H,-,C,D,0,,,,,Y,,A,07,1,1,0,0,0,0,0,0,0,"- ","- ",,,SACRAMENTO,SACRAMENTO,-121.48234248,38.510230149999998
6851886,2015,2015-03-23,3404,2015-03-09,1911,8178,P1,1,5,7,3404,0,0,0,,0,01A,"DEL PASO RD","FIVE STAR WY",249.00,W,N,A,-,N,,,,,,,,,,Y,2,0,2,1,A,-,03,22350,,N,A,I,A,A,H,-,B,D,0,,,,,Y,,A,01,2,0,0,0,0,0,0,0,0,"- ","- ",,,SACRAMENTO,SACRAMENTO,-121.51690185,38.655860300000001
6854031,2014,2015-03-20,9252,2014-12-27,2226,17971,,6,3,9,3400,0,3,5,,2,074,"FLORIN RD","BRADSHAW RD",2510.00,W,N,A,-,N,,,,,,,,,,Y,1,1,0,2,A,-,"- ",,,N,H,G,A,A,H,-,D,D,0,,Y,,,Y,,A,01,0,0,0,0,0,1,0,0,0,"- ","- ",38.496360000000003,-121.34381999999999,SACRAMENTO,UNINCORPORATED,-121.34368083,38.496290899999998
6854092,2015,2015-03-23,3404,2015-02-24,2002,0241,,2,5,7,3404,0,0,0,,0,01B,"WEST EL CAMINO AV","STONECREEK DR",112.00,E,N,A,-,N,,,,,,,,,,Y,1,1,1,1,A,-,08,22107,,N,E,I,A,A,H,-,C,D,0,,,,,Y,,A,01,1,0,0,0,0,0,0,0,0,"- ","- ",,,SACRAMENTO,SACRAMENTO,-121.49288808,38.612917000000003
6854138,2015,2015-04-06,9250,2015-01-01,1525,18774,,4,2,9,3400,0,1,1,,2,182,"RT 80","NORTHGATE BL",1110.00,W,N,A,-,Y,SAC,3,80,-,M,4.770,H,-,E,Y,1,1,0,3,A,-,01,23152,A,N,C,C,A,A,D,-,A,D,1,,,Y,Y,Y,Y,C,02,0,0,0,0,0,0,0,1,0,"- ","- ",38.640120000000003,-121.48172,SACRAMENTO,UNINCORPORATED,-121.48155228,38.640089789999998
6854192,2014,2015-04-11,9252,2014-09-18,1750,16747,,4,2,9,3400,0,2,4,,1,071,"47TH AV","KIESSIG AV",150.00,W,N,A,-,N,,,,,,,,,,Y,1,1,2,4,A,-,01,23152,A,F,G,B,F,A,H,-,A,D,0,Y,,,,Y,Y,A,01,0,0,2,1,0,0,0,0,0,"- ","- ",38.510370000000002,-121.46991,SACRAMENTO,UNINCORPORATED,-121.46978426,38.510376180000002
6854218,2015,2017-04-20,9252,2015-01-31,0152,19040,,6,3,7,3404,0,1,2,,2,150,"RT 50","RT 51",0.00,,N,A,-,Y,SAC,3,50,-,L,2.345,R,2,E,Y,1,1,2,2,A,-,01,23152,A,N,G,B,F,A,H,-,C,D,1,Y,,,,Y,Y,A,01,1,0,1,1,0,0,0,0,0,TO,"- ",38.559800000000003,-121.4722,SACRAMENTO,SACRAMENTO,-121.47591396999999,38.558963069999997
6854329,2014,2015-04-21,9250,2014-09-15,0059,16752,,1,3,9,3400,0,2,4,,1,044,"EL CAMINO AV","WALNUT AV",0.00,,Y,A,-,N,,,,,,,,,,Y,1,1,3,2,A,-,01,23152,A,F,D,C,A,A,H,-,C,A,0,,,,,Y,Y,A,08,2,0,1,0,0,0,0,0,0,"- ","- ",38.609990000000003,-121.34614000000001,SACRAMENTO,UNINCORPORATED,-121.34600998000001,38.610039989999997
6854368,2014,2016-01-12,9260,2014-06-06,0635,13147,,5,1,5,3401,0,1,2,,2,502,"RT 50","PRAIRIE CITY RD",2224.00,E,N,A,-,Y,SAC,3,50,-,-,19.660,H,-,W,Y,1,1,0,1,A,-,08,22107,,N,E,A,A,A,H,-,A,D,1,,,,,Y,,D,22,0,0,0,0,0,0,0,0,0,"- ","- ",,,SACRAMENTO,FOLSOM,-121.14866928000001,38.641933270000003
6854458,2014,2015-04-22,340H,2014-11-22,0156,10058,-1,6,5,5,3450,0,0,0,,0,,"CALVINE RD","AUBERRY DR",0.00,E,N,B,C,N,,,,,,,,,,Y,1,1,0,1,A,-,01,23153,A,N,E,I,A,B,H,-,C,D,0,,,,,Y,Y,A,01,0,0,0,0,0,0,0,0,0,"- ","- ",,,SACRAMENTO,"ELK GROVE",-121.39980988000001,38.454609949999998
6854515,2015,2015-07-15,9252,2015-04-25,0320,18695,,6,3,7,3404,0,1,1,,2,107,"RT 5","SEAMAS AV",525.00,S,N,C,-,Y,SAC,3,5,-,-,19.200,H,-,S,Y,1,1,2,2,A,-,01,23152,A,F,C,E,A,B,H,-,C,D,1,,,,Y,Y,Y,D,22,0,1,1,0,0,0,0,0,0,"- ","- ",38.524369999999998,-121.5217,SACRAMENTO,SACRAMENTO,-121.52180102,38.523938919999999
6854605,2015,2015-05-15,9252,2015-02-14,1652,018787,,6,2,7,3404,0,1,3,,2,192,"RT 99","12TH AV",1056.00,S,N,A,-,Y,SAC,3,99,-,-,22.880,H,-,N,Y,1,1,1,2,A,-,07,21658,A,N,B,C,A,A,H,-,A,D,1,,,,,Y,,A,01,1,0,0,0,0,0,0,0,0,"- ","- ",38.536900000000003,-121.47338999999999,SACRAMENTO,SACRAMENTO,-121.47354681,38.5375899