CASE_ID,ACCIDENT_YEAR,PROC_DATE,JURIS,COLLISION_DATE,COLLISION_TIME,OFFICER_ID,REPORTING_DISTRICT,DAY_OF_WEEK,CHP_SHIFT,POPULATION,CNTY_CITY_LOC,SPECIAL_COND,BEAT_TYPE,CHP_BEAT_TYPE,CITY_DIVISION_LAPD,CHP_BEAT_CLASS,BEAT_NUMBER,PRIMARY_RD,SECONDARY_RD,DISTANCE,DIRECTION,INTERSECTION,WEATHER_1,WEATHER_2,STATE_HWY_IND,CALTRANS_COUNTY,CALTRANS_DISTRICT,STATE_ROUTE,ROUTE_SUFFIX,POSTMILE_PREFIX,POSTMILE,LOCATION_TYPE,RAMP_INTERSECTION,SIDE_OF_HWY,TOW_AWAY,COLLISION_SEVERITY,NUMBER_KILLED,NUMBER_INJURED,PARTY_COUNT,PRIMARY_COLL_FACTOR,PCF_CODE_OF_VIOL,PCF_VIOL_CATEGORY,PCF_VIOLATION,PCF_VIOL_SUBSECTION,HIT_AND_RUN,TYPE_OF_COLLISION,MVIW,PED_ACTION,ROAD_SURFACE,ROAD_COND_1,ROAD_COND_2,LIGHTING,CONTROL_DEVICE,CHP_ROAD_TYPE,PEDESTRIAN_ACCIDENT,BICYCLE_ACCIDENT,MOTORCYCLE_ACCIDENT,TRUCK_ACCIDENT,NOT_PRIVATE_PROPERTY,ALCOHOL_INVOLVED,STWD_VEHTYPE_AT_FAULT,CHP_VEHTYPE_AT_FAULT,COUNT_SEVERE_INJ,COUNT_VISIBLE_INJ,COUNT_COMPLAINT_PAIN,COUNT_PED_KILLED,COUNT_PED_INJURED,COUNT_BICYCLIST_KILLED,COUNT_BICYCLIST_INJURED,COUNT_MC_KILLED,COUNT_MC_INJURED,PRIMARY_RAMP,SECONDARY_RAMP,LATITUDE,LONGITUDE,COUNTY,CITY,POINT_X,POINT_Y
8566751,2017,2018-03-12,3496,2017-11-08,1210,131,3496,3,5,5,3496,0,0,0,,0,002,"SUNRISE BL","HIGHLAND AV",71.00,S,N,A,B,N,,,,,,,,,,Y,2,0,3,2,A,-,01,23153,A,N,F,C,A,A,H,-,A,D,0,,,,,Y,Y,A,07,2,1,0,0,0,0,0,0,0,"- ","- ",,,SACRAMENTO,"CITRUS HEIGHTS",-121.27168888,38.68919503
8567326,2018,2018-03-09,3401,2018-02-17,2049,227,3401,6,5,5,3401,0,0,0,,0,003,"IRON POINT RD","CARPENTER HILL RD",0.00,,Y,A,-,N,,,,,,,,,,Y,2,0,4,2,A,-,01,23153,A,N,D,C,A,A,H,-,C,A,0,,,,,Y,Y,A,01,1,0,3,0,0,0,0,0,0,"- ","- ",38.678329467773438,-121.09551239013672,SACRAMENTO,FOLSOM,-121.0955810546875,38.648410797119141
8572419,2018,2018-03-15,3404,2018-03-01,1636,8209,6,4,5,7,3404,0,0,0,,0,00C,"FRUITRIDGE RD","84TH ST",0.00,,Y,C,-,N,,,,,,,,,,Y,2,0,2,3,A,-,05,21650,,N,A,C,A,B,H,-,A,A,0,,,,,Y,,A,01,1,1,0,0,0,0,0,0,0,"- ","- ",,,SACRAMENTO,SACRAMENTO,-121.39582061767578,38.525169372558594
8572447,2018,2018-03-15,3404,2018-03-02,2024,979,3,5,5,7,3404,0,0,0,,0,03A,"NORTH 16TH ST","RICHARDS BL",500.00,N,N,C,-,N,,,,,,,,,,Y,2,0,1,2,A,-,10,21954,,N,A,B,D,B,H,-,C,D,0,Y,,,,Y,,N,60,1,0,0,0,1,0,0,0,0,"- ","- ",,,SACRAMENTO,SACRAMENTO,-121.47833251953125,38.593910217285156
8572471,2018,2018-03-15,3404,2018-03-01,0353,0954,P3,4,5,7,3404,0,0,0,,0,03A,"RICHARDS BL","N 3RD ST",267.00,W,N,C,-,N,,,,,,,,,,N,2,0,1,2,A,-,11,21954,A,N,G,B,D,B,H,-,D,D,0,Y,,,,Y,,N,60,1,0,0,0,1,0,0,0,0,"- ","- ",,,SACRAMENTO,SACRAMENTO,-121.50098419189453,38.597248077392578
8577644,2018,2018-03-29,3404,2018-03-18,0054,1001,P2,7,5,7,3404,0,0,0,,0,02A,"LONGVIEW DR","RT 80",716.00,N,N,A,-,N,,,,,,,,,,Y,2,0,2,2,A,-,05,21651,A,N,A,C,A,A,H,-,C,D,0,,,,,Y,,A,01,1,0,1,0,0,0,0,0,0,"- ","- ",,,SACRAMENTO,SACRAMENTO,-121.39943695068359,38.640579223632812
8586268,2018,2018-04-18,3400,2018-03-01,1505,118,,4,5,5,3490,0,0,0,,0,,"SUNRISE BL","RECYCLE RD",0.00,,Y,A,-,N,,,,,,,,,,N,2,0,2,2,A,-,09,21802,A,N,D,C,A,A,H,-,A,D,0,,,,,Y,,A,01,1,0,1,0,0,0,0,0,0,"- ","- ",38.578529357910156,-121.26200866699219,SACRAMENTO,"RANCHO CORDOVA",-121.26210784912109,38.578380584716797
8595837,2018,2018-04-17,3401,2018-02-02,1642,226,CA034,5,5,5,3401,0,0,0,,0,002,"GLENN DR","GLENN DR 1000",0.00,,-,A,-,N,,,,,,,,,,Y,2,0,1,1,A,-,03,22350,,N,E,I,A,A,H,-,A,D,0,,,Y,,Y,,C,02,1,0,0,0,0,0,0,0,1,"- ","- ",,,SACRAMENTO,FOLSOM,-121.182239,38.663818999999997
8601148,2018,2018-07-24,3404,2018-07-10,2157,823,,2,5,7,3404,0,0,0,,0,,"MARYSVILLE BL","HARRIS AV",90.00,S,N,A,-,N,,,,,,,,,,N,2,0,1,2,A,-,11,21954,A,N,G,B,D,A,H,-,C,D,0,Y,,,,Y,,N,60,1,0,0,0,1,0,0,0,0,"- ","- ",,,SACRAMENTO,SACRAMENTO,-121.42941284179688,38.638057708740234
8609288,2018,2018-04-30,3402,2018-03-03,1318,233,20,6,5,3,3402,0,0,0,,0,001,"EMERALD DR","RAMON CT",0.00,,Y,A,-,N,,,,,,,,,,N,2,0,1,2,A,-,09,21800,B,N,B,D,A,A,H,-,A,D,0,,,Y,,Y,,C,02,1,0,0,0,0,0,0,0,1,"- ","- ",38.255470275878906,-121.31133270263672,SACRAMENTO,GALT,-121.31136322021484,38.255489349365234
8610275,2018,2018-05-04,3404,2018-04-22,1448,971,2,7,5,7,3404,0,0,0,,0,00C,"ARDEN WY","EMPRESS ST",0.00,,Y,A,-,N,,,,,,,,,,N,2,0,1,2,A,-,08,22107,,F,B,C,A,A,H,-,A,A,0,,,Y,,Y,,A,01,1,0,0,0,0,0,0,0,1,"- ","- ",,,SACRAMENTO,SACRAMENTO,-121.44734954833984,38.606410980224609
8613805,2018,2018-04-24,3404,2018-04-16,0407,0257,4,1,5,7,3404,0,0,0,,0,00A,"MARINA VIEW DR",BROADWAY,0.00,S,N,B,G,N,,,,,,,,,,Y,2,0,1,2,A,-,01,23152,A,N,G,B,E,A,H,-,C,D,0,Y,,,,Y,Y,A,01,1,0,0,0,1,0,0,0,0,"- ","- ",,,SACRAMENTO,SACRAMENTO,-121.51693725585938,38.568199157714844
8613866,2018,2018-04-26,3404,2018-04-15,0105,0271,6,7,5,7,3404,0,0,0,,0,00C,"STOCKTON BL","FOWLER AV",0.00,,Y,A,-,N,,,,,,,,,,N,2,0,1,2,A,-,03,22350,A,N,G,B,E,A,H,-,C,D,0,Y,,,,Y,,-,,1,0,0,0,1,0,0,0,0,"- ","- ",,,SACRAMENTO,SACRAMENTO,-121.43374633789062,38.50592041015625
8614011,2018,2018-05-08,340H,2018-04-08,2112,10334,2108,7,5,5,3450,0,0,0,,0,002,"LAGUNA BL","FRANKLIN BL",230.00,W,N,A,-,N,,,,,,,,,,Y,2,0,1,2,A,-,09,21804,A,N,D,C,A,A,H,-,C,D,0,,,,,Y,,A,01,1,0,0,0,0,0,0,0,0,"- ","- ",,,SACRAMENTO,"ELK GROVE",-121.44892120361328,38.423110961914062
8614976,2018,2018-05-02,3404,2018-04-23,0735,1045,,1,5,7,3404,0,0,0,,0,UMC,"2ND AV","48TH ST",0.00,,Y,A,-,N,,,,,,,,,,N,2,0,1,2,A,-,09,21801,A,N,H,G,A,A,H,-,A,D,0,,Y,,,Y,,A,01,1,0,0,0,0,0,1,0,0,"- ","- ",,,SACRAMENTO,SACRAMENTO,-121.45024871826172,38.550960540771484
8616096,2018,2018-05-16,3400,2018-04-09,1820,739,RC,1,5,5,3490,0,0,0,,0,005,"FOLSOM BL","ARAMON DR",0.00,,Y,A,-,N,,,,,,,,,,N,2,0,1,2,A,-,09,21801,A,N,H,G,A,A,H,-,A,A,0,,Y,,,Y,,L,04,1,0,0,0,0,0,1,0,0,"- ","- ",38.593471527099609,-121.29418182373047,SACRAMENTO,"RANCHO CORDOVA",-121.29415130615234,38.593441009521484
8619345,2018,2018-05-22,3404,2018-05-05,2101,985,4,6,5,7,3404,0,0,0,,0,00A,"FREEPORT BL","SUTTERVILLE RD",0.00,,Y,A,-,N,,,,,,,,,,N,2,0,1,2,A,-,08,22107,,N,C,G,A,A,H,-,C,A,0,,Y,,,Y,,A,01,1,0,0,0,0,0,1,0,0,"- ","- ",,,SACRAMENTO,SACRAMENTO,-121.49376678466797,38.535160064697266
8619349,2018,2018-05-22,3404,2018-05-05,1430,1004,6,6,5,7,3404,0,0,0,,0,00E,"FOLSOM BL","WISSEMAN DR",0.00,,Y,A,-,N,,,,,,,,,,N,2,0,1,2,A,-,09,21453,C,F,D,G,A,A,H,-,A,A,0,,Y,,,Y,,A,01,1,0,0,0,0,0,1,0,0,"- ","- ",,,SACRAMENTO,SACRAMENTO,-121.38159942626953,38.550189971923828
8619398,2018,2018-05-22,3404,2018-02-16,0603,779,6,5,5,7,3404,0,0,0,,0,00D,"65TH ST","S ST",0.00,,Y,A,-,N,,,,,,,,,,N,2,0,2,2,D,-,00,,,N,D,C,A,A,H,-,C,A,0,,,,,Y,,-,"- ",1,0,1,0,0,0,0,0,0,"- ","- ",,,SACRAMENTO,SACRAMENTO,-121.42783355712891,38.551731109619141
8619516,2018,2018-05-23,3404,2018-05-01,1934,0490,1B,2,5,7,3404,0,0,0,,0,,"TRUXEL RD","WATERWHEEL DR",0.00,,Y,B,-,N,,,,,,,,,,Y,2,0,3,3,A,-,01,23152,A,F,A,C,A,A,H,-,C,D,0,,,,,Y,Y,A,01,1,0,2,0,0,0,0,0,0,"- ","- ",,,SACRAMENTO,SACRAMENTO,-121.49784851074219,38.610931396484375
8619520,2018,2018-05-23,3404,2018-05-01,1634,574,,2,5,7,3404,0,0,0,,0,,"FREEPORT BL","POTRERO WY",0.00,,Y,A,-,N,,,,,,,,,,Y,2,0,1,2,A,-,08,22107,,N,D,D,A,-,H,-,A,D,0,,,Y,,Y,,A,01,1,0,0,0,0,0,0,0,1,"- ","- ",,,SACRAMENTO,SACRAMENTO,-121.4954833984375,38.530189514160156
8622551,2018,2018-05-30,3404,2018-05-18,0054,779,6,5,5,7,3404,0,0,0,,0,00C,"POWER INN RD","32ND AV",84.00,N,N,A,-,N,,,,,,,,,,Y,2,0,1,1,A,-,01,23152,A,N,E,I,A,A,H,-,C,-,0,,,,,Y,Y,A,01,1,0,0,0,0,0,0,0,0,"- ","- ",,,SACRAMENTO,SACRAMENTO,-121.40912628173828,38.524162292480469
8622734,2018,2018-06-01,3404,2018-05-18,1233,0236,3,5,5,7,3404,0,0,0,,0,00A,"7TH ST","EGGPLANT ALLEY",300.00,N,N,A,-,N,,,,,,,,,,N,2,0,1,2,C,-,18,,,N,G,B,E,A,H,-,A,D,0,Y,,,,Y,,-,"- ",1,0,0,0,1,0,0,0,0,"- ","- ",,,SACRAMENTO,SACRAMENTO,-121.49514007568359,38.587127685546875
8622799,2018,2018-06-01,3404,2018-05-21,2143,1038,2,1,5,7,3404,0,0,0,,0,02C,"MARCONI AV","MARCONI CIR",513.00,W,N,A,-,N,,,,,,,,,,N,2,0,1,2,A,-,11,21950,B,N,G,B,E,A,H,-,C,D,0,Y,,,,Y,,N,60,1,0,0,0,1,0,0,0,0,"- ","- ",,,SACRAMENTO,SACRAMENTO,-121.42221069335938,38.621925354003906
8624039,2018,2018-05-22,3404,2018-05-08,0832,0236,3,2,5,7,3404,0,0,0,,0,00A,"BANNON ST","SEQUOIA PACIFIC BL",0.00,,Y,A,-,N,,,,,,,,,,N,2,0,1,2,A,-,17,21663,,N,G,B,F,A,H,-,A,A,0,Y,,,,Y,,-,,1,0,0,0,1,0,0,0,0,"- ","- ",,,SACRAMENTO,SACRAMENTO,-121.49746704101562,38.595920562744141
8632040,2018,2018-07-30,3404,2018-05-26,2255,627,1,6,5,7,3404,0,0,0,,0,01C,"NORTHGATE BL","NORTHGATE BL 1501",108.00,,N,A,-,N,,,,,,,,,,N,2,0,1,2,A,-,07,21658,A,F,C,G,A,A,H,-,C,D,0,,Y,,,Y,,-,99,1,0,0,0,0,0,1,0,0,"- ","- ",,,SACRAMENTO,SACRAMENTO,,
8634002,2018,2018-06-08,3404,2018-05-31,1733,409,6,4,5,7,3404,0,0,0,,0,00C,"ELDER CREEK RD","PANTANO DR",0.00,,Y,A,-,N,,,,,,,,,,Y,2,0,1,2,D,-,00,,,N,D,C,A,A,H,-,A,D,0,,,,,Y,,-,"- ",1,0,0,0,0,0,0,0,0,"- ","- ",,,SACRAMENTO,SACRAMENTO,-121.42337799072266,38.51055908203125
8635346,2018,2018-06-21,3404,2018-06-08,2308,8133,5,5,5,7,3404,0,0,0,,0,05B,"FRANKLIN BL","VALLEY HI DR",0.00,,Y,A,-,N,,,,,,,,,,Y,2,0,2,2,A,-,12,21453,A,N,D,C,A,A,H,-,C,A,0,,,,,Y,,A,01,1,1,0,0,0,0,0,0,0,"- ","- ",,,SACRAMENTO,SACRAMENTO,-121.44761657714844,38.467029571533203
8641605,2018,2018-06-25,3404,2018-06-12,1808,8118,2,2,5,7,3404,0,0,0,,0,00B,"SILVER EAGLE RD","NORWOOD AV",0.00,,Y,A,-,N,,,,,,,,,,Y,2,0,6,3,A,-,01,23152,A,N,D,C,A,A,H,-,A,A,0,,,,,Y,Y,A,01,2,3,1,0,0,0,0,0,0,"- ","- ",,,SACRAMENTO,SACRAMENTO,-121.4569091796875,38.630161285400391
8641759,2018,2018-06-26,3401,2018-05-31,2138,163,3401,4,5,5,3401,0,0,0,,0,004,"BLUE RAVINE RD","PLAZA DR",647.00,W,N,A,-,N,,,,,,,,,,Y,2,0,2,2,A,-,09,21801,A,N,D,C,A,A,H,-,A,D,0,,,,,Y,,A,01,1,0,1,0,0,0,0,0,0,"- ","- ",,,SACRAMENTO,FOLSOM,-121.18148803710938,38.654525756835938
8645824,2018,2018-07-10,3404,2018-06-14,1524,8156,SECTO,4,5,7,3404,0,0,0,,0,01A,"NORTH PARK DR","SEAGLEN WY",0.00,,Y,A,-,N,,,,,,,,,,Y,2,0,3,2,A,-,09,21801,A,N,D,C,A,A,H,-,A,D,0,,,Y,,Y,,A,01,2,1,0,0,0,0,0,0,2,"- ","- ",,,SACRAMENTO,SACRAMENTO,-121.51876831054688,38.666118621826172
8646090,2018,2018-07-13,3404,2018-06-29,0600,1041,,5,5,7,3404,0,0,0,,0,03A,"AHERN ST","NORTH 12TH ST",80.00,S,N,A,-,N,,,,,,,,,,N,2,0,1,2,A,-,06,21755,A,F,-,B,E,A,-,-,A,D,0,Y,,,,Y,,A,01,1,0,0,0,1,0,0,0,0,"- ","- ",,,SACRAMENTO,SACRAMENTO,-121.48127746582031,38.592498779296875
8648141,2018,2018-10-29,3404,2018-08-01,1137,0331,6,3,5,7,3404,0,0,0,,0,06D,"FOLSOM BL","ELVAS AV",112.00,E,N,A,-,N,,,,,,,,,,N,1,1,0,3,A,-,05,21650,1,N,D,G,A,A,D,-,A,D,0,,Y,,Y,Y,,L,04,0,0,0,0,0,1,0,0,0,"- ","- ",,,SACRAMENTO,SACRAMENTO,-121.42390441894531,38.553043365478516
8648183,2018,2020-05-22,3404,2018-09-10,0039,0257,2,1,5,7,3404,0,0,0,,0,00C,"ARDEN WY","CAMBRIDGE ST",139.00,E,N,A,-,N,,,,,,,,,,N,1,1,0,2,A,-,11,21954,A,N,G,B,D,A,H,-,C,D,0,Y,,,,Y,,N,60,0,0,0,1,0,0,0,0,0,"- ","- ",,,SACRAMENTO,SACRAMENTO,-121.44928741455078,38.606166839599609
8648209,2018,2020-05-22,3404,2018-09-14,1615,0331,4,5,5,7,3404,0,0,0,,0,04B,"FREEPORT BL","MC ALLISTER AV",0.00,,Y,A,-,N,,,,,,,,,,Y,1,1,1,2,A,-,03,22348,B,N,D,C,A,A,H,-,A,D,0,,,,,Y,,A,01,0,1,0,0,0,0,0,0,0,"- ","- ",,,SACRAMENTO,SACRAMENTO,-121.50060272216797,38.514488220214844
8648274,2018,2020-05-22,3400,2018-08-25,2342,645,RC,6,5,5,3490,0,0,0,,0,005,"WHITE ROCK RD","QUALITY DR",140.00,W,N,A,-,N,,,,,,,,,,N,1,1,0,2,A,-,11,21954,A,N,G,B,E,A,H,-,C,D,0,Y,,,,Y,,N,60,0,0,0,1,0,0,0,0,0,"- ","- ",38.587028503417969,-121.29048156738281,SACRAMENTO,"RANCHO CORDOVA",-121.2908935546875,38.587020874023438
8648404,2018,2020-05-22,3404,2018-11-03,2207,0257,6,6,5,7,3404,0,0,0,,0,06A,"33RD ST","12TH AV",0.00,,Y,A,-,N,,,,,,,,,,Y,1,1,4,3,A,-,01,23152,F,N,D,C,A,A,H,-,C,A,0,,,,,Y,,D,22,0,0,4,0,0,0,0,0,0,"- ","- ",,,SACRAMENTO,SACRAMENTO,-121.47117,38.54121
8648711,2018,2019-03-13,3496,2018-10-09,1827,404,,2,5,5,3496,0,0,0,,0,002,"GREENBACK LN","SYLVAN RD",559.00,E,N,A,-,N,,,,,,,,,,Y,1,1,1,2,B,-,22,,,F,A,C,A,A,H,-,A,A,0,,,,,Y,,A,01,0,0,1,0,0,0,0,0,0,"- ","- ",,,SACRAMENTO,"CITRUS HEIGHTS",-121.28831481933594,38.67816162109375
8648718,2019,2019-03-20,3404,2019-01-04,0701,0331,6,5,5,7,3404,0,0,0,,0,06C,"ELDER CREEK RD","ALISO WY",64.00,W,N,A,-,N,,,,,,,,,,Y,1,1,1,2,A,-,01,23152,F,N,B,C,A,A,H,-,A,D,0,,,,,Y,,A,01,0,0,1,0,0,0,0,0,0,"- ","- ",,,SACRAMENTO,SACRAMENTO,-121.41398620605469,38.510570526123047
8651187,2018,2019-03-26,3404,2018-09-22,0850,0784,2,6,5,7,3404,0,0,0,,0,02B,"NORWOOD AV","HAYES AV",0.00,,Y,A,-,N,,,,,,,,,,N,1,1,0,2,A,-,11,21954,A,N,G,B,D,A,H,-,A,D,0,Y,,,,Y,,N,60,0,0,0,1,0,0,0,0,0,"- ","- ",,,SACRAMENTO,SACRAMENTO,-121.45691680908203,38.630889892578125
8654713,2018,2018-07-17,3404,2018-06-25,1604,8166,6,1,5,7,3404,0,0,0,,0,00E,"AMERICAN RIVER DR","HOWE AV",0.00,,Y,A,-,N,,,,,,,,,,Y,2,0,3,2,A,-,08,22107,,N,C,C,A,A,H,-,A,A,0,,,,,Y,,A,01,2,0,1,0,0,0,0,0,0,"- ","- ",,,SACRAMENTO,SACRAMENTO,-121.40917205810547,38.569488525390625
8656371,2018,2018-08-01,340H,2018-06-26,1748,10690,5101,2,5,5,3450,0,0,0,,0,005,"BOND RD","E STOCKTON BL",228.00,,N,A,-,N,,,,,,,,,,N,2,0,1,3,A,-,08,22107,,N,B,G,A,A,H,-,A,D,0,,Y,,,Y,,D,22,1,0,0,0,0,0,1,0,0,"- ","- ",,,SACRAMENTO,"ELK GROVE",-121.39022064208984,38.423530578613281
8657467,2018,2018-08-27,3404,2018-07-21,1751,927,2,6,5,7,3404,0,0,0,,0,00C,"GROVE AV","NORWOOD BYP",0.00,,Y,A,-,N,,,,,,,,,,N,2,0,1,2,A,-,00,21655,8,F,A,C,A,A,H,-,C,D,0,,,,,Y,,A,08,1,0,0,0,0,0,0,0,0,"- ","- ",,,SACRAMENTO,SACRAMENTO,-121.45935821533203,38.61260986328125
8664164,2018,2018-07-20,3404,2018-06-26,2225,0784,1,2,5,7,3404,0,0,0,,0,01C,"MORELL ST","AZUSA ST",0.00,,Y,A,-,N,,,,,,,,,,Y,2,0,2,1,C,-,18,,,N,E,I,A,A,H,-,C,D,0,,,,,Y,,-,"- ",1,1,0,0,0,0,0,0,0,"- ","- ",,,SACRAMENTO,SACRAMENTO,-121.48404693603516,38.609130859375
8667555,2018,2018-07-24,3404,2018-07-16,0908,0951,5,1,5,7,3404,0,0,0,,0,00C,"LA MANCHA WY","SOUTH ELDER CT",0.00,,Y,A,-,N,,,,,,,,,,Y,2,0,1,1,A,-,07,21658,,N,E,I,A,A,H,-,A,D,0,,,Y,,Y,,C,02,1,0,0,0,0,0,0,0,1,"- ","- ",,,SACRAMENTO,SACRAMENTO,-121.42743682861328,38.478099822998047
8668135,2018,2018-07-31,3496,2018-06-12,1714,411,CHPD,2,5,5,3496,0,0,0,,0,003,"GARDENVINE AV","PEPPERCRESS CT",58.00,E,N,A,-,N,,,,,,,,,,N,2,0,1,2,A,-,08,22103,,N,D,C,A,A,H,-,A,D,0,,,Y,,Y,,A,01,1,0,0,0,0,0,0,0,1,"- ","- ",,,SACRAMENTO,"CITRUS HEIGHTS",-121.30463409423828,38.706912994384766
8673936,2018,2018-08-27,3404,2018-07-21,1348,1041,,6,5,7,3404,0,0,0,,0,02C,"ALTA ARDEN EXPWY","ARDEN WY",0.00,,Y,A,-,N,,,,,,,,,,Y,2,0,1,2,A,-,12,21453,A,N,D,C,A,A,H,-,A,A,0,,,,,Y,,A,01,1,0,0,0,0,0,0,0,0,"- ","- ",,,SACRAMENTO,SACRAMENTO,-121.42228698730469,38.597099304199219
8675329,2018,2018-10-04,3496,2018-07-19,2218,376,03496,4,5,5,3496,0,0,0,,0,001,"SUNRISE BL","ANTELOPE RD",410.00,S,N,A,-,N,,,,,,,,,,N,2,0,1,2,A,-,08,22107,,N,H,G,A,A,H,-,C,A,0,,Y,,,Y,,A,01,1,0,0,0,0,0,1,0,0,"- ","- ",,,SACRAMENTO,"CITRUS HEIGHTS",-121.27178192138672,38.706512451171875
8675680,2018,2018-08-29,3404,2018-07-26,1144,0942,3,4,5,7,3404,0,0,0,,0,00A,"VICTORIAN ALLEY","16TH ST",54.00,W,N,A,-,N,,,,,,,,,,N,2,0,1,2,A,-,00,20001,A,F,G,B,E,A,H,-,A,D,0,Y,,,,Y,,D,22,1,0,0,0,1,0,0,0,0,"- ","- ",,,SACRAMENTO,SACRAMENTO,-121.49137115478516,38.564399719238281
8678919,2018,2018-10-04,3404,2018-08-09,1852,8181,3,4,5,7,3404,0,0,0,,0,03B,"15TH ST","V ST",0.00,,Y,A,-,N,,,,,,,,,,N,2,0,1,2,A,-,09,21802,A,N,D,C,A,A,H,-,A,D,0,,,Y,,Y,,D,22,1,0,0,0,0,0,0,0,1,"- ","- ",,,SACRAMENTO,SACRAMENTO,-121.49227142333984,38.565269470214844
8681824,2018,2018-10-08,340H,2018-08-23,2152,10670,3404,4,5,5,3450,0,0,0,,0,003,"SHELDON RD","SPRINGHURST DR",0.00,,Y,A,-,N,,,,,,,,,,Y,2,0,1,2,A,-,12,21453,A,N,A,C,A,A,H,-,C,A,0,,,,,Y,,A,01,1,0,0,0,0,0,0,0,0,"- ","- ",,,SACRAMENTO,"ELK GROVE",-121.37975311279297,38.437961578369141
8684178,2018,2018-09-04,3404,2018-08-22,2026,8181,3,3,5,7,3404,0,0,0,,0,03B,"16TH ST","J ST",0.00,,Y,A,-,N,,,,,,,,,,Y,2,0,2,2,A,-,12,21453,A,N,D,C,A,A,H,-,C,A,0,,,Y,,Y,,A,01,1,0,1,0,0,0,0,0,1,"- ","- ",,,SACRAMENTO,SACRAMENTO,-121.4852294921875,38.578128814697266
8685409,2018,2018-10-08,3401,2018-08-03,1400,213,CA034,5,5,5,3401,0,0,0,,0,004,"BROADSTONE PKWY","CLARKSVILLE RD",0.00,,Y,A,-,N,,,,,,,,,,Y,2,0,2,5,A,-,01,23152,A,N,D,C,E,A,H,-,A,A,0,Y,,,,Y,Y,A,07,1,0,1,0,1,0,0,0,0,"- ","- ",38.651390075683594,-121.12406158447266,SACRAMENTO,FOLSOM,-121.12412261962891,38.651210784912109
8686961,2018,2019-04-02,3404,2018-08-07,2345,8122,1,2,5,7,3404,0,0,0,,0,00A,"DEL PASO RD","TOWN CENTER DR",68.00,E,N,A,-,N,,,,,,,,,,Y,1,1,0,1,A,-,07,21658,A,N,E,I,A,A,H,-,C,A,0,,,,,Y,,A,01,0,0,0,0,0,0,0,0,0,"- ","- ",,,SACRAMENTO,SACRAMENTO,-121.52172088623047,38.656002044677734
8688121,2018,2018-09-11,3404,2018-08-20,2120,441,6,1,5,7,3404,0,0,0,,0,06A,"STOCKTON BL","10TH AV",0.00,,Y,A,-,N,,,,,,,,,,N,2,0,1,2,A,-,11,21954,A,N,G,B,D,A,H,-,C,D,0,Y,,,,Y,,N,60,1,0,0,0,1,0,0,0,0,"- ","- ",,,SACRAMENTO,SACRAMENTO,-121.45165252685547,38.542839050292969
8691074,2018,2018-10-19,3404,2018-09-01,1712,8131,3,6,5,7,3404,0,0,0,,0,00B,"N ST","22ND ST",9.00,W,N,A,-,N,,,,,,,,,,N,2,0,1,2,A,-,10,21950,A,F,G,B,B,A,H,-,A,D,0,Y,,,,Y,,A,01,1,0,0,0,1,0,0,0,0,"- ","- ",,,SACRAMENTO,SACRAMENTO,-121.47918701171875,38.571548461914062
8693324,2018,2019-04-08,3404,2018-07-13,1720,0331,1,5,5,7,3404,0,0,0,,0,00A,"NORTHBOROUGH DR","NORTHBOROUGH DR 5746",0.00,,Y,A,-,N,,,,,,,,,,N,1,1,0,1,A,-,03,22350,,N,H,I,A,A,H,-,A,D,0,,,Y,,Y,,C,02,0,0,0,0,0,0,0,1,0,"- ","- ",,,SACRAMENTO,SACRAMENTO,-121.515466,38.681280000000001
8693588,2018,2018-09-19,3496,2018-08-03,1701,427,,5,5,5,3496,0,0,0,,0,001,"ANTELOPE RD","ROLLINGWOOD BL",0.00,,Y,A,-,N,,,,,,,,,,N,2,0,1,2,A,-,05,21202,A,F,H,G,A,A,H,-,A,D,0,,Y,,,Y,Y,L,04,1,0,0,0,0,0,1,0,0,"- ","- ",,,SACRAMENTO,"CITRUS HEIGHTS",-121.30368804931641,38.707431793212891
8694994,2018,2018-09-25,3404,2018-09-06,2044,8181,6,4,5,7,3404,0,0,0,,0,06B,"ELDER CREEK RD","STOCKTON BL",449.00,E,N,A,-,N,,,,,,,,,,N,2,0,1,2,A,-,16,21201,B,N,B,G,A,A,H,-,D,D,0,,Y,,,Y,,L,04,1,0,0,0,0,0,1,0,0,"- ","- ",,,SACRAMENTO,SACRAMENTO,-121.43430328369141,38.510520935058594
8701760,2018,2018-09-21,3404,2018-09-05,1226,711,P1,3,5,7,3404,0,0,0,,0,01C,"NORTHGATE BL","HARDING AV",156.00,N,N,A,-,N,,,,,,,,,,Y,2,0,1,2,A,-,08,22107,,N,D,C,A,A,H,-,A,D,0,,,Y,,Y,,A,01,1,0,0,0,0,0,0,0,1,"- ","- ",,,SACRAMENTO,SACRAMENTO,-121.47557830810547,38.608959197998047
8705480,2018,2018-11-02,3404,2018-09-27,1241,8210,2,4,5,7,3404,0,0,0,,0,00B,"RIO LINDA BL","RIO LINDA BL 2594",0.00,,-,A,-,N,,,,,,,,,,Y,2,0,1,3,A,-,00,23103,A,N,D,D,A,A,H,-,A,A,0,,,,,Y,,D,22,1,0,0,0,0,0,0,0,0,"- ","- ",,,SACRAMENTO,SACRAMENTO,-121.44651399999999,38.614488000000001
8706431,2018,2018-10-02,3496,2018-06-18,2214,131,,1,5,5,3496,0,0,0,,0,,"GREENBACK LN","BINET DR",317.00,W,N,A,-,N,,,,,,,,,,Y,2,0,4,5,A,-,03,22350,,N,G,B,E,-,H,-,C,D,0,Y,,,,Y,,A,07,2,2,0,0,3,0,0,0,0,"- ","- ",,,SACRAMENTO,"CITRUS HEIGHTS",-121.30460357666016,38.678230285644531
8706846,2018,2018-10-09,3404,2018-09-21,2047,950,5,5,5,7,3404,0,0,0,,0,00C,"COSUMNES RIVER BL","BRUCEVILLE RD",0.00,,Y,A,-,N,,,,,,,,,,N,2,0,5,4,A,-,12,21453,A,N,B,C,A,A,H,-,C,A,0,,,,,Y,,D,72,2,0,3,0,0,0,0,0,0,"- ","- ",,,SACRAMENTO,SACRAMENTO,-121.41774749755859,38.457721710205078
8708250,2018,2018-10-15,3404,2018-09-09,0528,325,2,7,5,7,3404,0,0,0,,0,02A,"MAIN AV","RIO LINDA BL",0.00,,Y,A,-,N,,,,,,,,,,Y,2,0,1,1,A,-,03,22350,,N,E,I,A,A,H,-,C,A,0,,,,,Y,,A,01,1,0,0,0,0,0,0,0,0,"- ","- ",,,SACRAMENTO,SACRAMENTO,-121.44773101806641,38.655071258544922