CASE_ID,ACCIDENT_YEAR,PROC_DATE,JURIS,COLLISION_DATE,COLLISION_TIME,OFFICER_ID,REPORTING_DISTRICT,DAY_OF_WEEK,CHP_SHIFT,POPULATION,CNTY_CITY_LOC,SPECIAL_COND,BEAT_TYPE,CHP_BEAT_TYPE,CITY_DIVISION_LAPD,CHP_BEAT_CLASS,BEAT_NUMBER,PRIMARY_RD,SECONDARY_RD,DISTANCE,DIRECTION,INTERSECTION,WEATHER_1,WEATHER_2,STATE_HWY_IND,CALTRANS_COUNTY,CALTRANS_DISTRICT,STATE_ROUTE,ROUTE_SUFFIX,POSTMILE_PREFIX,POSTMILE,LOCATION_TYPE,RAMP_INTERSECTION,SIDE_OF_HWY,TOW_AWAY,COLLISION_SEVERITY,NUMBER_KILLED,NUMBER_INJURED,PARTY_COUNT,PRIMARY_COLL_FACTOR,PCF_CODE_OF_VIOL,PCF_VIOL_CATEGORY,PCF_VIOLATION,PCF_VIOL_SUBSECTION,HIT_AND_RUN,TYPE_OF_COLLISION,MVIW,PED_ACTION,ROAD_SURFACE,ROAD_COND_1,ROAD_COND_2,LIGHTING,CONTROL_DEVICE,CHP_ROAD_TYPE,PEDESTRIAN_ACCIDENT,BICYCLE_ACCIDENT,MOTORCYCLE_ACCIDENT,TRUCK_ACCIDENT,NOT_PRIVATE_PROPERTY,ALCOHOL_INVOLVED,STWD_VEHTYPE_AT_FAULT,CHP_VEHTYPE_AT_FAULT,COUNT_SEVERE_INJ,COUNT_VISIBLE_INJ,COUNT_COMPLAINT_PAIN,COUNT_PED_KILLED,COUNT_PED_INJURED,COUNT_BICYCLIST_KILLED,COUNT_BICYCLIST_INJURED,COUNT_MC_KILLED,COUNT_MC_INJURED,PRIMARY_RAMP,SECONDARY_RAMP,LATITUDE,LONGITUDE,COUNTY,CITY,POINT_X,POINT_Y
90285664,2016,2016-10-06,9252,2016-09-20,1925,018423,,2,2,9,3400,0,2,4,,1,071,"MARTIN LUTHER KING JR BLVD","47TH AVE",0.00,,Y,A,-,N,,,,,,,,,,N,2,0,1,2,A,-,11,21950,B,N,G,B,B,A,H,-,C,A,0,Y,,,,Y,Y,N,60,1,0,0,0,1,0,0,0,0,"- ","- ",38.510429999999999,-121.4644,SACRAMENTO,UNINCORPORATED,-121.46456999,38.510379989999997
90286428,2016,2016-10-07,9250,2016-09-24,2035,012773,,6,2,9,3400,0,2,4,,1,044,"EL CAMINO AVENUE","MORETTI WAY",20.00,W,N,A,-,N,,,,,,,,,,N,2,0,1,2,A,-,11,21950,B,N,G,B,D,A,H,-,C,D,0,Y,,,Y,Y,,N,60,1,0,0,0,1,0,0,0,0,"- ","- ",,,SACRAMENTO,UNINCORPORATED,-121.41351,38.610950000000003
90286695,2016,2016-10-07,9252,2016-09-26,0120,020160,,1,3,9,3400,0,3,5,,2,080,"COLONY ROAD","DILLARD ROAD",3168.00,S,N,A,-,N,,,,,,,,,,Y,2,0,1,1,A,-,01,23152,F,N,E,I,A,A,H,-,D,D,0,,,,,Y,Y,A,01,1,0,0,0,0,0,0,0,0,"- ","- ",38.398890000000002,-121.24248,SACRAMENTO,UNINCORPORATED,-121.24317963,38.39919235
90292899,2016,2016-10-17,9250,2016-09-20,1025,015423,,2,1,9,3400,0,2,4,,1,053,"FAIR OAKS BOULEVARD","DAY DRIVE",46.00,N,N,A,-,N,,,,,,,,,,Y,2,0,3,2,A,-,09,21801,A,N,A,C,A,A,H,-,A,A,0,,,,,Y,,A,01,1,0,2,0,0,0,0,0,0,"- ","- ",,,SACRAMENTO,UNINCORPORATED,-121.34976652,38.59111283
90296885,2016,2016-10-20,9260,2016-09-19,1752,016371,,1,2,9,3400,0,1,3,,2,116,SR-16,"DEER CREEK BRIDGE",394.00,E,N,A,-,Y,,,,,,,,,,Y,1,1,0,1,A,-,08,22107,,N,E,I,A,A,H,-,A,D,0,,,,,Y,Y,D,22,0,0,0,0,0,0,0,0,0,"- ","- ",,,SACRAMENTO,UNINCORPORATED,,
90298841,2016,2016-10-24,9250,2016-10-16,0620,018725,,7,1,9,3400,0,2,4,,1,015,"ROSEVILLE RD","ELKHORN BLVD",292.00,S,N,B,C,N,,,,,,,,,,Y,2,0,1,3,A,-,03,22350,,N,B,C,A,B,H,-,D,D,0,,,Y,,Y,,C,02,1,0,0,0,0,0,0,0,1,"- ","- ",38.689959999999999,-121.34866,SACRAMENTO,UNINCORPORATED,-121.34872486,38.689900600000001
90299734,2016,2016-10-24,9252,2016-10-16,0230,019793,,7,3,5,3450,0,1,1,,2,106,"I-5 S/B","LAGUNA BLVD",50.00,S,N,B,-,Y,,,5,,,,,,S,Y,2,0,5,1,A,-,01,23152,A,N,F,A,A,B,H,-,D,D,0,,,,,Y,Y,A,01,2,3,0,0,0,0,0,0,0,"- ","- ",38.426009999999998,-121.48768,SACRAMENTO,"ELK GROVE",-121.48752714,38.426041789999999
90300661,2016,2016-10-25,9252,2016-10-19,2215,019231,,3,3,9,3400,0,2,4,,2,073,"STOCKTON BLVD","VICTORY AVE",100.00,S,N,A,-,N,,,,,,,,,,Y,2,0,1,2,A,-,03,22350,,N,C,C,A,A,H,-,C,D,0,,,Y,,Y,,C,02,1,0,0,0,0,0,0,0,1,"- ","- ",38.47137,-121.41766,SACRAMENTO,UNINCORPORATED,-121.41770255,38.471591359999998
90300755,2016,2016-10-25,9260,2016-10-22,0335,018155,,6,3,5,3490,0,2,4,,2,101,"WATT AVE","FOLSOM BLVD.",48.00,N,N,A,-,N,,,,,,,,,,Y,2,0,1,1,A,-,01,23152,A,N,E,I,A,A,H,-,C,A,0,,,,,Y,Y,A,01,1,0,0,0,0,0,0,0,0,"- ","- ",38.553370000000001,-121.37495,SACRAMENTO,"RANCHO CORDOVA",-121.37532444999999,38.553203189999998
90300919,2016,2016-10-25,9260,2016-10-12,0515,015262,,3,3,9,3400,0,2,4,,2,101,"WATT AVE NORTHBOUND","HIGHWAY 50 OFF RAMP",60.00,N,N,A,-,N,,,,,,,,,,N,2,0,1,2,A,-,11,21950,B,N,G,B,D,A,H,-,C,A,0,Y,,,,Y,,N,60,1,0,0,0,1,0,0,0,0,"- ","- ",38.55986,-121.38006,SACRAMENTO,UNINCORPORATED,-121.37871801999999,38.557868790000001
90302273,2016,2016-10-26,9250,2016-09-26,0254,018835,,1,3,9,3400,0,2,4,,1,024,"MADISON AVENUE","LINCOLN OAKS DRIVE",175.00,E,N,A,-,N,,,,,,,,,,Y,1,2,1,2,A,-,01,23152,A,N,A,C,A,A,H,-,C,D,0,,,Y,,Y,Y,A,01,0,1,0,0,0,0,0,2,0,"- ","- ",38.663640000000001,-121.29934,SACRAMENTO,UNINCORPORATED,-121.29926716999999,38.66365888
90303474,2016,2016-10-27,9250,2016-10-14,0130,014532,,5,3,9,3400,0,2,4,,1,021,"AUBURN BLVD","KITTY LANE",88.00,E,N,A,-,N,,,,,,,,,,Y,2,0,4,1,A,-,01,23152,E,F,E,I,A,A,H,-,C,D,0,,,,,Y,,A,01,1,2,1,0,0,0,0,0,0,"- ","- ",,,SACRAMENTO,UNINCORPORATED,-121.3633075,38.645305
90306821,2016,2016-10-31,9252,2016-09-24,1015,019279,,6,1,9,3400,0,2,4,,1,071,"LINDALE DR","CHANDLER DR",30.00,S,N,A,-,N,,,,,,,,,,N,2,0,1,2,A,-,03,22350,,F,G,B,D,A,H,-,A,D,0,Y,,,,Y,,A,01,1,0,0,0,1,0,0,0,0,"- ","- ",38.49259,-121.42626,SACRAMENTO,UNINCORPORATED,-121.42625946,38.492682739999999
90310632,2016,2016-11-03,9250,2016-10-23,0954,018774,,7,1,9,3400,0,2,4,,1,014,"ELKHORN BLVD","KIMMEL DR",80.00,E,N,A,-,N,,,,,,,,,,Y,2,0,4,3,A,-,01,23152,E,N,D,C,A,A,H,-,A,D,0,,,,,Y,,D,22,2,1,1,0,0,0,0,0,0,"- ","- ",38.694540000000003,-121.36794,SACRAMENTO,UNINCORPORATED,-121.36807032999999,38.694654980000003
90313626,2016,2016-11-08,9260,2016-10-21,2220,018155,,5,3,9,3400,0,2,4,,2,103,"HAZEL AVE","TRIBUTARY PT DR",0.00,,Y,A,-,N,,,,,,,,,,N,2,0,1,2,A,-,11,21453,D,N,G,B,D,A,H,-,C,A,0,Y,,,,Y,,N,60,1,0,0,0,1,0,0,0,0,"- ","- ",38.632379999999998,-121.21871,SACRAMENTO,UNINCORPORATED,-121.21876989,38.63268995
90315657,2016,2017-11-08,9250,2016-10-25,0715,015423,,2,1,9,3400,1,3,5,,2,050,"BARRETT ROAD","DORINDA WAY",0.00,,Y,B,C,N,,,,,,,,,,N,2,0,1,2,A,-,09,21801,A,N,D,G,A,B,H,-,D,A,0,,Y,,,Y,,H,14,1,0,0,0,0,0,1,0,0,"- ","- ",38.647480000000002,-121.31283000000001,SACRAMENTO,UNINCORPORATED,-121.3128,38.647459910000002
90316689,2016,2016-11-10,9260,2016-10-20,0622,013761,,4,1,9,3400,0,1,3,,2,116,"SR-16 (JACKSON ROAD)","BRADSHAW RD",740.00,E,N,A,-,Y,,,16,,,,,,,Y,1,1,0,2,A,-,03,22350,,N,C,C,A,A,H,-,D,D,0,,,,Y,Y,,A,01,0,0,0,0,0,0,0,0,0,"- ","- ",38.528300000000002,-121.33240000000001,SACRAMENTO,UNINCORPORATED,-121.33239283,38.528326870000001
90319307,2016,2017-10-25,9250,2016-11-03,2126,016605,,4,2,9,3400,0,2,4,,1,023,"MANZANITA AVE","DENVER DR",151.00,N,N,A,-,N,,,,,,,,,,Y,1,1,0,2,A,-,11,21954,A,N,G,B,D,A,H,-,C,D,0,Y,,,,Y,,N,60,0,0,0,1,0,0,0,0,0,"- ","- ",38.659500000000001,-121.3275,SACRAMENTO,UNINCORPORATED,-121.32748079,38.659504599999998
90320092,2016,2016-11-15,9252,2016-11-03,1755,018575,,4,2,7,3404,0,1,2,,2,151,"US-50 W/B","65TH STREET",1056.00,W,N,A,-,Y,,,,,,,,,,Y,2,0,1,2,A,-,07,21658,A,F,C,C,A,A,H,-,A,D,0,,,Y,,Y,,A,01,1,0,0,0,0,0,0,0,1,"- ","- ",38.332999999999998,-121.25490000000001,SACRAMENTO,SACRAMENTO,-121.43134302999999,38.551512760000001
90321140,2016,2016-11-16,9252,2016-11-10,0855,018724,,4,1,9,3400,0,3,5,,2,074,"BRADSHAW RD. 8320 BLOCK","CALVINE RD",528.00,N,N,A,-,N,,,,,,,,,,Y,2,0,1,2,A,-,09,21804,A,N,D,C,A,A,H,-,A,D,0,,,Y,,Y,,A,01,1,0,0,0,0,0,0,0,1,"- ","- ",38.455199999999998,-121.33484,SACRAMENTO,UNINCORPORATED,-121.3348,38.45424628
90327152,2016,2016-11-22,9250,2016-09-22,2040,018461,,4,2,9,3400,0,3,5,,2,010,"BRUCE WAY","HEATHER HILL WAY",64.00,S,N,A,-,N,,,,,,,,,,N,1,1,0,1,A,-,08,22107,,N,E,I,A,A,H,-,D,D,0,,,Y,,Y,,O,05,0,0,0,0,0,0,0,1,0,"- ","- ",38.679560000000002,-121.36747,SACRAMENTO,UNINCORPORATED,-121.36738525,38.679584290000001
90327973,2016,2016-11-22,9250,2016-11-08,1250,018115,,2,1,9,3400,0,2,4,,1,015,"ROSEVILLE RD","ORANGE GROVE AVE",80.00,S,N,B,-,N,,,,,,,,,,Y,2,0,1,2,A,-,01,23152,A,N,C,C,A,A,H,-,A,D,0,,,,,Y,Y,A,01,1,0,0,0,0,0,0,0,0,"- ","- ",,,SACRAMENTO,UNINCORPORATED,-121.39784465,38.645164790000003
90330129,2016,2016-11-28,9250,2016-11-12,1830,019994,,6,2,9,3400,0,2,4,,1,022,"DEWEY DR","LINCOLN OAKS DR",0.00,,Y,A,-,N,,,,,,,,,,Y,2,0,1,2,A,-,09,21801,A,N,D,C,A,A,H,-,C,D,0,,,Y,,Y,,A,01,1,0,0,0,0,0,0,0,1,"- ","- ",38.666980000000002,-121.30862,SACRAMENTO,UNINCORPORATED,-121.30860993,38.666979959999999
90334995,2016,2016-12-01,9252,2016-12-01,0852,018575,,4,1,9,3400,0,2,4,,2,073,"POWER INN ROAD","HAYSTACK DRIVE",7.00,N,N,A,-,N,,,,,,,,,,N,2,0,1,2,C,-,18,,,F,G,B,E,A,H,-,A,D,0,Y,,,,Y,,-,"- ",1,0,0,0,1,0,0,0,0,"- ","- ",38.283900000000003,-121.2432,SACRAMENTO,UNINCORPORATED,-121.40876025,38.477579220000003
90335997,2016,2016-12-02,9260,2016-12-01,1720,017084,,4,2,9,3400,0,1,2,,2,501,"US-50 W/B","MATHER FIELD RD.",119.00,W,N,A,-,Y,,,,,,,,,,Y,2,0,3,5,A,-,03,22350,,N,C,C,A,A,H,-,C,A,0,,,Y,,Y,,A,08,1,0,2,0,0,0,0,0,1,"- ","- ",38.34422,-121.18306,SACRAMENTO,UNINCORPORATED,-121.30856113,38.578334439999999
90336842,2016,2016-12-05,9260,2016-11-26,1645,017084,,6,2,9,3400,0,2,4,,2,304,"MADISON AVE","MAIN AVE",101.00,E,N,B,C,N,,,,,,,,,,Y,2,0,1,3,A,-,01,23152,A,N,C,C,A,B,H,-,C,A,0,,,,,Y,Y,D,22,1,0,0,0,0,0,0,0,0,"- ","- ",38.402059999999999,-121.12071,SACRAMENTO,UNINCORPORATED,-121.20223328,38.672182470000003
90337559,2016,2016-12-06,9250,2016-09-20,0440,018115,,2,3,9,3400,0,2,4,,1,013,"ELKHORN BLVD","WALERGA RD",35.00,W,N,A,-,N,,,,,,,,,,Y,1,1,0,2,A,-,11,21954,A,N,G,B,D,A,H,-,C,A,0,Y,,,,Y,,N,60,0,0,0,1,0,0,0,0,0,"- ","- ",38.694429999999997,-121.36402,SACRAMENTO,UNINCORPORATED,-121.36383264,38.694490000000002
90338987,2016,2016-12-07,9252,2016-11-26,1353,018730,,6,1,9,3400,0,3,5,,2,074,"SR-16 W/B (JACKSON HIGHWAY)","FLORIN PERKINS RD",2333.00,E,N,C,-,Y,,,16,,,,,,W,Y,2,0,1,1,A,-,08,22107,,N,E,I,A,B,H,-,A,D,0,,,,Y,Y,,F,27,1,0,0,0,0,0,0,0,0,"- ","- ",38.542380000000001,-121.38352,SACRAMENTO,UNINCORPORATED,-121.38353831000001,38.542315260000002
90339910,2016,2016-12-08,9252,2016-11-25,2110,018407,,5,2,7,3404,0,1,1,,2,108,"I-5 S/B","CAPITOL MAL",440.00,N,N,A,-,Y,,,5,,,,,,S,Y,2,0,1,2,A,-,11,21954,A,N,G,B,E,A,H,-,D,D,0,Y,,,,Y,,N,60,1,0,0,0,1,0,0,0,0,"- ","- ",38.580480000000001,-121.50503999999999,SACRAMENTO,SACRAMENTO,-121.50503062,38.580469649999998
90342542,2016,2016-12-27,9260,2016-12-09,1430,017522,,5,2,9,3400,0,2,4,,2,307,"HAZEL AVE","ELM AVE",600.00,S,N,B,-,N,,,,,,,,,,Y,2,0,1,2,C,-,18,,,N,E,I,A,A,H,-,A,D,0,,,,,Y,,-,"- ",1,0,0,0,0,0,0,0,0,"- ","- ",38.691200000000002,-121.22551,SACRAMENTO,UNINCORPORATED,-121.22539198,38.691352739999999
90344192,2016,2016-12-28,9252,2016-10-24,0710,014561,,1,1,5,3450,1,4,S,,2,901,"WILTON RD","GRANT LINE RD",4224.00,S,N,B,-,N,,,,,,,,,,Y,2,0,5,3,A,-,05,21650,,N,B,C,A,A,H,-,B,D,0,,,,,Y,,A,01,1,4,0,0,0,0,0,0,0,"- ","- ",38.1693,-121.63979999999999,SACRAMENTO,"ELK GROVE",-121.28955083,38.423350210000002
90344560,2016,2016-12-14,9252,2016-12-08,1448,019821,,4,2,9,3400,0,3,5,,2,090,"SUTTER SLOUGH BRIDGE RD","PAINTERSVILLE BRIDGE",0.00,,Y,B,-,N,,,,,,,,,,Y,2,0,4,2,A,-,09,21802,A,N,D,C,A,B,H,-,A,D,0,,,,,Y,,A,01,1,0,3,0,0,0,0,0,0,"- ","- ",38.318860000000001,-121.57888,SACRAMENTO,UNINCORPORATED,-121.57890200999999,38.318738799999998
90344730,2016,2016-12-14,9250,2016-12-10,0250,019151,,6,3,7,3404,0,1,1,,2,184,"I-80 E/B  TO MADISON AVE","MADISON AVE",150.00,W,N,C,-,Y,,,,,,,,,,Y,2,0,1,1,A,-,08,22107,,N,E,I,A,B,H,-,D,B,0,,,,,Y,Y,A,01,1,0,0,0,0,0,0,0,0,"- ","- ",,,SACRAMENTO,SACRAMENTO,-121.36025931,38.660645520000003
90350685,2016,2016-12-21,9250,2016-12-08,0207,018374,,4,3,7,3404,0,1,1,,2,105,"I-5 N/B TO EL CAMINO AVE","EL CAMINO AVE",388.00,S,N,C,-,N,,,,,,,,,,Y,2,0,1,2,A,-,03,22350,,N,G,B,E,B,H,-,C,D,0,Y,,,,Y,,A,01,1,0,0,0,1,0,0,0,0,"- ","- ",,,SACRAMENTO,SACRAMENTO,-121.51162969000001,38.613809379999999
90352803,2016,2016-12-27,9250,2016-12-11,1720,019069,,7,2,9,3400,0,3,5,,2,040,"MORSE AVE","MAISON WAY",100.00,N,N,B,-,N,,,,,,,,,,N,2,0,1,2,A,-,11,21954,A,N,G,B,D,A,H,-,D,A,0,Y,,,,Y,,N,60,1,0,0,0,1,0,0,0,0,"- ","- ",38.594050000000003,-121.3922,SACRAMENTO,UNINCORPORATED,-121.39221000000001,38.593994619999997
90353282,2016,2016-12-27,9252,2016-12-18,1735,019821,,7,2,9,3400,0,3,5,,2,090,"TWIN CITIES RD","I-5 S/B TO TWIN CITIES RD.",0.00,,Y,A,-,Y,,,,,,,,,,Y,2,0,4,2,A,-,09,21802,A,N,D,C,A,A,H,-,C,A,0,,,,,Y,,A,01,1,0,3,0,0,0,0,0,0,"- ","- ",38.283259999999999,-121.45975,SACRAMENTO,UNINCORPORATED,,
90354474,2016,2016-12-27,9250,2016-12-15,1712,015745,,4,2,9,3400,0,3,5,,2,020,"DATE AVENUE S/B","MADISON AVE",109.00,N,N,C,-,N,,,,,,,,,,Y,2,0,1,2,A,-,11,21954,A,N,G,B,D,B,H,-,D,D,0,Y,,,,Y,,N,60,1,0,0,0,1,0,0,0,0,"- ","- ",,,SACRAMENTO,UNINCORPORATED,-121.35514999999999,38.661339329999997
90355801,2016,2016-12-28,9250,2016-12-17,1734,015961,,6,2,9,3400,0,3,5,,2,040,"AUBURN BLVD","MORSE AVE",620.00,W,N,A,-,N,,,,,,,,,,N,2,0,1,2,A,-,10,21950,A,F,G,B,C,A,H,-,C,A,0,Y,,,,Y,,-,99,1,0,0,0,1,0,0,0,0,"- ","- ",38.63288,-121.39413,SACRAMENTO,UNINCORPORATED,-121.39410803,38.632868860000002
90357656,2016,2016-12-29,9250,2016-12-09,0710,16290,,5,1,9,3400,0,3,5,,2,080,"NORTHGATE BOULEVARD","STRIKER AVENUE",0.00,,Y,B,C,N,,,,,,,,,,Y,2,0,1,2,A,-,09,21801,A,N,D,C,A,B,H,-,A,D,0,,,,,Y,,A,01,1,0,0,0,0,0,0,0,0,"- ","- ",38.651820000000001,-121.47750000000001,SACRAMENTO,UNINCORPORATED,-121.4774099,38.651849910000003
90360230,2016,2017-01-03,9260,2016-12-31,1510,017084,,6,2,9,3400,0,2,4,,2,307,"HAZEL AVE","GREENBACK LANE",362.00,N,N,A,-,N,,,,,,,,,,Y,2,0,2,2,A,-,09,21801,A,N,D,C,A,A,H,-,A,A,0,,,Y,,Y,,A,01,1,0,1,0,0,0,0,0,1,"- ","- ",38.404670000000003,-121.13328,SACRAMENTO,UNINCORPORATED,-121.22562000000001,38.679523840000002
90361244,2016,2017-01-04,9250,2016-12-24,2010,018382,,6,2,9,3400,0,3,5,,2,020,"SPRUCE AVE","GARFIELD AVE",0.00,,Y,A,-,N,,,,,,,,,,Y,2,0,1,2,A,-,09,21802,A,N,D,C,A,A,H,-,C,D,0,,,,,Y,,A,01,1,0,0,0,0,0,0,0,0,"- ","- ",,,SACRAMENTO,UNINCORPORATED,-121.33670986999999,38.676889889999998
90362399,2016,2017-01-27,9252,2016-08-09,2345,018974,,2,3,9,3400,0,1,1,,2,106,"I-5 NORTHBOUND","HOOD FRANKLIN ROAD",4000.00,N,N,A,-,Y,,,5,,,,,,N,Y,1,1,0,2,C,-,18,,,N,G,B,E,A,H,-,D,D,0,Y,,,Y,Y,Y,-,"- ",0,0,0,1,0,0,0,0,0,"- ","- ",38.385800000000003,-121.4787,SACRAMENTO,UNINCORPORATED,-121.47880988999999,38.38577772
90362541,2016,2017-01-31,9250,2016-12-08,1825,017818,,4,2,9,3400,0,3,5,,2,060,"JAMES WAY","SKVARLA AVENUE",88.00,E,N,B,C,N,,,,,,,,,,N,1,1,0,3,A,-,11,21954,A,N,G,B,D,B,H,-,C,D,0,Y,,,,Y,,N,60,0,0,0,1,0,0,0,0,0,"- ","- ",38.668579999999999,-121.38431,SACRAMENTO,UNINCORPORATED,-121.38469000000001,38.668570000000003
90363329,2017,2017-02-08,9252,2017-01-01,1714,019833,,7,2,9,3400,0,2,4,,2,073,"STOCKTON BOULEVARD","FLEMMING AVENUE",248.00,S,N,A,B,N,,,,,,,,,,Y,2,0,6,2,A,-,08,22107,,N,B,C,A,A,H,-,C,D,0,,,,,Y,,A,07,2,2,2,0,0,0,0,0,0,"- ","- ",38.486849999999997,-121.42480999999999,SACRAMENTO,UNINCORPORATED,-121.42474307000001,38.486820180000002
90363996,2016,2017-02-10,9252,2016-12-25,2305,018937,,7,3,7,3404,0,1,3,,2,192,"SR-99 SB TO FRUITRIDGE RD","FRUITRIDGE RD",540.00,N,N,A,-,Y,,,99,,,,R,,S,Y,2,0,1,1,A,-,01,23152,A,N,E,I,A,A,H,-,D,D,0,,,,,Y,Y,A,01,1,0,0,0,0,0,0,0,0,"- ","- ",38.526359999999997,-121.46881999999999,SACRAMENTO,SACRAMENTO,-121.46881999999999,38.526359999999997
90367713,2017,2017-01-12,9250,2017-01-03,2212,018835,,2,3,9,3400,0,1,3,,2,164,"SR-160 SOUTHBOUND","ARDEN WAY",50.00,N,N,C,G,Y,,,,,,,,,,Y,2,0,1,3,A,-,08,22107,,N,G,B,E,B,H,-,C,D,0,Y,,,,Y,,A,01,1,0,0,0,1,0,0,0,0,"- ","- ",38.603450000000002,-121.43543,SACRAMENTO,UNINCORPORATED,,
90368075,2016,2017-01-31,9252,2016-08-18,2338,017696,,4,3,9,3400,0,3,5,,2,074,"HEDGE AVENUE","ELDER CREEK ROAD",80.00,N,N,A,-,N,,,,,,,,,,Y,1,1,1,1,A,-,01,23152,E,N,F,A,A,A,H,-,D,A,0,,,,,Y,,A,01,1,0,0,0,0,0,0,0,0,"- ","- ",38.511139999999997,-121.3627,SACRAMENTO,UNINCORPORATED,-121.36267220000001,38.510999689999998
90368722,2017,2017-01-13,9252,2017-01-04,1955,014570,,3,2,9,3400,0,3,5,,2,080,"BRUCEVILLE ROAD","BILBY ROAD",50.00,S,N,C,-,N,,,,,,,,,,Y,2,0,1,1,A,-,03,22350,,N,E,I,A,B,H,-,C,A,0,,,,,Y,,A,01,1,0,0,0,0,0,0,0,0,"- ","- ",38.3797,-121.4174,SACRAMENTO,UNINCORPORATED,-121.41743275,38.379362700000001
90376065,2016,2017-01-24,9250,2016-10-21,2216,019151,,5,3,7,3404,0,1,1,,2,105,"I-5 NORTHBOUND","GARDEN HIGHWAY",190.00,N,N,A,-,Y,,,,,,,,,,Y,1,1,0,3,A,-,11,21954,A,N,G,B,E,A,H,-,D,D,0,Y,,,,Y,,N,60,0,0,0,1,0,0,0,0,0,"- ","- ",,,SACRAMENTO,SACRAMENTO,-121.50804719999999,38.606764400000003
90376511,2017,2017-01-24,9252,2017-01-14,0710,019142,,6,1,9,3400,0,2,4,,2,073,"POWER INN RD","68TH AVE",74.00,N,N,E,-,N,,,,,,,,,,Y,2,0,1,1,A,-,08,22107,,N,E,I,A,A,H,-,A,D,0,,,,,Y,,A,01,1,0,0,0,0,0,0,0,0,"- ","- ",38.490400000000001,-121.40900000000001,SACRAMENTO,UNINCORPORATED,-121.40885428,38.490293190000003
90377100,2017,2017-01-25,9250,2017-01-15,1525,019090,,7,2,9,3400,0,2,4,,1,064,"ELKHORN BLVD.","CHERRY LN",175.00,W,N,A,-,N,,,,,,,,,,N,2,0,1,2,A,-,09,21804,A,N,H,G,A,A,H,-,A,A,0,,Y,,,Y,,L,04,1,0,0,0,0,0,1,0,0,"- ","- ",,,SACRAMENTO,UNINCORPORATED,-121.44730302000001,38.684006510000003
90377964,2017,2017-02-09,9252,2017-01-21,2353,018581,,6,3,9,3400,0,2,4,,2,073,"STOCKTON BOULEVARD","POWER INN ROAD",1584.00,N,N,B,C,N,,,,,,,,,,Y,2,0,2,1,A,-,01,23152,A,N,F,A,A,B,H,-,C,D,0,,,,,Y,Y,A,01,1,0,1,0,0,0,0,0,0,"- ","- ",38.460070000000002,-121.41159,SACRAMENTO,UNINCORPORATED,-121.40575,38.459409999999998
90378516,2017,2017-01-26,9250,2017-01-03,1350,016244,,2,1,9,3400,0,1,3,,1,193,"SR-99 S/B","ELKHORN BLVD",140.00,N,N,C,-,Y,,,,,,,,,,Y,2,0,1,2,A,-,03,22350,,N,B,C,A,B,H,-,A,D,0,,,,Y,Y,,A,01,1,0,0,0,0,0,0,0,0,"- ","- ",,,SACRAMENTO,UNINCORPORATED,,
90381623,2017,2017-01-30,9252,2017-01-13,2205,019787,,5,3,9,3400,0,2,4,,2,073,"STOCKTON BLVD","FLORIN RD",15.00,N,N,A,-,N,,,,,,,,,,Y,2,0,5,3,A,-,01,23152,A,N,E,I,A,A,H,-,C,A,0,,,,,Y,Y,A,08,4,0,1,0,0,0,0,0,0,"- ","- ",38.49624,-121.42931,SACRAMENTO,UNINCORPORATED,-121.42909859,38.496168519999998
90384686,2016,2017-02-02,9250,2016-11-21,1622,016907,,1,2,9,3400,0,2,4,,1,042,"MARCONI AVENUE","ASHBOURNE DRIVE",84.00,W,N,A,-,N,,,,,,,,,,N,1,1,0,2,A,-,11,21954,A,N,G,B,D,A,H,-,A,D,0,Y,,,,Y,,N,60,0,0,0,1,0,0,0,0,0,"- ","- ",,,SACRAMENTO,UNINCORPORATED,-121.38761,38.617719999999998
9038910,2020,2020-02-15,3404,2020-01-20,1204,8178,2,1,5,7,3404,0,0,0,,0,02C,"HERITAGE LN","RESPONSE RD",0.00,,Y,A,-,N,,,,,,,,,,,2,0,1,2,A,-,10,21950,A,N,G,B,B,A,H,-,A,A,0,Y,,,,Y,,A,07,1,0,0,0,1,0,0,0,0,"- ","- ",,,SACRAMENTO,SACRAMENTO,-121.43052673339844,38.598209381103516
90393675,2017,2017-02-15,9252,2017-02-12,1710,020067,,7,2,9,3400,0,1,3,,2,162,"SR-160 S/B","POVERTY RD",2000.00,N,N,A,-,Y,,,160,,,,,,S,Y,2,0,1,1,A,-,01,23152,A,N,E,I,A,A,H,-,B,D,0,,,Y,,Y,Y,C,02,1,0,0,0,0,0,0,0,1,"- ","- ",38.186669999999999,-121.58365000000001,SACRAMENTO,UNINCORPORATED,-121.58363316000001,38.186652950000003
90404532,2017,2017-03-02,9250,2017-02-21,2240,017819,,2,3,7,3404,0,3,5,,2,010,"ELVERTA RD","ANTELOPE RD",22.00,E,N,B,-,N,,,,,,,,,,Y,2,0,1,1,A,-,03,22350,,N,E,I,A,B,H,-,C,A,0,,,,,Y,,A,01,1,0,0,0,0,0,0,0,0,"- ","- ",38.705530000000003,-121.35129999999999,SACRAMENTO,SACRAMENTO,-121.351372,38.705464139999997
90406166,2017,2017-03-06,9260,2017-02-26,2105,018532,,7,2,9,3400,0,2,4,,2,302,"GREENBACK LANE","FILBERT AVENUE",385.00,W,N,A,-,N,,,,,,,,,,Y,2,0,2,3,A,-,05,21650,,N,A,C,A,A,H,-,C,D,0,,,,,Y,,A,01,2,0,0,0,0,0,0,0,0,"- ","- ",38.678440000000002,-121.21777,SACRAMENTO,UNINCORPORATED,-121.21765813,38.678400629999999