CASE_ID,ACCIDENT_YEAR,PROC_DATE,JURIS,COLLISION_DATE,COLLISION_TIME,OFFICER_ID,REPORTING_DISTRICT,DAY_OF_WEEK,CHP_SHIFT,POPULATION,CNTY_CITY_LOC,SPECIAL_COND,BEAT_TYPE,CHP_BEAT_TYPE,CITY_DIVISION_LAPD,CHP_BEAT_CLASS,BEAT_NUMBER,PRIMARY_RD,SECONDARY_RD,DISTANCE,DIRECTION,INTERSECTION,WEATHER_1,WEATHER_2,STATE_HWY_IND,CALTRANS_COUNTY,CALTRANS_DISTRICT,STATE_ROUTE,ROUTE_SUFFIX,POSTMILE_PREFIX,POSTMILE,LOCATION_TYPE,RAMP_INTERSECTION,SIDE_OF_HWY,TOW_AWAY,COLLISION_SEVERITY,NUMBER_KILLED,NUMBER_INJURED,PARTY_COUNT,PRIMARY_COLL_FACTOR,PCF_CODE_OF_VIOL,PCF_VIOL_CATEGORY,PCF_VIOLATION,PCF_VIOL_SUBSECTION,HIT_AND_RUN,TYPE_OF_COLLISION,MVIW,PED_ACTION,ROAD_SURFACE,ROAD_COND_1,ROAD_COND_2,LIGHTING,CONTROL_DEVICE,CHP_ROAD_TYPE,PEDESTRIAN_ACCIDENT,BICYCLE_ACCIDENT,MOTORCYCLE_ACCIDENT,TRUCK_ACCIDENT,NOT_PRIVATE_PROPERTY,ALCOHOL_INVOLVED,STWD_VEHTYPE_AT_FAULT,CHP_VEHTYPE_AT_FAULT,COUNT_SEVERE_INJ,COUNT_VISIBLE_INJ,COUNT_COMPLAINT_PAIN,COUNT_PED_KILLED,COUNT_PED_INJURED,COUNT_BICYCLIST_KILLED,COUNT_BICYCLIST_INJURED,COUNT_MC_KILLED,COUNT_MC_INJURED,PRIMARY_RAMP,SECONDARY_RAMP,LATITUDE,LONGITUDE,COUNTY,CITY,POINT_X,POINT_Y
90615763,2017,2017-12-12,9250,2017-11-29,1630,017862,,3,2,9,3400,0,3,5,,2,010,"WATT AVE.","BLACKFOOT WAY",0.00,,Y,A,-,N,,,,,,,,,,Y,2,0,2,2,A,-,12,21453,A,N,A,C,A,A,H,-,A,A,0,,,,,Y,,A,01,1,1,0,0,0,0,0,0,0,"- ","- ",38.707380000000001,-121.38336,SACRAMENTO,UNINCORPORATED,-121.38335987000001,38.707379969999998
90615764,2017,2017-12-12,9250,2017-10-20,0152,019535,,5,3,9,3400,0,2,4,,1,011,"WATT AVENUE SOUTHBOUND","JAMES WAY",217.00,N,N,B,C,N,,,,,,,,,,N,1,1,0,2,A,-,11,21954,A,N,G,B,D,B,H,-,C,D,0,Y,,,,Y,,N,60,0,0,0,1,0,0,0,0,0,"- ","- ",38.669200000000004,-121.38294,SACRAMENTO,UNINCORPORATED,-121.38289422,38.669093259999997
90617761,2017,2017-12-14,9252,2017-12-01,1720,020067,,5,2,9,3400,0,3,5,,2,080,"W STOCKTON BLVD","VAN PARKER LN",225.00,S,N,A,-,N,,,,,,,,,,N,2,0,1,2,A,-,03,22350,,N,G,B,E,A,H,-,D,D,0,Y,,,,Y,,A,01,1,0,0,0,1,0,0,0,0,"- ","- ",38.286279999999998,-121.30959,SACRAMENTO,UNINCORPORATED,-121.30937709,38.285888239999998
90618384,2017,2017-12-15,9260,2017-12-08,1923,019281,,5,2,9,3400,0,3,5,,2,003,"WALNUT AVE","HALLENOAK LN",80.00,S,N,A,-,N,,,,,,,,,,N,2,0,1,2,A,-,11,21954,A,N,G,B,D,A,H,-,C,D,0,Y,,,,Y,,N,60,1,0,0,0,1,0,0,0,0,"- ","- ",38.671509999999998,-121.20716,SACRAMENTO,UNINCORPORATED,-121.20712372,38.671670339999999
90618874,2017,2017-12-18,9252,2017-11-17,1341,019142,,5,1,9,3400,0,2,4,,2,073,"GERBER RD","VINEYARD RD",145.00,E,N,A,-,N,,,,,,,,,,Y,2,0,2,1,A,-,03,22350,,N,E,I,A,A,H,-,A,A,0,,,,,Y,,A,07,1,1,0,0,0,0,0,0,0,"- ","- ",38.4816,-121.3154,SACRAMENTO,UNINCORPORATED,-121.31561342000001,38.48169841
90619560,2017,2017-12-18,9250,2017-12-08,1755,017306,,5,2,9,3400,0,3,5,,2,050,"GARFIELD AVE.","TIERRA GARDENS LN.",280.00,S,N,A,-,N,,,,,,,,,,N,2,0,1,2,A,-,11,21954,A,N,G,B,E,A,H,-,D,D,0,Y,,,,Y,,N,60,1,0,0,0,1,0,0,0,0,"- ","- ",38.612160000000003,-121.33695,SACRAMENTO,UNINCORPORATED,-121.33677519,38.612211090000002
90620309,2017,2017-12-19,9250,2017-12-09,0550,016624,,6,3,9,3400,0,1,3,,2,151,"SR-51 N/B TO FULTON AVE.","FULTON AVE",330.00,S,N,A,-,Y,,,51,,,,R,,N,Y,2,0,1,1,A,-,01,23152,A,N,E,I,A,A,H,-,D,D,0,,,,,Y,Y,A,01,1,0,0,0,0,0,0,0,0,"- ","- ",38.629950000000001,-121.40275,SACRAMENTO,UNINCORPORATED,-121.40275,38.629950000000001
90621835,2017,2017-12-20,9252,2017-12-17,0445,018937,,7,3,5,3450,0,1,1,,2,106,"I-5 S/B","ELK GROVE BLVD",310.00,S,N,A,-,Y,,,5,,,,,,S,Y,2,0,5,2,A,-,01,23152,A,N,C,C,A,A,H,-,C,D,0,,,,,Y,Y,A,01,1,4,0,0,0,0,0,0,0,"- ","- ",38.407879999999999,-121.4838,SACRAMENTO,"ELK GROVE",-121.48376892,38.407886810000001
90621921,2017,2017-12-20,9250,2017-12-11,1408,016225,,1,2,9,3400,0,1,1,,2,183,"INTERSTATE-80 W/B","ANTELOPE ROAD",2033.00,W,N,A,-,Y,,,,,,,,,,Y,2,0,2,1,A,-,08,22107,,N,E,I,A,A,H,-,A,D,0,,,,,Y,,A,01,1,0,1,0,0,0,0,0,0,"- ","- ",,,SACRAMENTO,UNINCORPORATED,-121.31454331,38.703099160000001
90622836,2017,2017-12-21,9250,2017-12-04,0615,015423,,1,1,9,3400,0,2,4,,1,053,"FAIR OAKS BOULEVARD","ARDEN WAY",371.00,N,N,A,-,N,,,,,,,,,,N,2,0,1,2,A,-,11,21954,A,N,G,B,D,A,H,-,A,D,0,Y,,,,Y,,N,60,1,0,0,0,1,0,0,0,0,"- ","- ",38.596299999999999,-121.34520000000001,SACRAMENTO,UNINCORPORATED,-121.34513228,38.596197259999997
90622847,2017,2017-12-29,9250,2017-12-14,2115,019535,,4,2,9,3400,0,2,4,,1,013,"WALERGA RD S/B","ELKHORN BLVD",90.00,N,N,A,-,N,,,,,,,,,,N,1,1,0,2,A,-,11,21954,A,N,G,B,D,A,H,-,C,D,0,Y,,,,Y,,N,60,0,0,0,1,0,0,0,0,0,"- ","- ",38.694940000000003,-121.36376,SACRAMENTO,UNINCORPORATED,-121.36370601,38.69473713
90627336,2017,2017-12-27,9260,2017-12-21,1835,019281,,4,2,9,3400,0,2,4,,2,307,"HAZEL AVE","MYHREN WAY",10.00,N,N,A,-,N,,,,,,,,,,N,2,0,2,3,A,-,03,22350,,N,G,B,E,A,H,-,C,D,0,Y,,,,Y,,A,01,1,1,0,0,2,0,0,0,0,"- ","- ",38.682780000000001,-121.22557999999999,SACRAMENTO,UNINCORPORATED,-121.22556916000001,38.682667449999997
90627814,2017,2017-12-27,9252,2017-12-08,1656,018452,,5,2,9,3400,0,3,5,,2,080,"DILLARD RD.","FOLSOM SOUTH CANAL (WEST ROAD)",0.00,,Y,A,-,N,,,,,,,,,,Y,2,0,1,2,A,-,09,21804,A,N,D,C,A,A,H,-,D,A,0,,,,,Y,,D,22,1,0,0,0,0,0,0,0,0,"- ","- ",38.442390000000003,-121.18939,SACRAMENTO,UNINCORPORATED,-121.18910193000001,38.442631820000003
90628761,2017,2018-01-23,9260,2017-11-18,0645,018316,,6,1,9,3400,0,1,3,,2,116,"SR-16 (JACKSON ROAD)","MEISS ROAD",2376.00,E,N,A,-,Y,,,16,,,,,,,Y,1,1,1,1,A,-,01,23152,A,N,E,I,A,A,H,-,A,D,0,,,,,Y,,A,01,1,0,0,0,0,0,0,0,0,"- ","- ",38.495170000000002,-121.18744,SACRAMENTO,UNINCORPORATED,-121.18744264,38.495142280000003
90628913,2017,2017-12-28,9252,2017-12-07,2150,018937,,4,2,9,3400,0,3,5,,2,080,"BORDEN RD","HERALD RD",740.00,E,N,A,-,N,,,,,,,,,,Y,2,0,1,1,A,-,01,23152,A,N,E,I,A,A,H,-,D,D,0,,,,,Y,Y,A,01,1,0,0,0,0,0,0,0,0,"- ","- ",38.291710000000002,-121.24189,SACRAMENTO,UNINCORPORATED,-121.24184244,38.29171333
90630903,2017,2018-01-02,9252,2017-12-08,2005,018937,,5,2,7,3404,0,1,3,,2,193,"SR-51 N/B","R ST",0.00,,Y,A,-,Y,,,51,,,,,,N,Y,2,0,6,2,A,-,03,22350,,N,C,C,A,A,H,-,C,D,0,,,,,Y,Y,A,01,1,2,3,0,0,0,0,0,0,"- ","- ",38.564399999999999,-121.47096000000001,SACRAMENTO,SACRAMENTO,-121.47093903,38.564390869999997
90632567,2017,2018-01-04,9250,2017-12-23,1915,020141,,6,2,9,3400,0,3,5,,2,050,"WALNUT AVE (2700 BLOCK)","KENNETH AVE",450.00,N,N,A,-,N,,,,,,,,,,N,2,0,1,2,A,-,11,21954,A,N,G,B,D,A,H,-,C,D,0,Y,,,,Y,,N,60,1,0,0,0,1,0,0,0,0,"- ","- ",38.614980000000003,-121.34598,SACRAMENTO,UNINCORPORATED,-121.34600786,38.614945759999998
90635764,2017,2018-01-09,9250,2017-12-28,0615,015423,,4,1,9,3400,0,2,4,,1,053,"FAIR OAKS BOULEVARD","SEABLER PLACE",15.00,E,N,A,-,N,,,,,,,,,,Y,2,0,1,2,A,-,03,22350,,N,D,C,A,A,H,-,D,D,0,,,,Y,Y,,A,01,1,0,0,0,0,0,0,0,0,"- ","- ",38,-121,SACRAMENTO,UNINCORPORATED,-121.33396809,38.605746109999998
90636410,2017,2018-01-09,9252,2017-12-29,0015,019142,,5,3,9,3400,0,1,3,,2,192,"SR-99 S/B TO MACK RD W/B","MACK RD",290.00,N,N,A,-,Y,,,99,,,,R,,S,Y,2,0,1,1,A,-,08,22107,,N,E,I,A,A,H,-,D,D,0,,,,,Y,,A,01,1,0,0,0,0,0,0,0,0,"- ","- ",38.4754,-121.42489999999999,SACRAMENTO,UNINCORPORATED,-121.42489999999999,38.4754
9063951,2020,2020-03-16,3404,2020-02-11,1103,8101,3,2,5,7,3404,0,0,0,,0,03A,"6TH ST","S ST",0.00,,Y,A,-,N,,,,,,,,,,N,2,0,1,2,A,-,09,21802,A,N,D,C,A,A,H,-,A,A,0,,,Y,,Y,,C,02,1,0,0,0,0,0,0,0,1,"- ","- ",,,SACRAMENTO,SACRAMENTO,-121.50308227539062,38.571830749511719
90641824,2018,2018-01-17,9250,2018-01-04,1913,019071,,4,2,9,3400,0,2,4,,1,045,"WATT AVE S/B","MARCONI AVE",400.00,S,N,B,-,N,,,,,,,,,,N,2,0,1,2,A,-,11,21954,A,N,G,B,D,A,H,-,C,D,0,Y,,,,Y,Y,N,60,1,0,0,0,1,0,0,0,0,"- ","- ",38.616611480712891,-121.38307189941406,SACRAMENTO,UNINCORPORATED,-121.38307952880859,38.616722106933594
90643010,2018,2018-01-18,9260,2018-01-15,1310,017084,,1,1,9,3400,0,2,4,,2,307,"HAZEL AVE","ROEDIGER LN",65.00,N,N,A,B,N,,,,,,,,,,Y,2,0,1,2,A,-,03,22350,,N,C,C,A,A,D,-,A,A,0,,,,,Y,,D,22,1,0,0,0,0,0,0,0,0,"- ","- ",38.392559051513672,-121.13326263427734,SACRAMENTO,UNINCORPORATED,-121.22561645507812,38.657077789306641
9064717,2020,2020-05-22,3404,2020-02-07,1816,8101,6,5,5,7,3404,0,0,0,,0,06C,"FLORIN PERKINS RD","RAMOS CT",180.00,S,N,A,-,N,,,,,,,,,,,2,0,1,2,A,-,09,21804,A,N,G,B,B,A,H,-,A,A,0,Y,,,Y,Y,,F,26,1,0,0,0,1,0,0,0,0,"- ","- ",,,SACRAMENTO,SACRAMENTO,-121.39073181152344,38.528301239013672
9064723,2020,2020-07-09,3404,2020-03-04,2048,255,6,3,5,7,3404,0,0,0,,0,00C,"FRUITRIDGE RD","WALLACE AV",200.00,E,N,A,-,N,,,,,,,,,,Y,2,0,1,1,A,-,01,23152,F,N,E,I,A,A,H,-,C,D,0,,,,,Y,,A,01,1,0,0,0,0,0,0,0,0,"- ","- ",,,SACRAMENTO,SACRAMENTO,-121.4163818359375,38.525081634521484
9064924,2020,2020-05-19,3401,2020-02-26,1815,248,3401,3,5,5,3401,0,0,0,,0,003,"IRON POINT RD","CARPENTER HILL RD",1026.00,W,N,A,-,N,,,,,,,,,,Y,2,0,2,2,A,-,08,22107,,N,C,E,A,A,H,-,B,D,0,,,,,Y,,A,01,1,1,0,0,0,0,0,0,0,"- ","- ",38.678329467773438,-121.09551239013672,SACRAMENTO,FOLSOM,-121.0985107421875,38.646869659423828
90651144,2018,2018-01-30,9250,2018-01-18,0822,015745,,4,1,9,3400,0,2,4,,1,053,"FAIR OAKS BLVD","GUNN ROAD",0.00,,Y,B,-,N,,,,,,,,,,Y,2,0,3,2,A,-,09,21801,A,N,A,C,A,A,H,-,A,D,0,,,,,Y,,A,01,1,0,2,0,0,0,0,0,0,"- ","- ",38.600601196289062,-121.34120178222656,SACRAMENTO,UNINCORPORATED,-121.34137725830078,38.600299835205078
90655343,2017,2018-02-05,9252,2017-09-05,0147,019202,,2,3,9,3400,0,1,3,,2,192,"SR-99 NORTHBOUND","FLORIN ROAD O/C",3696.00,S,N,A,-,Y,,,99,,,,,,N,Y,2,0,2,2,C,-,18,,,N,C,C,A,A,H,-,D,D,0,,,,,Y,,-,"- ",1,0,1,0,0,0,0,0,0,"- ","- ",38.488349999999997,-121.4376,SACRAMENTO,UNINCORPORATED,-121.43760921000001,38.488340360000002
90657549,2018,2018-02-08,9250,2018-02-03,2220,020910,,6,3,9,3400,0,2,4,,1,061,"RIO LINDA BLVD","O ST",30.00,N,N,A,-,N,,,,,,,,,,Y,2,0,2,3,A,-,01,23152,A,N,C,C,A,A,H,-,D,D,0,,,,,Y,Y,A,01,1,0,1,0,0,0,0,0,0,"- ","- ",38.694889068603516,-121.45690155029297,SACRAMENTO,UNINCORPORATED,-121.45684814453125,38.694881439208984
90658213,2018,2018-02-09,9260,2018-02-04,1830,019625,,7,2,9,3400,0,3,5,,2,003,"MAIN AVE","GREENBACK LN",675.00,N,N,A,-,N,,,,,,,,,,N,2,0,1,2,A,-,11,21950,B,N,G,B,D,A,H,-,C,D,0,Y,,,,Y,,N,60,1,0,0,0,1,0,0,0,0,"- ","- ",38.680099487304688,-122.20231628417969,SACRAMENTO,UNINCORPORATED,-121.20226287841797,38.679981231689453
90658367,2017,2018-02-09,9250,2017-10-24,1741,016351,,2,2,7,3404,0,1,1,,2,182,"INTERSTATE 80 EASTBOUND","INTERSTATE 80 W/B TO INTERSTATE 5 S/B",265.00,W,N,A,-,Y,,,80,,,,,,E,Y,1,1,0,2,A,-,03,22350,,N,C,C,A,A,H,-,B,D,0,,,,Y,Y,,D,22,0,0,0,0,0,0,0,0,0,"- ","- ",38.623899999999999,-121.5189,SACRAMENTO,SACRAMENTO,-121.51889516999999,38.623890690000003
90659883,2018,2018-02-12,9260,2018-02-10,2230,019625,,6,3,9,3400,0,2,4,,2,305,"GREENBACK LN","FAIR OAKS BLVD",25.00,N,N,A,-,N,,,,,,,,,,Y,2,0,2,2,A,-,12,21453,A,N,D,C,A,A,H,-,C,A,0,,,Y,,Y,,C,02,1,1,0,0,0,0,0,0,1,"- ","- ",38.768211364746094,-122.26197814941406,SACRAMENTO,UNINCORPORATED,-121.26230621337891,38.678585052490234
90661197,2018,2018-02-14,9250,2018-02-05,0620,019090,,1,1,9,3400,0,2,4,,1,044,"EL CAMINO AVE","TAMARACK WAY",135.00,E,N,E,-,N,,,,,,,,,,N,2,0,1,2,A,-,08,22107,,N,H,G,A,A,H,-,C,D,0,,Y,,,Y,,L,04,1,0,0,0,0,0,1,0,0,"- ","- ",38.61090087890625,-121.41190338134766,SACRAMENTO,UNINCORPORATED,-121.4119873046875,38.610794067382812
90661559,2018,2018-02-14,9250,2018-01-13,1803,020141,,6,2,7,3404,0,1,1,,2,105,"INTERSTATE 5 NORTHBOUND","STATE ROUTE 99",250.00,S,N,B,-,Y,,,5,,,,,,N,Y,1,1,0,1,A,-,01,23152,A,N,E,I,A,A,H,-,A,D,0,,,,,Y,Y,A,01,0,0,0,0,0,0,0,0,0,"- ","- ",38.667221069335938,-121.53943634033203,SACRAMENTO,SACRAMENTO,-121.53961181640625,38.66705322265625
90662066,2017,2018-02-15,9250,2017-11-17,0740,019090,,5,1,9,3400,0,2,4,,1,015,"ROSEVILLE ROAD","ELKHORN BOULEVARD",166.00,S,N,A,-,N,,,,,,,,,,N,1,1,0,2,A,-,03,22350,,N,G,B,D,B,H,-,A,D,0,Y,,,,Y,,A,01,0,0,0,1,0,0,0,0,0,"- ","- ",38.690100000000001,-121.3486,SACRAMENTO,UNINCORPORATED,-121.34843385000001,38.690160800000001
90664228,2017,2018-02-20,9252,2017-12-29,2359,020520,,5,3,9,3400,0,2,4,,1,072,"FRANKLIN BLVD","MEADOWGATE DR",45.00,N,N,B,-,N,,,,,,,,,,N,2,0,1,2,A,-,11,21954,A,N,G,B,D,A,H,-,C,A,0,Y,,,,Y,,N,60,1,0,0,0,1,0,0,0,0,"- ","- ",38.493830000000003,-121.45807000000001,SACRAMENTO,UNINCORPORATED,-121.45812986,38.493724280000002
90664689,2018,2018-02-27,9252,2018-01-10,2140,017048,,3,2,9,3400,0,2,4,,2,073,"POWER INN RD","GERBER RD",125.00,S,N,B,-,N,,,,,,,,,,Y,1,1,0,3,A,-,03,22350,,N,C,C,A,A,H,-,C,D,0,,,Y,Y,Y,,C,02,0,0,0,0,0,0,0,1,0,"- ","- ",38.481430053710938,-121.40889739990234,SACRAMENTO,UNINCORPORATED,-121.40876007080078,38.481315612792969
90664806,2018,2018-02-20,9250,2018-02-06,1236,015745,,2,1,9,3400,0,2,4,,1,055,"MANZANITA AVENUE N/B","CYPRESS AVENUE",252.00,N,N,A,-,N,,,,,,,,,,N,2,0,1,2,A,-,05,21650,,N,H,G,A,A,H,-,A,D,0,,Y,,,Y,,L,04,1,0,0,0,0,0,1,0,0,"- ","- ",38.639701843261719,-121.32790374755859,SACRAMENTO,UNINCORPORATED,-121.32802581787109,38.639583587646484
90669662,2018,2018-02-26,9260,2018-02-13,1545,016465,,2,2,9,3400,0,2,4,,2,101,"SUNRISE BLVD","CHRYSANTHY BLVD",165.00,S,N,A,-,N,,,,,,,,,,Y,2,0,1,2,A,-,07,21658,A,N,B,C,A,A,H,-,A,D,0,,,Y,,Y,,A,07,1,0,0,0,0,0,0,0,1,"- ","- ",38.547828674316406,-121.24291229248047,SACRAMENTO,UNINCORPORATED,-121.24290466308594,38.547897338867188
90672882,2018,2018-03-01,9250,2018-02-17,1135,018766,,6,1,7,3404,0,1,1,,2,182,"I-80 E/B","W. EL CAMINO AVE",830.00,W,N,A,-,Y,,,,,,,,,,Y,2,0,1,4,A,-,08,22107,,F,E,A,A,A,H,-,A,D,0,,,,,Y,,A,01,1,0,0,0,0,0,0,0,0,"- ","- ",36.612400054931641,-121.53839874267578,SACRAMENTO,SACRAMENTO,-121.53725433349609,38.613521575927734
90673053,2018,2018-03-01,9250,2018-02-16,1810,020068,,5,2,9,3400,0,1,1,,2,105,"I-5 N/B","GARDEN HWY",1425.00,S,N,A,-,Y,,,,,,,,,,Y,2,0,1,2,A,-,07,21658,A,N,C,C,A,A,H,-,D,D,0,,,Y,,Y,,A,07,1,0,0,0,0,0,0,0,1,"- ","- ",38.60260009765625,-121.50579833984375,SACRAMENTO,UNINCORPORATED,-121.62423706054688,38.673389434814453
90673743,2018,2018-03-02,9250,2018-02-19,1714,018542,,1,2,9,3400,0,3,5,,2,010,"CANTEL WAY","MILTON WAY",0.00,,Y,A,-,N,,,,,,,,,,Y,2,0,1,2,A,-,12,22450,A,N,D,C,A,A,H,-,A,A,0,,,Y,,Y,,A,01,1,0,0,0,0,0,0,0,1,"- ","- ",38.688728332519531,-121.37946319580078,SACRAMENTO,UNINCORPORATED,-121.37937927246094,38.688728332519531
90674712,2017,2018-03-05,9252,2017-11-23,0245,018407,,4,3,7,3404,0,1,3,,2,193,"SR-51 SOUTHBOUND","ELVAS AVENUE",1258.00,S,N,B,-,Y,,,,,,,,,,Y,1,1,2,6,A,-,03,22350,,N,D,C,E,A,H,-,D,D,0,Y,,,,Y,,A,01,2,0,0,1,2,0,0,0,0,"- ","- ",38.585270000000001,-121.43322999999999,SACRAMENTO,SACRAMENTO,-121.43766592999999,38.574391290000001
90674905,2018,2018-03-05,9250,2018-02-23,1428,019631,,5,2,9,3400,0,1,1,,2,183,"I-80 W/B","MADISON AVE",4800.00,W,N,A,-,Y,,,80,,,,,,W,Y,2,0,1,4,A,-,07,21658,A,F,B,C,A,A,H,-,A,D,0,,,,,Y,,A,01,1,0,0,0,0,0,0,0,0,"- ","- ",38.650981903076172,-121.37123107910156,SACRAMENTO,UNINCORPORATED,-121.37124633789062,38.6510009765625
90675042,2018,2018-03-05,9250,2018-02-19,1515,020068,,1,2,9,3400,0,3,5,,2,010,"DUNDEE DR","PROVIDENCE WAY",65.00,S,N,A,-,N,,,,,,,,,,N,2,0,1,2,A,-,10,21954,,F,G,B,E,A,H,-,A,D,0,Y,,,,Y,,A,01,1,0,0,0,1,0,0,0,0,"- ","- ",38.680500030517578,-121.37079620361328,SACRAMENTO,UNINCORPORATED,-121.37079620361328,38.680610656738281
90677418,2018,2018-03-08,9252,2018-02-22,1913,018598,,4,2,9,3400,0,2,4,,2,073,"POWER INN ROAD S/B","GERBER ROAD",130.00,S,N,B,-,N,,,,,,,,,,N,2,0,1,2,A,-,11,21954,A,N,G,B,D,A,H,-,C,A,0,Y,,,,Y,Y,N,60,1,0,0,0,1,0,0,0,0,"- ","- ",38.481121063232422,-121.40886688232422,SACRAMENTO,UNINCORPORATED,-121.40876007080078,38.481304168701172
90678200,2018,2019-11-12,9252,2018-02-06,0445,020783,,2,3,9,3400,0,3,5,,2,090,"ISLETON ROAD","ISLETON BRIDGE (PROLONGATION)",10032.00,N,N,A,-,N,,,,,,,,,,Y,1,1,0,2,A,-,11,21954,A,N,G,B,E,A,H,-,D,D,0,Y,,,,Y,,N,60,0,0,0,1,0,0,0,0,0,"- ","- ",38.190738677978516,-121.57070922851562,SACRAMENTO,UNINCORPORATED,-121.57014465332031,38.190971374511719
90679793,2018,2018-03-12,9260,2018-03-02,1825,018656,,5,2,9,3400,0,3,5,,2,001,"WESTPORTER DR","LUTHERAN CIR",147.00,N,N,C,-,N,,,,,,,,,,N,2,0,1,3,A,-,01,23152,A,N,B,C,E,B,H,-,C,D,0,Y,,,,Y,Y,A,01,1,0,0,0,1,0,0,0,0,"- ","- ",38.546340942382812,-121.35478973388672,SACRAMENTO,UNINCORPORATED,-121.35469818115234,38.546283721923828
90680117,2018,2018-03-12,9252,2018-03-07,0635,018649,,3,1,9,3400,0,2,4,,2,073,"POWER INN ROAD","LORIN AVENUE",0.00,,Y,A,-,N,,,,,,,,,,Y,2,0,1,2,A,-,06,21750,,N,B,C,A,A,H,-,B,D,0,,,Y,,Y,,C,02,1,0,0,0,0,0,0,0,1,"- ","- ",38.499069213867188,-121.40904235839844,SACRAMENTO,UNINCORPORATED,-121.4090576171875,38.499118804931641
9068383,2020,2020-06-10,3400,2020-02-15,0400,733,RCPD,6,5,5,3490,0,0,0,,0,005,"AGNES CIR","OCTAVIA WY",200.00,E,N,A,-,N,,,,,,,,,,Y,2,0,1,2,A,-,01,23152,A,N,C,E,A,A,H,-,C,D,0,,,Y,,Y,Y,C,02,1,0,0,0,0,0,0,0,1,"- ","- ",38.598060607910156,-121.31147003173828,SACRAMENTO,"RANCHO CORDOVA",-121.31184387207031,38.597972869873047
90684679,2018,2018-03-19,9260,2018-03-09,2030,019193,,5,2,9,3400,0,1,3,,2,116,"JACKSON RD","MURIETA PKY",0.00,,Y,A,-,N,,,16,,,,,,,Y,2,0,3,2,A,-,12,21453,A,N,D,C,A,A,H,-,D,A,0,,,,,Y,,A,07,1,2,0,0,0,0,0,0,0,"- ","- ",38.496360778808594,-121.09871673583984,SACRAMENTO,UNINCORPORATED,-121.09870147705078,38.496391296386719
90684845,2017,2018-03-19,9250,2017-12-13,1830,016747,,3,2,9,3400,0,2,4,,1,064,"ELKHORN BOULEVARD","34TH STREET",0.00,,Y,A,-,N,,,,,,,,,,Y,1,1,1,2,A,-,03,22350,,N,A,C,A,A,H,-,D,D,0,,,Y,,Y,,C,02,0,0,1,0,0,0,0,1,0,"- ","- ",38.690339999999999,-121.38745,SACRAMENTO,UNINCORPORATED,-121.38746,38.690419919999997
90685776,2018,2018-03-20,9250,2018-03-01,2125,018899,,4,2,9,3400,0,2,4,,1,012,"ANTELOPE RD","ANTELOPE HILLS DR.",0.00,,Y,B,C,N,,,,,,,,,,Y,2,0,2,2,A,-,03,22350,,N,D,C,A,B,H,-,C,D,0,,,,,Y,Y,A,01,2,0,0,0,0,0,0,0,0,"- ","- ",38.703941345214844,-121.36717987060547,SACRAMENTO,UNINCORPORATED,-121.36720275878906,38.703910827636719
90686969,2017,2018-03-22,9252,2017-02-22,1745,018575,,3,2,7,3404,0,2,S,,2,901,"FRUITRIDGE ROAD (EASTBOUND)","STOCKTON BOULEVARD",225.00,E,N,A,-,N,,,,,,,,,,Y,1,1,0,1,B,-,22,,,N,E,I,A,A,H,-,A,D,0,,,,,Y,,-,98,0,0,0,0,0,0,0,0,0,"- ","- ",38.524970000000003,-121.44164000000001,SACRAMENTO,SACRAMENTO,-121.4418036,38.524999999999999
90687071,2017,2018-03-21,9250,2017-09-22,2056,019572,,5,2,9,3400,0,1,1,,2,183,"INTERSTATE 80 WESTBOUND","MADISON AVENUE",3806.00,W,N,A,-,Y,,,80,,,,,,W,Y,2,0,2,3,A,-,03,22350,,N,C,C,A,A,H,-,C,D,0,,,,,Y,,A,08,1,1,0,0,0,0,0,0,0,"- ","- ",38.652859999999997,-121.36908,SACRAMENTO,UNINCORPORATED,-121.36915695,38.65294291
90687801,2017,2018-03-22,9250,2017-11-03,2020,019631,,5,2,9,3400,0,2,4,,1,011,"WATT AVENUE","DELANEY DRIVE",250.00,S,N,B,-,N,,,,,,,,,,Y,1,1,0,2,A,-,01,23152,A,F,H,G,A,A,H,-,C,D,0,,Y,,,Y,Y,A,07,0,0,0,0,0,1,0,0,0,"- ","- ",38.710189999999997,-121.38947,SACRAMENTO,UNINCORPORATED,-121.38948342,38.710260040000001
90688284,2018,2018-03-22,9250,2018-03-13,2221,019535,,2,3,9,3400,0,3,5,,2,050,"WALNUT AVE","EL CAMINO AVE",0.00,,Y,B,C,N,,,,,,,,,,Y,2,0,3,2,A,-,12,21453,A,N,D,C,A,B,H,-,C,A,0,,,,,Y,,A,01,2,1,0,0,0,0,0,0,0,"- ","- ",38.610000610351562,-121.34610748291016,SACRAMENTO,UNINCORPORATED,-121.34600830078125,38.610038757324219