CASE_ID,ACCIDENT_YEAR,PROC_DATE,JURIS,COLLISION_DATE,COLLISION_TIME,OFFICER_ID,REPORTING_DISTRICT,DAY_OF_WEEK,CHP_SHIFT,POPULATION,CNTY_CITY_LOC,SPECIAL_COND,BEAT_TYPE,CHP_BEAT_TYPE,CITY_DIVISION_LAPD,CHP_BEAT_CLASS,BEAT_NUMBER,PRIMARY_RD,SECONDARY_RD,DISTANCE,DIRECTION,INTERSECTION,WEATHER_1,WEATHER_2,STATE_HWY_IND,CALTRANS_COUNTY,CALTRANS_DISTRICT,STATE_ROUTE,ROUTE_SUFFIX,POSTMILE_PREFIX,POSTMILE,LOCATION_TYPE,RAMP_INTERSECTION,SIDE_OF_HWY,TOW_AWAY,COLLISION_SEVERITY,NUMBER_KILLED,NUMBER_INJURED,PARTY_COUNT,PRIMARY_COLL_FACTOR,PCF_CODE_OF_VIOL,PCF_VIOL_CATEGORY,PCF_VIOLATION,PCF_VIOL_SUBSECTION,HIT_AND_RUN,TYPE_OF_COLLISION,MVIW,PED_ACTION,ROAD_SURFACE,ROAD_COND_1,ROAD_COND_2,LIGHTING,CONTROL_DEVICE,CHP_ROAD_TYPE,PEDESTRIAN_ACCIDENT,BICYCLE_ACCIDENT,MOTORCYCLE_ACCIDENT,TRUCK_ACCIDENT,NOT_PRIVATE_PROPERTY,ALCOHOL_INVOLVED,STWD_VEHTYPE_AT_FAULT,CHP_VEHTYPE_AT_FAULT,COUNT_SEVERE_INJ,COUNT_VISIBLE_INJ,COUNT_COMPLAINT_PAIN,COUNT_PED_KILLED,COUNT_PED_INJURED,COUNT_BICYCLIST_KILLED,COUNT_BICYCLIST_INJURED,COUNT_MC_KILLED,COUNT_MC_INJURED,PRIMARY_RAMP,SECONDARY_RAMP,LATITUDE,LONGITUDE,COUNTY,CITY,POINT_X,POINT_Y
91087532,2019,2019-10-01,9250,2019-09-23,1851,020507,,1,2,9,3400,0,1,1,,2,106,"I-5 N/B","GARDEN HWY",270.00,N,N,A,-,Y,,,5,,,,,,N,Y,2,0,1,2,A,-,03,22350,,N,C,C,A,A,H,-,B,D,0,,,,,Y,,A,07,1,0,0,0,0,0,0,0,0,"- ","- ",38.67340087890625,-121.62509918212891,SACRAMENTO,UNINCORPORATED,-121.62509918212891,38.673393249511719
91087766,2019,2019-10-01,9250,2019-09-24,1820,020085,,2,2,9,3400,0,2,4,,1,044,"EL CAMINO AVE","MORETTI WAY",200.00,W,N,A,-,N,,,,,,,,,,Y,2,0,2,2,A,-,07,21658,A,N,B,C,A,A,H,-,A,D,0,,,Y,,Y,,D,22,1,0,1,0,0,0,0,0,1,"- ","- ",38.610801696777344,-121.4136962890625,SACRAMENTO,UNINCORPORATED,-121.41413879394531,38.610950469970703
91088362,2019,2019-10-01,9252,2019-09-22,1915,019934,,7,2,9,3400,0,1,2,,2,150,"US-50 W/B","16TH ST",528.00,W,N,A,-,Y,,,,,,,,,,Y,2,0,3,2,A,-,03,22350,,N,C,C,A,A,H,-,B,D,0,,,,,Y,,A,01,1,1,1,0,0,0,0,0,0,"- ","- ",38.563701629638672,-121.49349975585938,SACRAMENTO,UNINCORPORATED,-121.49336242675781,38.563850402832031
91090164,2019,2019-10-03,9250,2019-09-06,0635,019169,,5,1,9,3400,0,2,4,,1,017,"HILLSDALE BLVD","HAMILTON STREET",250.00,S,N,A,-,N,,,,,,,,,,Y,1,1,3,3,A,-,08,22107,,N,E,I,A,A,H,-,A,D,0,,,,,Y,,A,07,0,3,0,0,0,0,0,0,0,"- ","- ",38.665031433105469,-121.36428833007812,SACRAMENTO,UNINCORPORATED,-121.36431884765625,38.664730072021484
91091445,2019,2019-10-21,9252,2019-09-23,0730,021164,,1,1,9,3400,0,2,4,,2,073,"ELK GROVE FLORIN RD (7800 BLOCK)","LELAND AVE",0.00,,Y,A,-,N,,,,,,,,,,Y,2,0,1,2,A,-,03,22350,,N,D,C,A,A,H,-,A,D,0,,,Y,,Y,,C,02,1,0,0,0,0,0,0,0,1,"- ","- ",38.475299835205078,-121.37181854248047,SACRAMENTO,UNINCORPORATED,-121.37196350097656,38.475498199462891
91093312,2019,2019-10-09,9252,2019-09-26,1315,017869,,4,1,9,3400,0,3,5,,2,080,"GRANT LINE RD","SHELDON LAKE DR",0.00,,Y,A,-,N,,,,,,,,,,Y,2,0,3,2,A,-,12,21453,A,N,D,C,A,A,H,-,A,A,0,,,,,Y,,D,22,1,1,1,0,0,0,0,0,0,"- ","- ",38.485000610351562,-121.24220275878906,SACRAMENTO,UNINCORPORATED,-121.24223327636719,38.485099792480469
91094968,2019,2019-10-10,9250,2019-09-29,2230,018899,,7,3,9,3400,0,3,5,,2,060,"U ST.","30TH ST.",200.00,W,N,A,-,N,,,,,,,,,,N,2,0,1,2,A,-,03,22350,,F,G,B,E,A,E,-,D,D,0,Y,,,,Y,,-,99,1,0,0,0,1,0,0,0,0,"- ","- ",38.704399108886719,-121.39747619628906,SACRAMENTO,UNINCORPORATED,-121.47164154052734,38.561111450195312
91096340,2019,2019-10-14,9250,2019-10-05,0646,019825,,6,1,9,3400,0,2,4,,1,013,"WALERGA RD","ELKHORN BLVD",435.00,S,N,A,-,N,,,,,,,,,,Y,2,0,2,1,A,-,08,22107,,N,E,I,A,A,H,-,A,D,0,,,,,Y,,A,01,1,0,1,0,0,0,0,0,0,"- ","- ",38.669269561767578,-121.36403656005859,SACRAMENTO,UNINCORPORATED,-121.36370086669922,38.693294525146484
91096799,2019,2019-10-14,9260,2019-10-03,1943,019833,,4,2,9,3400,0,2,4,,2,301,"SUNRISE BOULEVARD","FAIR OAKS BOULEVARD",110.00,S,N,A,-,N,,,,,,,,,,N,2,0,1,3,A,-,09,21804,A,N,D,C,A,A,H,-,C,A,0,,,Y,,Y,,C,02,1,0,0,0,0,0,0,0,1,"- ","- ",38.639801025390625,-121.27143096923828,SACRAMENTO,UNINCORPORATED,-121.27164459228516,38.63983154296875
91097136,2019,2019-10-16,9252,2019-09-29,0310,020421,,7,3,7,3404,0,1,2,,2,151,"US-50 E/B","65TH ST",880.00,W,N,A,-,Y,,,50,,,,,,E,Y,2,0,2,1,A,-,01,23152,A,N,E,I,A,A,H,-,C,D,0,,,,,Y,Y,D,22,1,1,0,0,0,0,0,0,0,"- ","- ",38.551048278808594,-121.43097686767578,SACRAMENTO,SACRAMENTO,-121.43095397949219,38.551139831542969
91097951,2019,2019-10-15,9250,2019-10-09,0810,014532,,3,1,9,3400,0,2,4,,1,042,"MARCONI AVENUE","DARWIN STREET",0.00,,Y,A,-,N,,,,,,,,,,Y,2,0,2,2,A,-,09,21802,A,N,D,C,A,A,H,-,C,A,0,,,,,Y,,A,01,1,1,0,0,0,0,0,0,0,"- ","- ",38.619098663330078,-121.4176025390625,SACRAMENTO,UNINCORPORATED,-121.41758728027344,38.619178771972656
91098228,2019,2019-10-16,9252,2019-10-05,1153,018071,,6,1,9,3400,0,1,3,,2,191,"SR-99 S/B","ELK GROVE BLVD",2112.00,N,N,A,-,Y,,,,,,,,,,Y,2,0,3,2,A,-,04,21703,,N,B,C,A,A,H,-,A,D,0,,,,,Y,,A,01,1,1,1,0,0,0,0,0,0,"- ","- ",38.416679382324219,-121.39234924316406,SACRAMENTO,UNINCORPORATED,,
91103270,2019,2019-10-22,9260,2019-10-14,1518,018425,,1,2,9,3400,0,1,3,,2,116,SR-16,"SLOUGHHOUSE RD",528.00,E,N,A,-,Y,,,16,,,,,,,Y,2,0,2,2,A,-,05,21650,,N,A,C,A,A,H,-,A,D,0,,,,,Y,,A,01,2,0,0,0,0,0,0,0,0,"- ","- ",38.497661590576172,-121.20098114013672,SACRAMENTO,UNINCORPORATED,-121.20098114013672,38.497669219970703
91104699,2019,2019-10-24,9250,2019-10-14,1535,018667,,1,2,9,3400,0,1,1,,2,182,"I-80 E/B","TRUXEL RD",900.00,W,N,A,-,Y,,,,,,,,,,Y,2,0,4,4,A,-,03,22350,,N,C,C,A,A,H,-,A,D,0,,,,,Y,,A,01,1,1,2,0,0,0,0,0,0,"- ","- ",38.629669189453125,-121.50759124755859,SACRAMENTO,UNINCORPORATED,-121.50306701660156,38.632289886474609
91104876,2019,2020-01-07,9250,2019-10-22,0431,019300,,2,3,9,3400,0,1,1,,2,183,"INTERSTATE 80 WESTBOUND","ANTELOPE ROAD",3696.00,W,N,A,-,Y,,,,,,,,,,Y,1,1,0,3,A,-,03,22350,,N,C,C,A,A,H,-,D,D,0,,,Y,Y,Y,,C,02,0,0,0,0,0,0,0,1,0,"- ","- ",38.699630737304688,-121.3184814453125,SACRAMENTO,UNINCORPORATED,-121.31835174560547,38.699642181396484
91109060,2019,2019-10-29,9260,2019-10-19,0210,021487,,6,3,9,3400,0,2,4,,2,302,"GREENBACK LN","WALNUT AVE",125.00,W,N,A,-,N,,,,,,,,,,Y,2,0,1,1,A,-,01,23152,A,N,E,I,A,A,H,-,C,D,0,,,,,Y,Y,D,22,1,0,0,0,0,0,0,0,0,"- ","- ",38.57830810546875,-121.20755004882812,SACRAMENTO,UNINCORPORATED,-121.20734405517578,38.678226470947266
91109608,2019,2019-10-30,9250,2019-10-20,1345,019825,,7,1,9,3400,0,3,5,,2,090,"POWER LINE WAY","SKYKING ROAD",1320.00,N,N,A,-,N,,,,,,,,,,Y,2,0,1,1,A,-,01,23152,A,N,F,I,A,A,H,-,A,D,0,,,,,Y,Y,A,07,1,0,0,0,0,0,0,0,0,"- ","- ",38.689319610595703,-121.57675933837891,SACRAMENTO,UNINCORPORATED,-121.57663726806641,38.6890869140625
91109797,2019,2019-10-30,9260,2019-10-20,1935,018425,,7,2,9,3400,0,2,4,,2,102,"SCOTT RD","LATROBE RD",7392.00,N,N,A,-,N,,,,,,,,,,Y,2,0,1,1,A,-,08,22107,,N,F,I,A,A,H,-,D,D,0,,,Y,,Y,Y,C,02,1,0,0,0,0,0,0,0,1,"- ","- ",38.539241790771484,-121.10395812988281,SACRAMENTO,UNINCORPORATED,-121.10400390625,38.538463592529297
91109862,2019,2019-10-30,9260,2019-10-17,1720,015485,,4,2,5,3490,0,1,2,,2,501,"US-50 E/B","ZINFANDEL DR",1362.00,W,N,A,-,Y,,,50,,,,,,E,Y,2,0,1,2,A,-,03,22350,,N,C,C,A,A,H,-,A,D,0,,,Y,,Y,,C,02,1,0,0,0,0,0,0,0,1,"- ","- ",38.588489532470703,-121.29135131835938,SACRAMENTO,"RANCHO CORDOVA",-121.29132843017578,38.588459014892578
91111453,2019,2019-11-01,9260,2019-10-24,1455,019833,,4,2,9,3400,0,2,4,,2,101,"BRADSHAW ROAD","PRESERVATION WAY",0.00,,Y,A,-,N,,,,,,,,,,Y,2,0,3,2,A,-,12,21453,A,N,D,C,A,A,H,-,A,A,0,,,,,Y,,A,01,1,1,1,0,0,0,0,0,0,"- ","- ",38.550258636474609,-121.33560943603516,SACRAMENTO,UNINCORPORATED,-121.33551025390625,38.550289154052734
91112221,2019,2019-11-04,9250,2019-10-19,2253,020937,,6,3,9,3400,0,2,4,,1,024,"MADISON AVENUE W/B","DEWEY DR",60.00,E,N,A,-,N,,,,,,,,,,N,2,0,1,2,A,-,11,21954,A,F,G,B,E,A,H,-,C,D,0,Y,,,,Y,,N,60,1,0,0,0,1,0,0,0,0,"- ","- ",38.663528442382812,-121.30763244628906,SACRAMENTO,UNINCORPORATED,-121.30835723876953,38.663631439208984
91112454,2019,2019-11-04,9250,2019-10-27,0820,019266,,7,1,9,3400,0,3,5,,2,080,"DEL PASO RD","NATIONAL DR",0.00,,Y,A,G,N,,,,,,,,,,Y,2,0,1,2,A,-,01,23152,A,N,A,C,A,A,H,-,A,A,0,,,,,Y,Y,A,07,1,0,0,0,0,0,0,0,0,"- ","- ",38.656200408935547,-121.48780059814453,SACRAMENTO,UNINCORPORATED,-121.48771667480469,38.656318664550781
91117084,2019,2019-11-11,9250,2019-10-24,0645,016957,,4,1,9,3400,0,1,1,,2,181,"I-80 W/B ON FROM WATT AVE S/B",I-80,441.00,N,N,A,-,Y,,,,,,,,,,N,2,0,1,2,A,-,05,21650,,N,H,G,A,A,H,-,B,D,0,,Y,,,Y,,L,04,1,0,0,0,0,0,1,0,0,"- ","- ",38.384899139404297,-121.23000335693359,SACRAMENTO,UNINCORPORATED,,
91117087,2019,2019-11-11,9250,2019-10-25,1845,020329,,5,2,7,3404,0,1,1,,2,106,"I-5 S/B","GARDEN HWY U/C",1584.00,S,N,A,-,Y,,,,,,,,,,Y,2,0,1,3,A,-,03,22350,,N,C,C,A,A,H,-,D,D,0,,,Y,,Y,,C,02,1,0,0,0,0,0,0,0,1,"- ","- ",38.672721862792969,-121.6148681640625,SACRAMENTO,SACRAMENTO,-121.50698852539062,38.604160308837891
91120212,2019,2019-11-14,9252,2019-11-02,1005,018071,,6,1,9,3400,0,1,3,,2,192,"SR-99 N/B","41ST AVE",1056.00,S,N,A,-,Y,,,,,,,,,,N,2,0,1,2,A,-,17,23114,A,F,E,J,A,A,H,-,A,D,0,,,,,Y,,-,99,1,0,0,0,0,0,0,0,0,"- ","- ",38.512031555175781,-121.46228790283203,SACRAMENTO,UNINCORPORATED,,
91122876,2019,2019-11-18,9250,2019-11-06,1705,019047,,3,2,9,3400,0,2,4,,1,011,"WATT AVENUE S/B","PEACEKEEPER WAY",210.00,S,N,A,-,N,,,,,,,,,,Y,2,0,1,2,A,-,07,21658,A,N,B,C,A,A,H,-,C,D,0,,,Y,,Y,,C,02,1,0,0,0,0,0,0,0,1,"- ","- ",38.660118103027344,-121.38291168212891,SACRAMENTO,UNINCORPORATED,-121.38292694091797,38.660232543945312
91125039,2019,2019-11-20,9252,2019-06-10,0020,020802,,1,3,9,3400,0,3,5,,2,090,"WEST BRANNAN ISLAND ROAD","JACKSON SLOUGH ROAD",170.00,W,N,A,-,N,,,,,,,,,,Y,1,1,0,1,A,-,01,23152,A,N,E,I,A,A,H,-,D,D,0,,,,,Y,Y,A,01,0,0,0,0,0,0,0,0,0,"- ","- ",38.117889404296875,-121.62873840332031,SACRAMENTO,UNINCORPORATED,-121.62862396240234,38.117897033691406
91125564,2019,2019-11-21,9250,2019-11-12,1403,015719,,2,2,9,3400,0,2,4,,1,014,"ELKHORN BLVD","PLUMBER WAY",335.00,E,N,A,-,N,,,,,,,,,,N,2,0,1,2,A,-,21,22106,,N,G,B,E,A,H,-,A,D,0,Y,,,,Y,,A,07,1,0,0,0,1,0,0,0,0,"- ","- ",38.694480895996094,-121.36982727050781,SACRAMENTO,UNINCORPORATED,-121.36984252929688,38.694419860839844
91125660,2019,2019-12-12,9250,2019-11-11,1717,015184,,1,2,9,3400,0,2,4,,1,064,"ELKHORN BOULEVARD","DRY CREEK ROAD",0.00,,Y,A,-,N,,,,,,,,,,Y,2,0,1,1,A,-,08,22107,,N,F,A,A,A,H,-,C,A,0,,,Y,,Y,,O,05,1,0,0,0,0,0,0,0,1,"- ","- ",38.683998107910156,-121.43840026855469,SACRAMENTO,UNINCORPORATED,-121.43840026855469,38.683921813964844
91125666,2019,2019-11-21,9250,2019-11-12,2358,018785,,2,3,9,3400,0,2,4,,1,045,"WATT AVENUE","BUTANO DRIVE",33.00,S,N,A,-,N,,,,,,,,,,Y,2,0,1,1,C,-,18,,,N,E,J,A,A,H,-,C,A,0,,,,,Y,,-,"- ",1,0,0,0,0,0,0,0,0,"- ","- ",38.606578826904297,-121.3831787109375,SACRAMENTO,UNINCORPORATED,-121.38306427001953,38.606620788574219
91129573,2019,2019-11-26,9252,2019-11-20,1730,018119,,3,2,9,3400,0,1,3,,2,192,"SR-99 N/B","FLORIN RD",2600.00,S,N,A,-,Y,,,99,,,,,,N,N,2,0,1,3,A,-,03,22350,,F,C,C,A,A,H,-,C,D,0,,,,,Y,,A,01,1,0,0,0,0,0,0,0,0,"- ","- ",38.489471435546875,-121.43882751464844,SACRAMENTO,UNINCORPORATED,-121.43881225585938,38.489486694335938
91130424,2019,2020-01-23,9260,2019-11-08,2145,019148,,5,2,9,3400,0,2,4,,2,301,"SUNRISE BLVD. S/B","CAVALLI WAY",135.00,S,N,A,-,N,,,,,,,,,,N,1,1,0,2,A,-,11,21954,A,F,G,B,D,A,H,-,C,D,0,Y,,,,Y,,N,60,0,0,0,1,0,0,0,0,0,"- ","- ",38.65509033203125,-121.27246856689453,SACRAMENTO,UNINCORPORATED,-121.27243804931641,38.655750274658203
91130450,2019,2019-11-26,9260,2019-11-11,0645,013698,,1,1,9,3400,0,1,2,,2,501,"US-50 E/B","MAYHEW RD O/C",10.00,W,N,A,-,Y,,,50,,,,,,E,Y,2,0,3,3,A,-,03,22350,,N,C,C,A,A,H,-,A,D,0,,,,,Y,,A,01,1,2,0,0,0,0,0,0,0,"- ","- ",38.561798095703125,-121.34940338134766,SACRAMENTO,UNINCORPORATED,-121.34940338134766,38.561801910400391
91130629,2019,2019-11-27,9250,2019-11-24,0512,019535,,7,3,9,3400,0,2,4,,1,048,"FAIR OAKS BLVD","LAWSON WAY",140.00,W,N,A,-,N,,,,,,,,,,Y,2,0,1,1,A,-,01,23152,A,N,E,I,A,A,H,-,C,D,0,,,,,Y,Y,A,01,1,0,0,0,0,0,0,0,0,"- ","- ",38.574188232421875,-121.38954162597656,SACRAMENTO,UNINCORPORATED,-121.38942718505859,38.574089050292969
91131050,2019,2019-12-10,9252,2019-10-12,2050,020070,,6,2,9,3400,0,1,1,,2,106,"I-5 NORTHBOUND","HOOD FRANKLIN ROAD",4578.00,N,N,A,-,Y,,,5,,,,,,N,Y,1,1,0,2,A,-,01,23152,A,N,C,C,A,A,H,-,A,D,0,,,Y,,Y,Y,C,02,0,0,0,0,0,0,0,1,0,"- ","- ",38.389358520507812,-121.47955322265625,SACRAMENTO,UNINCORPORATED,-121.47954559326172,38.389362335205078
91131056,2019,2020-04-21,9252,2019-07-08,2126,017696,,1,2,9,3400,0,2,4,,2,073,"POWER INN ROAD","JUDETTE AVENUE",59.00,N,N,A,-,N,,,,,,,,,,N,1,1,0,2,A,-,11,21954,A,N,G,B,D,A,H,-,C,D,0,Y,,,,Y,,N,60,0,0,0,1,0,0,0,0,0,"- ","- ",38.489521026611328,-121.40882110595703,SACRAMENTO,UNINCORPORATED,-121.40885162353516,38.489551544189453
91131290,2019,2019-11-27,9250,2019-11-15,1515,020920,,5,2,9,3400,0,1,1,,2,184,"I-80 E/B","WATT AVE",1380.00,W,N,A,-,Y,,,,,,,,,,Y,2,0,1,1,A,-,08,22107,,N,F,A,A,A,H,-,A,D,0,,,Y,,Y,,C,02,1,0,0,0,0,0,0,0,1,"- ","- ",38.644130706787109,-121.28762054443359,SACRAMENTO,UNINCORPORATED,-121.38801574707031,38.64422607421875
91131448,2019,2019-11-27,9260,2019-11-17,0250,018663,,7,3,9,3400,0,2,4,,2,102,"GRANT LINE RD","RAYMER WAY",1320.00,N,N,A,-,N,,,,,,,,,,Y,2,0,1,1,A,-,01,23152,A,N,F,I,A,A,H,-,C,D,0,,,,,Y,Y,E,22,1,0,0,0,0,0,0,0,0,"- ","- ",38.580600738525391,-121.1875,SACRAMENTO,UNINCORPORATED,-121.18735504150391,38.579582214355469
91131874,2019,2019-11-29,9252,2019-11-19,2045,019142,,2,2,9,3400,0,2,4,,2,073,"FLORIN RD","POWER INN RD",163.00,W,N,A,-,N,,,,,,,,,,N,2,0,1,2,A,-,11,21954,A,F,G,B,D,A,H,-,C,D,0,Y,,,,Y,,N,60,1,0,0,0,1,0,0,0,0,"- ","- ",38.495899200439453,-121.40969848632812,SACRAMENTO,UNINCORPORATED,-121.40962219238281,38.496078491210938
91131957,2019,2019-11-29,9250,2019-11-17,1243,019266,,7,1,9,3400,0,3,5,,2,010,"WALERGA RD","ELVERTA RD",400.00,N,N,A,-,N,,,,,,,,,,N,2,0,1,2,A,-,10,21952,,N,G,B,E,A,H,-,A,D,0,Y,,,,Y,,A,07,1,0,0,0,1,0,0,0,0,"- ","- ",38.714698791503906,-121.36430358886719,SACRAMENTO,UNINCORPORATED,-121.36454772949219,38.714450836181641
91132129,2019,2019-12-02,9252,2019-11-19,0735,019202,,2,1,7,3404,0,1,3,,2,192,"SR-99 S/B","8TH AVE PED O/C",265.00,N,N,A,-,Y,,,99,,,,,,S,Y,2,0,1,2,A,-,03,22350,,N,C,C,A,A,H,-,A,D,0,,,,,Y,,A,01,1,0,0,0,0,0,0,0,0,"- ","- ",38.546119689941406,-121.47405242919922,SACRAMENTO,SACRAMENTO,-121.47400665283203,38.546119689941406
91132387,2019,2019-12-02,9252,2019-11-21,1945,018938,,4,2,7,3404,0,1,2,,2,151,"US-50 W/B","STOCKTON BLVD",1300.00,E,N,A,-,Y,,,,,,,,,,Y,2,0,1,3,A,-,03,22350,,N,C,C,A,A,H,-,D,D,0,,,,Y,Y,,F,25,1,0,0,0,0,0,0,0,0,"- ","- ",38.333900451660156,-121.27310180664062,SACRAMENTO,SACRAMENTO,-121.45900726318359,38.560741424560547
9113369,2020,2020-08-27,3496,2020-05-17,2036,473,,7,5,5,3496,0,0,0,,0,001,"AUBURN BL","ROLLINGWOOD BL",0.00,,Y,A,-,N,,,,,,,,,,Y,2,0,2,2,A,-,05,21651,B,N,D,C,A,A,H,-,C,A,0,,,Y,,Y,,A,01,1,0,1,0,0,0,0,0,1,"- ","- ",,,SACRAMENTO,"CITRUS HEIGHTS",-121.29039001464844,38.714370727539062
91134148,2019,2019-12-03,9250,2019-11-22,0650,015719,,5,1,9,3400,0,2,4,,1,045,"WATT AVE","FAIR OAKS BLVD",470.00,S,N,A,-,N,,,,,,,,,,Y,2,0,1,1,A,-,08,22107,,N,E,I,A,A,H,-,A,D,0,,,,,Y,,A,01,1,0,0,0,0,0,0,0,0,"- ","- ",38.572521209716797,-121.38311767578125,SACRAMENTO,UNINCORPORATED,-121.38313293457031,38.572757720947266
91134554,2019,2019-12-03,9252,2019-08-25,0350,020802,,7,3,9,3400,0,3,5,,2,090,"SR-160 N/B","SHERMAN ISLAND EAST LEVEE ROAD",902.00,S,N,A,-,Y,,,160,,,,,,N,Y,1,1,0,2,A,-,01,23152,A,N,C,E,A,A,H,-,D,D,0,,,,,Y,Y,D,22,0,0,0,0,0,0,0,0,0,"- ","- ",38.102779388427734,-121.70342254638672,SACRAMENTO,UNINCORPORATED,-121.70334625244141,38.102725982666016
91136049,2019,2019-12-10,9250,2019-11-27,2040,020910,,3,2,9,3400,0,2,4,,1,041,"HOWE AVE","NORTHROP AVE",0.00,,Y,B,-,N,,,,,,,,,,N,2,0,1,2,A,-,11,21950,B,F,G,B,B,A,H,-,C,D,0,Y,,,,Y,,-,99,1,0,0,0,1,0,0,0,0,"- ","- ",38.581779479980469,-121.41536712646484,SACRAMENTO,UNINCORPORATED,-121.41548919677734,38.581649780273438
91136218,2019,2019-12-04,9252,2019-11-12,0735,016747,,2,1,9,3400,0,1,3,,1,112,"SR-12 W/B","TERMINOUS RD",3168.00,W,N,A,-,Y,,,12,,,,,,W,Y,2,0,6,7,A,-,03,22350,,N,C,C,A,A,H,-,A,D,0,,,,Y,Y,,G,25,2,2,2,0,0,0,0,0,0,"- ","- ",38.133380889892578,-121.59976196289062,SACRAMENTO,UNINCORPORATED,-121.59976959228516,38.133346557617188
91137290,2019,2019-12-06,9252,2019-11-23,1454,020369,,6,2,7,3404,0,1,1,,2,107,"I-5 S/B","SUTTERVILLE RD",2112.00,N,N,A,-,Y,,,5,,,,,,S,Y,2,0,1,2,A,-,07,21658,A,N,B,C,A,A,H,-,A,D,0,,,Y,,Y,,C,02,1,0,0,0,0,0,0,0,1,"- ","- ",38.546230316162109,-121.50926971435547,SACRAMENTO,SACRAMENTO,-121.50932312011719,38.546222686767578
91138632,2019,2019-12-10,9260,2019-11-30,1355,018425,,6,1,9,3400,0,2,4,,2,101,"EXCELSIOR RD","FARM RD.",1056.00,N,N,B,-,N,,,,,,,,,,Y,2,0,2,1,A,-,01,23152,A,N,F,A,A,A,H,-,A,D,0,,,,,Y,Y,D,22,2,0,0,0,0,0,0,0,0,"- ","- ",38.532680511474609,-121.29627990722656,SACRAMENTO,UNINCORPORATED,-121.29734039306641,38.532127380371094
91138699,2019,2019-12-10,9252,2019-11-01,2000,021088,,5,2,9,3400,0,3,5,,2,090,"RIVER ROAD N/B","LEVEE STREET",570.00,S,N,A,-,N,,,,,,,,,,N,1,1,0,1,A,-,08,22107,,N,H,A,A,A,H,-,C,D,0,,,,,Y,,A,01,0,0,0,0,0,0,0,0,0,"- ","- ",38.248348236083984,-121.51009368896484,SACRAMENTO,UNINCORPORATED,-121.50989532470703,38.248378753662109
91139125,2019,2019-12-10,9250,2019-11-18,1225,016957,,1,1,9,3400,0,1,1,,2,105,"I-5 N/B","ARENA BLVD",2745.00,S,N,A,-,Y,,,,,,,,,,Y,2,0,1,2,A,-,08,22107,,F,B,C,A,A,H,-,A,D,0,,,,,Y,,-,99,1,0,0,0,0,0,0,0,0,"- ","- ",38.381000518798828,-121.31199645996094,SACRAMENTO,UNINCORPORATED,-121.52593231201172,38.642971038818359
91139642,2019,2019-12-10,9252,2019-11-25,1448,020369,,1,2,9,3400,0,1,1,,2,105,"I-5 N/B","TWIN CITIES RD",1056.00,S,N,A,G,Y,,,5,,,,,,N,Y,2,0,2,1,A,-,08,22107,,N,E,I,A,A,H,-,A,D,0,,,,,Y,,D,22,2,0,0,0,0,0,0,0,0,"- ","- ",38.281200408935547,-121.45690155029297,SACRAMENTO,UNINCORPORATED,-121.45707702636719,38.281162261962891
91141126,2019,2019-12-11,9250,2019-12-08,0700,019301,,7,1,9,3400,0,2,4,,1,015,"ROSEVILLE RD.","WATT AVE",300.00,W,N,B,-,N,,,,,,,,,,Y,2,0,1,1,A,-,03,22350,,N,E,J,A,B,H,-,A,D,0,,,,,Y,,A,07,1,0,0,0,0,0,0,0,0,"- ","- ",38.657241821289062,-121.38401794433594,SACRAMENTO,UNINCORPORATED,-121.38388824462891,38.657211303710938
91141717,2019,2019-12-12,9250,2019-09-28,1140,019266,,6,1,9,3400,0,3,5,,2,050,"CYPRESS AVENUE","MANZANITA AVENUE",520.00,W,N,A,-,N,,,,,,,,,,N,1,1,0,2,A,-,11,21954,A,N,G,B,D,A,H,-,A,D,0,Y,,,,Y,,N,60,0,0,0,1,0,0,0,0,0,"- ","- ",38.638801574707031,-121.32990264892578,SACRAMENTO,UNINCORPORATED,-121.32985687255859,38.638908386230469
91141895,2019,2019-12-12,9250,2019-10-25,2050,020920,,5,2,9,3400,0,2,4,,1,041,"HOWE AVENUE","DELMA WAY",414.00,S,N,A,-,N,,,,,,,,,,N,1,1,0,2,A,-,11,21955,,F,G,B,D,A,H,-,C,D,0,Y,,,,Y,,N,60,0,0,0,1,0,0,0,0,0,"- ","- ",38.607078552246094,-121.41538238525391,SACRAMENTO,UNINCORPORATED,-121.41535949707031,38.607254028320312
91141954,2019,2019-12-17,9252,2019-11-07,0837,017869,,4,1,3,3402,0,1,3,,2,190,"SR-99 S/B",SR-104,1584.00,S,N,A,-,Y,,,99,,,,,,S,Y,1,1,0,1,A,-,08,22107,,N,F,A,A,A,H,-,A,D,0,,,,,Y,,A,01,0,0,0,0,0,0,0,0,0,"- ","- ",38.2864990234375,-121.30960083007812,SACRAMENTO,GALT,-121.30953979492188,38.286537170410156