CASE_ID,ACCIDENT_YEAR,PROC_DATE,JURIS,COLLISION_DATE,COLLISION_TIME,OFFICER_ID,REPORTING_DISTRICT,DAY_OF_WEEK,CHP_SHIFT,POPULATION,CNTY_CITY_LOC,SPECIAL_COND,BEAT_TYPE,CHP_BEAT_TYPE,CITY_DIVISION_LAPD,CHP_BEAT_CLASS,BEAT_NUMBER,PRIMARY_RD,SECONDARY_RD,DISTANCE,DIRECTION,INTERSECTION,WEATHER_1,WEATHER_2,STATE_HWY_IND,CALTRANS_COUNTY,CALTRANS_DISTRICT,STATE_ROUTE,ROUTE_SUFFIX,POSTMILE_PREFIX,POSTMILE,LOCATION_TYPE,RAMP_INTERSECTION,SIDE_OF_HWY,TOW_AWAY,COLLISION_SEVERITY,NUMBER_KILLED,NUMBER_INJURED,PARTY_COUNT,PRIMARY_COLL_FACTOR,PCF_CODE_OF_VIOL,PCF_VIOL_CATEGORY,PCF_VIOLATION,PCF_VIOL_SUBSECTION,HIT_AND_RUN,TYPE_OF_COLLISION,MVIW,PED_ACTION,ROAD_SURFACE,ROAD_COND_1,ROAD_COND_2,LIGHTING,CONTROL_DEVICE,CHP_ROAD_TYPE,PEDESTRIAN_ACCIDENT,BICYCLE_ACCIDENT,MOTORCYCLE_ACCIDENT,TRUCK_ACCIDENT,NOT_PRIVATE_PROPERTY,ALCOHOL_INVOLVED,STWD_VEHTYPE_AT_FAULT,CHP_VEHTYPE_AT_FAULT,COUNT_SEVERE_INJ,COUNT_VISIBLE_INJ,COUNT_COMPLAINT_PAIN,COUNT_PED_KILLED,COUNT_PED_INJURED,COUNT_BICYCLIST_KILLED,COUNT_BICYCLIST_INJURED,COUNT_MC_KILLED,COUNT_MC_INJURED,PRIMARY_RAMP,SECONDARY_RAMP,LATITUDE,LONGITUDE,COUNTY,CITY,POINT_X,POINT_Y
9114465,2020,2020-08-27,3401,2020-06-11,1803,216,CA034,4,5,5,3401,0,0,0,,0,002,"E BIDWELL ST","WALES DR",0.00,,Y,A,-,N,,,,,,,,,,Y,2,0,1,2,A,-,08,22107,,N,D,C,A,A,H,-,A,A,0,,,Y,,Y,,A,01,1,0,0,0,0,0,0,0,1,"- ","- ",38.671890258789062,-121.16127014160156,SACRAMENTO,FOLSOM,-121.16120910644531,38.671939849853516
91144850,2019,2019-12-17,9252,2019-12-06,0005,018937,,5,3,3,3402,0,1,3,,2,190,"SR-99 N/B","WALNUT AVE",2000.00,S,N,B,-,Y,,,99,,,,,,N,Y,2,0,2,2,A,-,03,22350,,N,C,C,A,A,H,-,D,D,0,,,,,Y,,D,22,1,0,1,0,0,0,0,0,0,"- ","- ",38.274681091308594,-121.30381774902344,SACRAMENTO,GALT,-121.30377197265625,38.274700164794922
91145113,2019,2019-12-17,9252,2019-10-03,0755,016070,,4,1,5,3450,0,1,1,,2,106,"I-5 N/B","ELK GROVE BLVD",900.00,S,N,A,-,Y,,,5,,,,,,N,Y,1,1,0,2,A,-,03,22350,,N,C,C,A,A,H,-,A,D,0,,,,Y,Y,,A,01,0,0,0,0,0,0,0,0,0,"- ","- ",38.406200408935547,-121.48310089111328,SACRAMENTO,"ELK GROVE",-121.48303985595703,38.406211853027344
91146081,2019,2019-12-23,9250,2019-12-13,1544,020623,,5,2,9,3400,0,3,5,,2,040,"COTTAGE WAY","ETHAN WAY",0.00,,Y,B,-,N,,,,,,,,,,Y,2,0,3,2,A,-,12,22450,A,N,D,C,A,B,H,-,A,A,0,,,,,Y,,A,01,3,0,0,0,0,0,0,0,0,"- ","- ",38.603630065917969,-121.42002105712891,SACRAMENTO,UNINCORPORATED,-121.41993713378906,38.603618621826172
91146323,2019,2019-12-18,9250,2019-12-11,0355,019300,,3,3,9,3400,0,1,3,,2,152,"STATE ROUTE 51 S/B","MARCONI AVENUE",825.00,N,N,C,-,Y,,,51,,,,,,S,Y,2,0,1,1,A,-,08,22107,,N,E,I,A,B,H,-,D,D,0,,,,,Y,,A,01,1,0,0,0,0,0,0,0,0,"- ","- ",38.622509002685547,-121.41960144042969,SACRAMENTO,UNINCORPORATED,-121.41950225830078,38.622463226318359
91150069,2019,2019-12-23,9252,2019-09-15,1535,021318,,7,2,9,3400,0,1,3,,2,162,"STATE ROUTE 160 SOUTHBOUND","A STREET",6336.00,S,N,A,-,Y,,,160,,,,,,S,Y,1,1,0,1,A,-,08,22107,,N,E,I,A,A,H,-,A,D,0,,,,,Y,,D,22,0,0,0,0,0,0,0,0,0,"- ","- ",38.169029235839844,-121.63768005371094,SACRAMENTO,UNINCORPORATED,-121.63771057128906,38.168849945068359
91150675,2019,2019-12-23,9260,2019-12-11,2111,019666,,3,2,9,3400,0,1,2,,2,501,"US-50 W/B","SUNRISE BLVD",355.00,W,N,B,C,Y,,,,,,,,,,Y,2,0,1,2,C,-,18,,,N,G,B,E,B,H,-,D,D,0,Y,,,,Y,,-,"- ",1,0,0,0,1,0,0,0,0,"- ","- ",38.608600616455078,-121.27171325683594,SACRAMENTO,UNINCORPORATED,-121.27165222167969,38.608688354492188
91153961,2019,2019-12-27,9252,2019-12-18,0630,018071,,3,1,9,3400,0,2,4,,1,072,"PRITCHARD RD","FLORIN RD",30.00,S,N,B,C,Y,,,,,,,,,,N,2,0,1,2,A,-,08,22107,,N,D,G,A,B,H,-,C,A,0,,Y,,,Y,,L,04,1,0,0,0,0,0,1,0,0,"- ","- ",38.495838165283203,-121.39974212646484,SACRAMENTO,UNINCORPORATED,-121.39977264404297,38.495956420898438
91156028,2019,2019-12-31,9250,2019-12-22,1720,020143,,7,2,9,3400,0,1,3,,2,152,"SR-51 S/B","MARCONI AVE",300.00,N,N,C,-,Y,,,51,,,,,,S,Y,2,0,1,1,A,-,08,22107,,N,E,I,A,B,H,-,C,D,0,,,,,Y,,A,08,1,0,0,0,0,0,0,0,0,"- ","- ",38.622459411621094,-121.41944122314453,SACRAMENTO,UNINCORPORATED,-121.41949462890625,38.622482299804688
91156573,2019,2019-12-31,9250,2019-11-21,1758,020920,,4,2,9,3400,0,3,5,,2,090,"SAN JUAN ROAD","GARDEN HIGHWAY",1110.00,E,N,A,-,N,,,,,,,,,,N,1,1,0,2,A,-,03,22350,,F,H,G,A,A,H,-,D,D,0,,Y,,,Y,,-,99,0,0,0,0,0,1,0,0,0,"- ","- ",38.376590728759766,-121.33419799804688,SACRAMENTO,UNINCORPORATED,-121.55620574951172,38.627250671386719
91156862,2019,2019-12-31,9260,2019-12-27,1817,018596,,5,2,9,3400,0,3,5,,2,003,"WINDING WAY","WILDBRIAR LANE",62.00,W,N,B,-,N,,,,,,,,,,Y,2,0,3,1,A,-,03,22350,,N,E,I,A,A,H,-,D,D,0,,,,,Y,,A,01,2,0,1,0,0,0,0,0,0,"- ","- ",38.644229888916016,-121.24933624267578,SACRAMENTO,UNINCORPORATED,-121.25018310546875,38.644367218017578
91157711,2019,2020-01-02,9252,2019-12-23,1900,018575,,1,2,7,3404,0,1,2,,2,150,"US-50 E/B","15TH STREET",200.00,W,N,A,-,Y,,,50,,,,,,E,Y,2,0,1,1,A,-,01,23152,A,N,E,I,A,A,H,-,C,D,0,,,,,Y,Y,A,01,1,0,0,0,0,0,0,0,0,"- ","- ",38.563480377197266,-121.49349975585938,SACRAMENTO,SACRAMENTO,-121.49346923828125,38.563594818115234
91157720,2019,2020-01-22,9252,2019-12-22,0626,018423,,7,1,9,3400,0,2,4,,1,072,"FLORIN RD.","FRANKLIN BLVD",0.00,,Y,B,-,N,,,,,,,,,,N,2,0,1,2,A,-,11,21950,B,N,G,B,B,A,H,-,C,A,0,Y,,,,Y,,N,60,1,0,0,0,1,0,0,0,0,"- ","- ",38.496139526367188,-121.45915985107422,SACRAMENTO,UNINCORPORATED,-121.45945739746094,38.496128082275391
91157777,2019,2020-01-02,9252,2019-12-13,1123,013732,,5,1,7,3404,0,1,2,,2,150,"US-50 E/B TO S/B SR-99","26TH ST U/C",8.00,E,N,B,C,Y,,,50,,,,R,,E,Y,2,0,1,2,A,-,02,22400,A,F,E,I,A,B,H,-,A,A,0,,,,,Y,,-,99,1,0,0,0,0,0,0,0,0,"- ","- ",38.559429168701172,-121.47824096679688,SACRAMENTO,SACRAMENTO,-121.47824096679688,38.559429168701172
91158409,2019,2020-01-03,9250,2019-12-26,0720,016624,,4,1,9,3400,0,3,5,,2,050,"LINCOLN AVE","ABRAHAM WAY",77.00,W,N,A,-,N,,,,,,,,,,Y,2,0,1,1,A,-,08,22107,,N,E,I,A,A,H,-,B,D,0,,,,,Y,,A,07,1,0,0,0,0,0,0,0,0,"- ","- ",38.640220642089844,-121.3079833984375,SACRAMENTO,UNINCORPORATED,-121.30779266357422,38.640144348144531
91159107,2019,2020-01-03,9252,2019-12-20,1758,018938,,5,2,7,3404,0,1,1,,2,106,"I-5 S/B","LAGUNA BLVD",3100.00,N,N,A,-,Y,,,,,,,,,,Y,2,0,3,4,A,-,07,21658,A,N,B,C,A,A,H,-,D,D,0,,,,,Y,,A,01,2,0,1,0,0,0,0,0,0,"- ","- ",38.264999389648438,-121.29219818115234,SACRAMENTO,SACRAMENTO,,
91159493,2019,2020-01-06,9252,2019-12-12,1255,016747,,4,1,9,3400,0,1,3,,1,161,"SR-160 N/B","SHERMAN ISLAND CROSS RD",2746.00,N,N,B,-,Y,,,160,,,,,,N,Y,2,0,2,3,A,-,08,22107,,N,A,C,A,A,H,-,A,D,0,,,,Y,Y,,A,01,1,1,0,0,0,0,0,0,0,"- ","- ",38.065319061279297,-121.73638916015625,SACRAMENTO,UNINCORPORATED,-121.73644256591797,38.065334320068359
91159497,2019,2020-07-01,9252,2019-12-24,1235,018715,,2,1,9,3400,0,2,4,,1,072,"BOWLING DR S/B","LAMONT WAY",30.00,N,N,A,-,N,,,,,,,,,,N,2,0,1,2,A,-,11,21954,A,N,G,B,D,A,H,-,A,D,0,Y,,,,Y,,N,60,1,0,0,0,1,0,0,0,0,"- ","- ",38.500968933105469,-121.45648956298828,SACRAMENTO,UNINCORPORATED,-121.45669555664062,38.501308441162109
91159817,2019,2020-01-06,9250,2019-12-28,0135,020937,,6,3,9,3400,0,2,4,,1,046,"ARDEN WAY W/B","BERKSHIRE WAY",95.00,E,N,A,-,N,,,,,,,,,,N,2,0,1,2,A,-,03,22350,,N,G,B,D,A,H,-,C,D,0,Y,,,,Y,,A,01,1,0,0,0,1,0,0,0,0,"- ","- ",38.595928192138672,-121.39463806152344,SACRAMENTO,UNINCORPORATED,-121.39467620849609,38.595916748046875
91160710,2019,2020-01-07,9252,2019-12-29,1742,020616,,7,2,9,3400,0,1,3,,2,191,"SR-99 N/B","GRANT LINE RD",2640.00,N,N,C,-,Y,,,,,,,,,,Y,2,0,1,2,A,-,01,23152,A,N,C,C,A,B,H,-,D,D,0,,,,,Y,Y,D,22,1,0,0,0,0,0,0,0,0,"- ","- ",38.382171630859375,-121.3675537109375,SACRAMENTO,UNINCORPORATED,,
91160947,2019,2020-01-07,9250,2019-12-30,2049,020143,,1,2,9,3400,0,2,4,,1,026,"SUNSET AVENUE","PENNSYLVANIA AVENUE",162.00,W,N,A,-,N,,,,,,,,,,Y,1,1,2,1,A,-,01,23152,G,F,E,I,A,A,H,-,C,D,0,,,,,Y,Y,A,07,0,0,2,0,0,0,0,0,0,"- ","- ",38.652778625488281,-121.27404022216797,SACRAMENTO,UNINCORPORATED,-121.27407073974609,38.652801513671875
91161489,2020,2020-01-08,9250,2020-01-04,2132,019535,,6,2,9,3400,0,2,4,,1,011,"WATT AVE","ORANGE GROVE AVE",14.00,S,N,B,-,N,,,,,,,,,,N,2,0,1,2,A,-,11,21950,B,N,G,B,B,A,H,-,C,A,0,Y,,,,Y,,N,60,1,0,0,0,1,0,0,0,0,"- ","- ",38.649070739746094,-121.38307952880859,SACRAMENTO,UNINCORPORATED,-121.38301849365234,38.649131774902344
91161601,2019,2020-01-08,9250,2019-10-03,2000,017762,,4,2,9,3400,0,3,5,,2,010,"A STREET","SOUTH HAVEN DRIVE",56.00,E,N,A,-,N,,,,,,,,,,N,1,1,0,2,A,-,03,22350,,F,G,B,D,A,H,-,C,D,0,Y,,,,Y,,-,99,0,0,0,1,0,0,0,0,0,"- ","- ",38.668498992919922,-121.38059997558594,SACRAMENTO,UNINCORPORATED,-121.38062286376953,38.668533325195312
91161966,2020,2020-01-08,9252,2020-01-02,1610,021271,,4,2,9,3400,0,3,5,,2,080,"GRANT LINE RD","MOSHER RD",50.00,W,N,A,-,N,,,,,,,,,,Y,2,0,1,2,A,-,03,22350,,N,C,C,A,A,H,-,B,D,0,,,,,Y,,A,01,1,0,0,0,0,0,0,0,0,"- ","- ",38.233249664306641,-121.207763671875,SACRAMENTO,UNINCORPORATED,-121.34622955322266,38.3887939453125
91164394,2020,2020-01-13,9260,2020-01-04,2230,019281,,6,3,9,3400,0,2,4,,2,302,"GREENBACK LN","WALNUT AVE",310.00,E,N,B,-,N,,,,,,,,,,Y,2,0,1,1,A,-,01,23152,A,N,E,I,A,A,H,-,C,D,0,,,,,Y,Y,A,08,1,0,0,0,0,0,0,0,0,"- ","- ",38.678081512451172,-121.20578002929688,SACRAMENTO,UNINCORPORATED,-121.20582580566406,38.678195953369141
91164913,2020,2020-01-14,9250,2020-01-11,2135,020577,,6,2,9,3400,0,3,5,,2,040,"COTTAGE WAY","TRIMBLE WAY",145.00,E,N,A,-,N,,,,,,,,,,Y,2,0,1,2,A,-,11,21954,A,N,G,B,D,A,H,-,D,D,0,Y,,,,Y,,N,60,1,0,0,0,1,0,0,0,0,"- ","- ",38.603321075439453,-121.38993835449219,SACRAMENTO,UNINCORPORATED,-121.38998413085938,38.603298187255859
91165353,2019,2020-01-14,9250,2019-11-18,2313,018899,,1,3,9,3400,0,2,4,,1,016,"MADISON AVENUE","HILLSDALE BOULEVARD",0.00,,Y,A,-,N,,,,,,,,,,N,1,1,0,2,A,-,03,22350,,F,G,B,B,A,H,-,C,A,0,Y,,,,Y,,-,99,0,0,0,1,0,0,0,0,0,"- ","- ",38.661029815673828,-121.36454772949219,SACRAMENTO,UNINCORPORATED,-121.36441040039062,38.661148071289062
91165839,2019,2020-01-15,9250,2019-12-05,2201,019301,,4,3,9,3400,0,2,4,,1,045,"WATT AVENUE","WHITNEY AVENUE",15.00,N,N,A,-,N,,,,,,,,,,N,1,1,0,2,A,-,11,21950,B,N,G,B,B,A,H,-,C,A,0,Y,,,,Y,,N,60,0,0,0,1,0,0,0,0,0,"- ","- ",38.628868103027344,-121.38287353515625,SACRAMENTO,UNINCORPORATED,-121.38304901123047,38.628692626953125
91165856,2020,2020-01-15,9252,2020-01-05,1214,019509,,7,1,9,3400,0,2,4,,2,073,"65TH ST","SKY PKWY",14.00,E,N,A,-,N,,,,,,,,,,N,2,0,1,2,A,-,11,21950,B,N,G,B,B,A,H,-,A,A,0,Y,,,,Y,,N,60,1,0,0,0,1,0,0,0,0,"- ","- ",38.500259399414062,-121.43515777587891,SACRAMENTO,UNINCORPORATED,-121.43511962890625,38.500240325927734
91165948,2019,2020-01-15,9250,2019-11-21,0519,018863,,4,3,9,3400,0,2,4,,1,015,"ROSEVILLE ROAD","TACOMIC DRIVE",15.00,N,N,A,-,N,,,,,,,,,,N,1,1,0,2,A,-,11,21950,B,N,G,B,E,A,H,-,C,D,0,Y,,,,Y,,N,60,0,0,0,1,0,0,0,0,0,"- ","- ",38.685699462890625,-121.35379791259766,SACRAMENTO,UNINCORPORATED,-121.35391235351562,38.685688018798828
91169530,2019,2021-01-14,9250,2019-12-01,0025,020910,,7,3,9,3400,0,2,4,,1,045,"WATT AVENUE","MARCONI AVENUE",165.00,N,N,B,C,N,,,,,,,,,,N,1,1,0,2,A,-,11,21955,,F,G,B,D,B,H,-,C,D,0,Y,,,,Y,,N,60,0,0,0,1,0,0,0,0,0,"- ","- ",38.618370056152344,-121.38294219970703,SACRAMENTO,UNINCORPORATED,-121.38307952880859,38.618274688720703
91169735,2020,2020-01-21,9252,2020-01-04,0655,018715,,6,1,9,3400,0,3,5,,2,090,"GRAND ISLAND RD",SR-160,7920.00,S,N,C,-,N,,,,,,,,,,Y,2,0,4,1,A,-,08,22107,,N,F,A,A,B,H,-,B,D,0,,,,,Y,,D,22,2,1,1,0,0,0,0,0,0,"- ","- ",38.164901733398438,-121.61726379394531,SACRAMENTO,UNINCORPORATED,-121.61825561523438,38.165130615234375
91170364,2020,2020-01-22,9252,2020-01-10,0850,019787,,5,1,9,3400,0,2,4,,2,073,"ELK GROVE FLORIN RD","GERBER RD",500.00,N,N,A,-,N,,,,,,,,,,Y,2,0,1,2,A,-,08,22107,,N,D,G,A,A,H,-,A,D,0,,Y,,,Y,,L,04,1,0,0,0,0,0,1,0,0,"- ","- ",38.483501434326172,-121.37197113037109,SACRAMENTO,UNINCORPORATED,-121.37190246582031,38.482994079589844
91171356,2019,2020-01-23,9260,2019-10-27,0625,019281,,7,1,9,3400,0,2,4,,2,101,"WATT AVENUE","FOLSOM BOULEVARD",0.00,,Y,A,G,N,,,,,,,,,,Y,1,1,2,2,A,-,09,21453,C,N,D,C,A,A,H,-,C,A,0,,,,,Y,,A,01,2,0,0,0,0,0,0,0,0,"- ","- ",38.553211212158203,-121.37521362304688,SACRAMENTO,UNINCORPORATED,-121.37522125244141,38.5531005859375
91172869,2020,2020-01-24,9250,2020-01-10,2150,018899,,5,2,9,3400,0,2,4,,1,022,"GREENBACK LN.","GARFIELD AVE",1057.00,W,N,C,-,Y,,,,,,,,,,Y,2,0,2,2,A,-,03,22350,,N,C,C,A,B,H,-,C,D,0,,,Y,,Y,Y,C,02,1,0,1,0,0,0,0,0,1,"- ","- ",38.6827392578125,-121.33656311035156,SACRAMENTO,UNINCORPORATED,-121.33641815185547,38.682399749755859
91174822,2020,2020-01-28,9250,2020-01-17,2215,020753,,5,3,9,3400,0,3,5,,2,010,"ELVERTA ROAD EASTBOUND","WALERGA ROAD",376.00,W,N,A,-,N,,,,,,,,,,Y,2,0,2,2,A,-,01,23152,A,N,C,C,A,A,H,-,C,D,0,,,,,Y,Y,A,01,1,1,0,0,0,0,0,0,0,"- ","- ",38.713279724121094,-121.365966796875,SACRAMENTO,UNINCORPORATED,-121.36577606201172,38.713314056396484
91175610,2020,2020-01-28,9252,2020-01-18,0019,019053,,6,3,7,3404,0,1,2,,2,150,US-50,SR-51,1691.00,W,N,B,-,Y,,,50,,,,,,,Y,2,0,1,1,A,-,08,22107,,N,E,I,A,A,H,-,D,D,0,,,,,Y,,D,22,1,0,0,0,0,0,0,0,0,"- ","- ",38.559829711914062,-121.47966003417969,SACRAMENTO,SACRAMENTO,-121.47963714599609,38.559925079345703
91178452,2020,2020-02-03,9250,2020-02-01,0750,018542,,6,1,9,3400,0,1,3,,2,151,"SR-51 NORTHBOUND","WATT AVENUE",1345.00,S,N,A,-,Y,,,51,,,,,,N,Y,2,0,1,1,A,-,01,23152,A,N,E,J,A,A,H,-,A,A,0,,,,,Y,Y,A,01,1,0,0,0,0,0,0,0,0,"- ","- ",38.636631011962891,-121.38636016845703,SACRAMENTO,UNINCORPORATED,-121.38645172119141,38.636741638183594
91180779,2020,2020-02-05,9250,2020-01-25,2306,020024,,6,3,9,3400,0,2,4,,1,041,"HOWE AVE","ALTA ARDEN EXPY",10.00,S,N,C,-,N,,,,,,,,,,Y,2,0,1,2,A,-,11,21950,B,N,G,B,B,B,H,-,C,A,0,Y,,,,Y,,N,60,1,0,0,0,1,0,0,0,0,"- ","- ",38.598148345947266,-121.41526794433594,SACRAMENTO,UNINCORPORATED,-121.41542053222656,38.598331451416016
91181986,2020,2020-02-06,9250,2020-01-23,1740,017306,,4,2,7,3404,0,3,5,,2,080,"NORTHGATE BLVD","TANDY DR.",75.00,S,N,A,-,N,,,,,,,,,,Y,2,0,1,2,A,-,03,22350,,N,F,A,A,A,H,-,C,D,0,,,Y,,Y,,C,02,1,0,0,0,0,0,0,0,1,"- ","- ",38.643978118896484,-121.47693634033203,SACRAMENTO,SACRAMENTO,-121.47663879394531,38.644123077392578
91182358,2020,2020-02-07,9250,2020-02-02,0337,019572,,7,3,9,3400,0,1,3,,2,152,"SR-51 S/B","FULTON AVE",1760.00,N,N,A,-,Y,,,51,,,,,,S,Y,2,0,1,4,A,-,01,23152,A,N,D,C,E,A,H,-,D,D,0,Y,,,,Y,Y,D,22,1,0,0,0,1,0,0,0,0,"- ","- ",38.632709503173828,-121.39562225341797,SACRAMENTO,UNINCORPORATED,-121.39562225341797,38.632705688476562
91183279,2020,2020-02-10,9252,2020-01-21,1807,019934,,2,2,9,3400,0,3,5,,2,074,"S. WATT AVE","ELDER CREEK RD",385.00,S,N,B,-,N,,,,,,,,,,N,2,0,1,2,A,-,11,21954,A,N,G,B,D,A,H,-,D,D,0,Y,,,,Y,,N,60,1,0,0,0,1,0,0,0,0,"- ","- ",38.509300231933594,-121.37069702148438,SACRAMENTO,UNINCORPORATED,-121.37050628662109,38.509731292724609
91184262,2020,2020-02-11,9252,2020-02-01,1640,020802,,6,2,9,3400,0,3,5,,2,080,"TWIN CITIES RD","ALTA MESA RD",0.00,,Y,A,-,N,,,,,,,,,,Y,2,0,2,2,A,-,09,21802,A,N,D,C,A,A,H,-,A,A,0,,,,,Y,,A,01,1,0,1,0,0,0,0,0,0,"- ","- ",38.305641174316406,-121.22641754150391,SACRAMENTO,UNINCORPORATED,-121.22638702392578,38.305690765380859
91188743,2020,2020-02-18,9252,2020-02-13,0810,016817,,4,1,9,3400,0,2,4,,1,072,"65TH ST","SKY PARKWAY",4.00,E,N,A,-,N,,,,,,,,,,N,2,0,1,2,A,-,10,21950,A,N,G,B,B,A,H,-,A,A,0,Y,,,,Y,,A,01,1,0,0,0,1,0,0,0,0,"- ","- ",38.500198364257812,-121.43520355224609,SACRAMENTO,UNINCORPORATED,-121.43515777587891,38.500240325927734
91188793,2020,2020-02-18,9252,2020-01-24,0630,016747,,5,1,9,3400,0,3,5,,2,080,"ARNO RD","VALENSIN RD",400.00,N,N,E,-,N,,,,,,,,,,Y,2,0,1,1,C,-,18,,,N,E,H,A,A,H,-,D,D,0,,,,,Y,,-,"- ",1,0,0,0,0,0,0,0,0,"- ","- ",38.325641632080078,-121.29739379882812,SACRAMENTO,UNINCORPORATED,-121.29745483398438,38.326766967773438
91189749,2020,2020-02-19,9252,2020-02-13,0425,018974,,4,3,9,3400,0,3,5,,2,074,"ELDER CREEK ROAD","HEDGE AVENUE",0.00,,Y,A,-,N,,,,,,,,,,Y,2,0,3,2,A,-,12,22450,A,N,D,C,A,A,H,-,C,A,0,,,,,Y,Y,A,01,1,1,1,0,0,0,0,0,0,"- ","- ",38.510768890380859,-121.36267852783203,SACRAMENTO,UNINCORPORATED,-121.3626708984375,38.510780334472656
91190573,2020,2020-02-20,9252,2020-02-14,1340,020070,,5,1,9,3400,0,2,4,,2,073,"CALVINE ROAD WESTBOUND","CLIFFCREST DR",100.00,W,N,A,-,N,,,,,,,,,,Y,2,0,1,2,A,-,07,21658,A,N,B,C,A,A,H,-,A,D,0,,,,,Y,,A,01,1,0,0,0,0,0,0,0,0,"- ","- ",38.453048706054688,-121.39626312255859,SACRAMENTO,UNINCORPORATED,-121.39617156982422,38.452930450439453
91191617,2020,2020-02-24,9250,2020-02-15,0150,020910,,6,3,7,3404,0,1,3,,2,164,"SR-160 N/B TO DEL PASO RD","N. SAC MHP DRIVEWAY",70.00,S,N,B,-,Y,,,160,,,,R,,N,Y,2,0,1,1,A,-,01,23152,A,N,E,I,A,A,H,-,C,D,0,,,,,Y,Y,A,01,1,0,0,0,0,0,0,0,0,"- ","- ",38.601451873779297,-121.46768951416016,SACRAMENTO,SACRAMENTO,-121.46768951416016,38.601451873779297
91191801,2020,2020-02-24,9252,2020-02-12,0850,016747,,3,1,9,3400,0,3,5,,2,090,"TWIN CITIES RD","RIVER ROAD",4752.00,E,N,A,-,N,,,,,,,,,,Y,2,0,1,1,A,-,08,22107,,N,E,I,A,A,H,-,A,D,0,,,Y,,Y,,C,02,1,0,0,0,0,0,0,0,1,"- ","- ",38.276958465576172,-121.51545715332031,SACRAMENTO,UNINCORPORATED,-121.51649475097656,38.276134490966797
91194511,2020,2020-02-27,9250,2020-02-16,0511,020252,,7,3,9,3400,0,2,4,,1,024,"MADISON AVE","WALL ST",221.00,E,N,A,-,N,,,,,,,,,,N,2,0,1,2,A,-,11,21954,A,N,G,B,D,A,H,-,D,D,0,Y,,,,Y,,N,60,1,0,0,0,1,0,0,0,0,"- ","- ",38.661029815673828,-121.35208129882812,SACRAMENTO,UNINCORPORATED,-121.35205841064453,38.660999298095703
91199084,2020,2020-03-02,9250,2020-02-18,2300,020577,,2,3,9,3400,0,2,4,,1,046,"ARDEN WAY","HOWE AVE",0.00,,Y,A,-,N,,,,,,,,,,N,2,0,1,2,A,-,11,21950,B,N,G,B,B,A,H,-,C,A,0,Y,,,,Y,,N,60,1,0,0,0,1,0,0,0,0,"- ","- ",38.5960693359375,-121.41561126708984,SACRAMENTO,UNINCORPORATED,-121.41545104980469,38.596210479736328
91199902,2019,2020-03-02,9252,2019-09-18,1345,021318,,3,1,9,3400,0,1,3,,1,104,"STATE ROUTE 104 (TWIN CITIES ROAD)","CLAY STATION ROAD",932.00,W,N,A,-,Y,,,,,,,,,,Y,1,1,1,2,A,-,05,21460,A,N,A,C,A,A,H,-,A,D,0,,,,,Y,,A,01,0,1,0,0,0,0,0,0,0,"- ","- ",38.292610168457031,-121.17774963378906,SACRAMENTO,UNINCORPORATED,-121.1630859375,38.335857391357422
91202642,2020,2020-08-17,9250,2020-01-15,2147,020024,,3,2,9,3400,0,1,3,,2,151,"STATE ROUTE 51 NORTHBOUND","WATT AVENUE NORTHBOUND OVER-CROSSING",0.00,,Y,A,-,Y,,,51,,,,,,N,Y,1,1,0,2,A,-,11,21954,A,N,G,B,E,A,H,-,D,D,0,Y,,,,Y,,N,60,0,0,0,1,0,0,0,0,0,"- ","- ",38.639930725097656,-121.38300323486328,SACRAMENTO,UNINCORPORATED,-121.38298797607422,38.639919281005859
91203821,2020,2020-03-09,9250,2020-03-02,2145,019301,,1,2,9,3400,0,3,5,,2,050,"WINDING WAY","JAN DR",0.00,,Y,A,-,N,,,,,,,,,,Y,2,0,1,2,A,-,12,21453,A,N,D,C,A,A,H,-,C,A,0,,,,,Y,,A,01,1,0,0,0,0,0,0,0,0,"- ","- ",38.649070739746094,-121.31807708740234,SACRAMENTO,UNINCORPORATED,-121.31807708740234,38.649188995361328
91204077,2020,2020-03-09,9260,2020-03-06,0010,020397,,5,3,5,3490,0,1,2,,2,501,"US-50 W/B","BRADSHAW RD",2000.00,E,N,A,-,Y,,,50,,,,,,W,Y,2,0,4,2,A,-,01,23152,A,N,C,C,A,A,H,-,D,D,0,,,,,Y,Y,A,01,1,2,1,0,0,0,0,0,0,"- ","- ",38.569198608398438,-121.33000183105469,SACRAMENTO,"RANCHO CORDOVA",-121.33000946044922,38.569217681884766