CASE_ID,ACCIDENT_YEAR,PROC_DATE,JURIS,COLLISION_DATE,COLLISION_TIME,OFFICER_ID,REPORTING_DISTRICT,DAY_OF_WEEK,CHP_SHIFT,POPULATION,CNTY_CITY_LOC,SPECIAL_COND,BEAT_TYPE,CHP_BEAT_TYPE,CITY_DIVISION_LAPD,CHP_BEAT_CLASS,BEAT_NUMBER,PRIMARY_RD,SECONDARY_RD,DISTANCE,DIRECTION,INTERSECTION,WEATHER_1,WEATHER_2,STATE_HWY_IND,CALTRANS_COUNTY,CALTRANS_DISTRICT,STATE_ROUTE,ROUTE_SUFFIX,POSTMILE_PREFIX,POSTMILE,LOCATION_TYPE,RAMP_INTERSECTION,SIDE_OF_HWY,TOW_AWAY,COLLISION_SEVERITY,NUMBER_KILLED,NUMBER_INJURED,PARTY_COUNT,PRIMARY_COLL_FACTOR,PCF_CODE_OF_VIOL,PCF_VIOL_CATEGORY,PCF_VIOLATION,PCF_VIOL_SUBSECTION,HIT_AND_RUN,TYPE_OF_COLLISION,MVIW,PED_ACTION,ROAD_SURFACE,ROAD_COND_1,ROAD_COND_2,LIGHTING,CONTROL_DEVICE,CHP_ROAD_TYPE,PEDESTRIAN_ACCIDENT,BICYCLE_ACCIDENT,MOTORCYCLE_ACCIDENT,TRUCK_ACCIDENT,NOT_PRIVATE_PROPERTY,ALCOHOL_INVOLVED,STWD_VEHTYPE_AT_FAULT,CHP_VEHTYPE_AT_FAULT,COUNT_SEVERE_INJ,COUNT_VISIBLE_INJ,COUNT_COMPLAINT_PAIN,COUNT_PED_KILLED,COUNT_PED_INJURED,COUNT_BICYCLIST_KILLED,COUNT_BICYCLIST_INJURED,COUNT_MC_KILLED,COUNT_MC_INJURED,PRIMARY_RAMP,SECONDARY_RAMP,LATITUDE,LONGITUDE,COUNTY,CITY,POINT_X,POINT_Y
9221091,2021,2021-03-26,3404,2021-02-07,1758,8120,P3,7,5,7,3404,0,0,0,,0,03B,"J ST","28TH ST",211.00,N,N,A,-,N,,,,,,,,,,Y,2,0,3,3,A,-,03,22350,A,N,C,C,A,A,H,-,C,A,0,,,,,Y,,A,01,1,0,2,0,0,0,0,0,0,"- ","- ",,,SACRAMENTO,SACRAMENTO,-121.46991729736328,38.574028015136719
92221391,2023,2023-10-27,9250,2023-09-30,2055,022665,,6,2,9,3400,0,3,5,,2,060,"RIO LINDA BLVD","G ST",410.00,S,N,A,-,N,,,,,,,,,,Y,2,0,3,1,A,-,08,22107,,N,F,I,A,A,H,-,D,D,0,,,,,Y,,A,01,3,0,0,0,0,0,0,0,0,"- ","- ",38.679069519042969,-121.45697021484375,SACRAMENTO,UNINCORPORATED,-121.45687866210938,38.679145812988281
92225930,2023,2023-11-01,9252,2023-10-13,2235,023230,,5,3,9,3400,0,3,5,,2,074,"SIENNA SAND DR","SILVER BAY WY",0.00,,Y,A,-,N,,,,,,,,,,N,2,0,1,2,A,-,09,21800,B,N,D,C,A,A,H,-,C,D,0,,,,,Y,,M,94,1,0,0,0,0,0,0,0,0,"- ","- ",38.454730987548828,-121.369140625,SACRAMENTO,UNINCORPORATED,-121.36913299560547,38.454757690429688
92226271,2023,2023-11-02,9252,2023-10-22,"335 ",021164,,7,3,9,3400,0,2,4,,2,073,"65TH STREET","FLORIN ROAD",1100.00,N,N,A,-,N,,,,,,,,,,N,2,0,1,1,A,-,01,23152,A,N,E,8,A,A,H,-,C,D,0,,,,,Y,Y,A,07,1,0,0,0,0,0,0,0,0,"- ","- ",38.499340057373047,-121.43813323974609,SACRAMENTO,UNINCORPORATED,-121.4381103515625,38.499092102050781
92226296,2023,2023-11-02,9252,2023-10-20,1610,020931,,5,2,9,3400,0,1,3,,1,112,SR-12,"JACKSON SLOUGH RD",0.00,,Y,A,-,N,,,,,,,,,,Y,2,0,6,2,A,-,09,21801,A,N,A,C,A,A,H,-,A,A,0,,,,,Y,,A,01,1,1,4,0,0,0,0,0,0,"- ","- ",38.139930725097656,-121.62371826171875,SACRAMENTO,UNINCORPORATED,-121.62377166748047,38.139965057373047
92230825,2023,2023-11-15,9252,2023-10-27,1907,023392,,5,2,9,3400,0,1,3,,2,190,"SR-99 N/B","ARNO RD",1690.00,S,N,A,-,Y,SAC,,99," "," ",5.683,H,,R,Y,2,0,1,2,A,-,03,22350,,N,C,C,A,A,H,-,D,D,0,,,,,Y,,A,01,1,0,0,0,0,0,0,0,0,"- ","- ",38.320640563964844,-121.32505798339844,SACRAMENTO,UNINCORPORATED,-121.32506561279297,38.320636749267578
92230993,2023,2023-11-08,9250,2023-10-27,1505,018542,,5,2,9,3400,0,3,5,,2,050,"WHITNEY AVENUE","MISSION AVENUE",0.00,,Y,A,-,N,,,,,,,,,,N,2,0,1,2,A,-,11,21950,B,N,G,B,B,A,H,-,A,A,0,Y,,,,Y,,N,60,1,0,0,0,1,0,0,0,0,"- ","- ",38.628551483154297,-121.36930084228516,SACRAMENTO,UNINCORPORATED,-121.35520935058594,38.628341674804688
92231494,2023,2023-11-08,9252,2023-08-27,"258 ",021661,,7,3,9,3400,0,2,4,,2,073,"POWER INN ROAD","68TH AVENUE",266.00,N,N,A,-,N,,,,,,,,,,Y,1,1,0,2,A,-,09,21804,A,N,D,G,A,A,H,-,C,D,0,,Y,,,Y,,L,04,0,0,0,0,0,1,0,0,0,"- ","- ",38.490879058837891,-121.4088134765625,SACRAMENTO,UNINCORPORATED,-121.40886688232422,38.490821838378906
92231559,2023,2023-11-08,9260,2023-07-30,2254,021681,,7,3,9,3400,0,1,2,,2,502,"US-50 EASTBOUND","HAZEL AVENUE",4700.00,W,N,A,-,Y,SAC,,50," "," ",14.801,H,,R,Y,1,1,0,2,A,-,11,21954,A,N,G,B,E,A,H,-,D,D,0,Y,,,,Y,,N,60,0,0,0,1,0,0,0,0,0,"- ","- ",38.623378753662109,-121.23200225830078,SACRAMENTO,UNINCORPORATED,-121.23200988769531,38.623390197753906
92234421,2023,2023-11-13,9250,2023-10-19,1545,021972,,4,2,9,3400,0,3,5,,2,040,"COTTAGE WAY","BELL ST",0.00,,Y,A,-,N,,,,,,,,,,N,2,0,1,2,A,-,12,21453,A,N,D,C,A,A,H,-,A,A,0,,,,,Y,,M,94,1,0,0,0,0,0,0,0,0,"- ","- ",38.603511810302734,-121.41065216064453,SACRAMENTO,UNINCORPORATED,-121.41071319580078,38.603519439697266
92234585,2023,2023-11-13,9252,2023-10-29,"435 ",021318,,7,3,7,3404,0,1,3,,2,191,"SR-99 S/B","SHELDON ROAD",3050.00,N,N,A,-,Y,SAC,,99," "," ",15.441,H,,L,N,2,0,2,1,A,-,01,23152,A,N,E,I,A,A,H,-,A,D,0,,,,,Y,Y,A,01,1,1,0,0,0,0,0,0,0,"- ","- ",38.445690155029297,-121.40534210205078,SACRAMENTO,SACRAMENTO,-121.40538787841797,38.445674896240234
92236107,2023,2023-11-14,9260,2023-11-06,1840,022459,,1,2,9,3400,0,3,5,,2,001,"SCOTT ROAD","LATROBE ROAD",3665.00,N,N,A,-,N,,,,,,,,,,Y,2,0,1,1,A,-,03,22350,,N,F,0,A,A,H,-,D,A,0,,,,,Y,,A,01,1,0,0,0,0,0,0,0,0,"- ","- ",38.52764892578125,-121.10399627685547,SACRAMENTO,UNINCORPORATED,-121.10407257080078,38.528251647949219
92237685,2023,2023-11-16,9252,2023-11-03,"234 ",020931,,5,3,9,3400,0,2,4,,1,071,"STOCKTON BLVD","65TH AVE",0.00,,Y,A,-,N,,,,,,,,,,N,2,0,1,2,A,-,11,21950,B,F,G,B,B,A,H,-,C,A,0,Y,,,,Y,Y,N,60,1,0,0,0,1,0,0,0,0,"- ","- ",38.500801086425781,-121.43122100830078,SACRAMENTO,UNINCORPORATED,-121.43125152587891,38.500640869140625
92238359,2023,2023-11-16,9250,2023-11-11,1812,022082,,6,2,9,3400,0,2,4,,1,042,"MARCONI AVE","BECERRA WAY",419.00,W,N,A,-,N,,,,,,,,,,N,2,0,1,2,A,-,11,21950,B,N,G,B,D,A,H,-,C,A,0,Y,,,,Y,,N,60,1,0,0,0,1,0,0,0,0,"- ","- ",38.617790222167969,-121.37529754638672,SACRAMENTO,UNINCORPORATED,-121.37518310546875,38.617748260498047
9223960,2021,2021-03-18,3400,2021-01-12,1856,963,RCPD,2,5,5,3490,0,0,0,,0,005,"FOLSOM BL","COLOMA RD",0.00,,Y,A,-,N,,,,,,,,,,Y,2,0,3,2,A,-,11,21453,D,N,D,D,A,A,H,-,C,A,0,,,,,Y,,A,07,1,0,2,0,0,0,0,0,0,"- ","- ",38.589000701904297,-121.30300140380859,SACRAMENTO,"RANCHO CORDOVA",-121.30307006835938,38.589046478271484
92240431,2023,2023-11-20,9250,2023-11-16,2100,020067,,4,2,9,3400,0,3,5,,2,010,"ROSEVILLE RD","LONGVIEW DR",0.00,,Y,A,-,N,,,,,,,,,,Y,2,0,2,2,A,-,09,21453,C,N,A,C,A,A,H,-,A,A,0,,,,,Y,Y,A,01,1,0,1,0,0,0,0,0,0,"- ","- ",38.641658782958984,-121.4014892578125,SACRAMENTO,UNINCORPORATED,-121.40162658691406,38.641681671142578
92240690,2023,2023-11-20,9252,2023-08-10,"20  ",022329,,4,3,9,3400,0,2,4,,1,072,"FRANKLIN BLVD","SOUTHBOUND MARTIN LUTHER KING BLVD.",101.00,S,N,A,-,N,,,,,,,,,,N,2,0,1,2,A,-,11,21954,A,N,G,B,D,A,H,-,C,D,0,Y,,,,Y,,N,60,1,0,0,0,1,0,0,0,0,"- ","- ",38.506240844726562,-121.46472930908203,SACRAMENTO,UNINCORPORATED,-121.46472930908203,38.506317138671875
9224136,2021,2021-03-25,3404,2021-02-07,2352,481,6,7,5,7,3404,0,0,0,,0,06D,"ELVAS AV","57TH ST",338.00,E,N,A,-,N,,,,,,,,,,Y,2,0,1,1,A,-,01,23152,A,N,E,I,A,A,H,-,C,A,0,,,,,Y,Y,A,01,1,0,0,0,0,0,0,0,0,"- ","- ",,,SACRAMENTO,SACRAMENTO,-121.43215942382812,38.567344665527344
92241428,2023,2023-11-21,9250,2023-11-19,1405,022116,,7,2,9,3400,0,2,4,,1,011,"WATT AVE","MARGARET WAY",40.00,S,N,A,-,N,,,,,,,,,,Y,2,0,3,2,A,-,01,23153,G,F,C,C,A,A,H,-,A,A,0,,,,,Y,Y,A,07,1,2,0,0,0,0,0,0,0,"- ","- ",38.649021148681641,-121.38288116455078,SACRAMENTO,UNINCORPORATED,-121.38285827636719,38.649059295654297
92245233,2023,2023-11-27,9250,2023-08-27,"400 ",022484,,7,3,7,3404,0,1,1,,2,105,"INTERSTATE 5","GARDEN HIGHWAY",220.00,S,N,A,-,Y,SAC,,5," "," ",25.267,H,,R,N,1,1,0,2,A,-,11,21954,A,F,G,B,E,A,H,-,C,A,0,Y,,,,Y,,N,60,0,0,0,1,0,0,0,0,0,"- ","- ",38.605480194091797,-121.50727844238281,SACRAMENTO,SACRAMENTO,-121.50737762451172,38.605449676513672
92246862,2023,2023-11-28,9252,2023-11-21,1720,022563,,2,2,7,3404,0,1,2,,2,150,"US-50 E/B","24TH ST",500.00,W,N,A,-,Y,SAC,,50," ",L,2.011,H,,R,N,2,0,1,1,A,-,08,22107,,N,F,A,A,A,H,-,C,D,0,,,,,Y,,A,01,1,0,0,0,0,0,0,0,0,"- ","- ",38.560459136962891,-121.48188018798828,SACRAMENTO,SACRAMENTO,-121.48185729980469,38.560508728027344
92249111,2023,2023-11-30,9252,2023-11-14,"740 ",019787,,2,1,9,3400,0,3,5,,2,080,"TWIN CITIES RD","IVIE RD",2000.00,E,N,A,-,N,,,,,,,,,,N,2,0,1,2,A,-,08,22107,,N,B,C,A,A,H,-,A,D,0,,,,,Y,,A,07,1,0,0,0,0,0,0,0,0,"- ","- ",38.299819946289062,-121.237060546875,SACRAMENTO,UNINCORPORATED,-121.23746490478516,38.299575805664062
92249207,2023,2023-11-30,9250,2023-11-23,1420,020729,,4,2,9,3400,0,3,5,,2,050,"WALNUT AVE","CYPRESS AVE",0.00,,Y,A,-,N,,,,,,,,,,Y,2,0,9,2,A,-,09,21453,C,N,A,2,A,A,H,-,A,A,0,,,,,Y,,A,01,1,8,0,0,0,0,0,0,0,"- ","- ",38.63916015625,-121.345947265625,SACRAMENTO,UNINCORPORATED,-121.34597015380859,38.639106750488281
92249824,2023,2024-03-27,9250,2023-11-22,1530,021972,,3,2,9,3400,0,2,4,,1,045,"WATT AVE","CHENU AVE",0.00,,Y,A,-,N,,,,,,,,,,Y,2,0,2,3,A,-,12,21453,A,F,D,2,F,A,H,-,A,A,0,Y,,,,Y,,A,01,1,0,1,0,1,0,0,0,0,"- ","- ",38.614200592041016,-121.38316345214844,SACRAMENTO,UNINCORPORATED,-121.383056640625,38.614177703857422
92252275,2022,2024-04-15,9252,2022-09-07,1832,019441,,3,2,7,3404,0,1,1,,2,107,"I-5 N/B","SUTTERVILLE ROAD",581.00,S,N,A,-,Y,SAC,,5,,,20.419,H,,R,Y,1,1,1,5,A,-,08,22107,,N,E,8,F,A,D,-,A,D,0,Y,,,,Y,,A,08,1,0,0,1,1,0,0,0,0,"- ","- ",38.539291381835938,-121.51190185546875,SACRAMENTO,SACRAMENTO,-121.51200866699219,38.539360046386719
92253009,2023,2023-12-05,9252,2023-11-27,"625 ",019341,,1,1,9,3400,0,3,5,,2,074,"VINEYARD RD","CLOVER RANCH DR",0.00,,Y,A,-,N,,,,,,,,,,Y,2,0,1,2,A,-,03,22350,,N,D,C,A,A,H,-,C,D,0,,,Y,,Y,,C,02,1,0,0,0,0,0,0,0,1,"- ","- ",38.464809417724609,-121.31611633300781,SACRAMENTO,UNINCORPORATED,-121.31600952148438,38.4647216796875
92253214,2023,2023-12-05,9250,2023-10-05,1635,020428,,4,2,9,3400,0,3,5,,2,010,"DON JULIO BOULEVARD","LARRY WAY",0.00,,Y,A,-,N,,,,,,,,,,N,1,1,0,2,A,-,11,21954,A,N,G,B,D,A,H,-,A,A,0,Y,,,,Y,,N,60,0,0,0,1,0,0,0,0,0,"- ","- ",38.679389953613281,-121.37567901611328,SACRAMENTO,UNINCORPORATED,-121.37566375732422,38.679409027099609
92253217,2023,2023-12-05,9250,2023-10-28,2040,021710,,6,2,9,3400,0,1,1,,2,181,"INTERSTATE 80 W/B","E LEVEE ROAD",125.00,E,N,A,-,Y,SAC,,80," ",M,5.011,H,,L,Y,2,0,1,2,C,-,18,,,N,B,C,A,A,H,-,C,D,0,,,,,Y,,-,"- ",1,0,0,0,0,0,0,0,0,"- ","- ",38.640998840332031,-121.47722625732422,SACRAMENTO,UNINCORPORATED,-121.47720336914062,38.640865325927734
9225879,2021,2021-03-11,3400,2021-01-05,1800,940,RCPD,2,5,5,3490,0,0,0,,0,005,"DATA DR","DISK DR",3.00,E,N,A,-,N,,,,,,,,,,N,2,0,1,2,A,-,12,21453,A,N,D,G,A,A,H,-,C,A,0,,Y,,,Y,,L,04,1,0,0,0,0,0,1,0,0,"- ","- ",38.351100921630859,-121.16999816894531,SACRAMENTO,"RANCHO CORDOVA",-121.28339385986328,38.586517333984375
92261049,2023,2023-12-13,9252,2023-12-01,1810,017696,,5,2,9,3400,0,2,4,,1,071,"MARTIN LUTHER KING JR BLVD","35TH AVE",340.00,S,N,A,-,N,,,,,,,,,,N,2,0,2,3,A,-,05,21650,,N,A,G,A,A,H,-,D,D,0,,Y,,Y,Y,,M,91,2,0,0,0,0,0,2,0,0,"- ","- ",38.520740509033203,-121.46466064453125,SACRAMENTO,UNINCORPORATED,-121.46478271484375,38.520442962646484
92263121,2023,2023-12-15,9252,2023-11-24,1322,021440,,5,1,9,3400,0,1,3,,1,112,SR-12,"BRANNAN ISLAND RD",33.00,E,N,A,-,Y,SAC,,12," "," ",6.080,H,,R,Y,2,0,4,2,A,-,08,22107,,N,A,C,A,A,H,-,A,D,0,,,,,Y,,A,08,2,1,1,0,0,0,0,0,0,"- ","- ",38.126800537109375,-121.58203887939453,SACRAMENTO,UNINCORPORATED,-121.58203887939453,38.126808166503906
92263152,2023,2024-01-26,9250,2023-12-12,1403,021710,,2,2,9,3400,0,3,5,,2,040,"WHITNEY AVENUE","MONTCLAIRE STREET",0.00,,Y,A,-,N,,,,,,,,,,N,1,1,0,1,A,-,08,22107,,N,E,I,A,A,H,-,A,D,0,,,,,Y,,D,22,0,0,0,0,0,0,0,0,0,"- ","- ",38.628719329833984,-121.37850952148438,SACRAMENTO,UNINCORPORATED,-121.37834167480469,38.628612518310547
92264524,2023,2023-12-18,9252,2023-12-08,"39  ",023409,,5,3,9,3400,0,2,4,,2,073,"BRADSHAW RD","ROGERS ROAD",380.00,S,N,B,-,N,,,,,,,,,,Y,2,0,1,1,A,-,01,23152,A,N,E,8,A,A,H,-,C,D,0,,,,,Y,Y,A,07,1,0,0,0,0,0,0,0,0,"- ","- ",38.469081878662109,-121.33470916748047,SACRAMENTO,UNINCORPORATED,-121.33491516113281,38.469207763671875
92265634,2023,2023-12-19,9250,2023-07-11,2026,020398,,2,2,9,3400,0,2,4,,1,014,"ELKHORN BOULEVARD","HILLSDALE BOULEVARD",262.00,E,N,A,-,N,,,,,,,,,,Y,1,2,1,4,A,-,01,23152,A,F,G,B,F,A,H,-,A,D,0,Y,,,,Y,Y,A,01,1,0,0,2,0,0,0,0,0,"- ","- ",38.689208984375,-121.34615325927734,SACRAMENTO,UNINCORPORATED,-121.34569549560547,38.688926696777344
92266012,2023,2023-12-19,9250,2023-03-25,"255 ",022408,,6,3,9,3400,0,3,5,,2,010,"ELVERTA ROAD","AZTEC WAY",155.00,E,N,A,-,N,,,,,,,,,,N,1,1,0,1,A,-,01,23152,A,N,E,8,A,A,H,-,C,A,0,,,,,Y,Y,D,22,0,0,0,0,0,0,0,0,0,"- ","- ",38.718399047851562,-121.38092803955078,SACRAMENTO,UNINCORPORATED,-121.38083648681641,38.718345642089844
92268088,2023,2023-12-21,9252,2023-11-12,"350 ",023221,,7,3,7,3404,0,1,1,,2,106,"I-5 S/B","COSUMNES RIVER BLVD",1690.00,S,N,A,-,Y,SAC,,5," "," ",14.560,H,,L,Y,2,0,2,2,A,-,01,23152,A,N,C,C,A,A,H,-,D,D,0,,,,Y,Y,Y,A,01,2,0,0,0,0,0,0,0,0,"- ","- ",38.461948394775391,-121.49571990966797,SACRAMENTO,SACRAMENTO,-121.49573516845703,38.461944580078125
92269197,2023,2023-12-22,9250,2023-12-16,1245,023304,,6,1,9,3400,0,2,4,,1,024,"MADISON AVENUE","COLLEGE OAK DRIVE",173.00,N,N,A,-,N,,,,,,,,,,N,2,0,2,3,A,-,03,22350,,N,C,C,A,A,H,-,A,D,0,,,,,Y,,A,01,1,1,0,0,0,0,0,0,0,"- ","- ",38.660900115966797,-121.35125732421875,SACRAMENTO,UNINCORPORATED,-121.35054779052734,38.660858154296875
92270850,2023,2023-12-26,9250,2023-12-17,2255,022484,,7,3,9,3400,0,2,4,,1,014,"ELKHORN BLVD","WALERGA RD",400.00,E,N,A,-,N,,,,,,,,,,N,2,0,1,2,A,-,09,21804,A,N,C,C,A,B,H,-,C,A,0,,,,,Y,Y,A,01,1,0,0,0,0,0,0,0,0,"- ","- ",38.694538116455078,-121.3614501953125,SACRAMENTO,UNINCORPORATED,-121.36231231689453,38.694538116455078
92272487,2023,2023-12-27,9250,2023-12-16,1855,022936,,6,2,9,3400,0,2,4,,1,014,"ELKHORN BLVD","6TH ST",20.00,E,N,A,-,N,,,,,,,,,,N,2,0,1,2,A,-,11,21954,A,N,G,B,D,A,H,-,D,D,0,Y,,,,Y,,N,60,1,0,0,0,1,0,0,0,0,"- ","- ",38.683841705322266,-121.45233154296875,SACRAMENTO,UNINCORPORATED,-121.45258331298828,38.683792114257812
92276068,2023,2024-01-01,9250,2023-12-07,1130,023323,,4,1,9,3400,0,2,4,,1,061,"RIO LINDA BLVD","G ST",558.00,S,N,B,-,N,,,,,,,,,,Y,2,0,1,1,A,-,01,23152,F,N,F,A,A,B,H,-,A,D,0,,,,,Y,,A,07,1,0,0,0,0,0,0,0,0,"- ","- ",38.6787109375,-121.45684051513672,SACRAMENTO,UNINCORPORATED,-121.45687103271484,38.678737640380859
92277377,2023,2024-01-03,9250,2023-12-17,1815,021496,,7,2,9,3400,0,2,4,,1,053,"FAIR OAKS BLVD","WALNUT AVE",110.00,E,N,C,-,N,,,,,,,,,,Y,2,0,1,1,A,-,08,22107,,N,E,I,A,B,H,-,C,D,0,,,,,Y,,D,22,1,0,0,0,0,0,0,0,0,"- ","- ",38.596820831298828,-121.34483337402344,SACRAMENTO,UNINCORPORATED,-121.34474182128906,38.596614837646484
92277379,2023,2024-01-18,9250,2023-12-17,2000,022082,,7,2,9,3400,0,2,4,,1,025,"SAN JUAN AVE","MILLICENT CT",22.00,N,N,C,-,N,,,,,,,,,,Y,2,0,4,2,A,-,08,22107,,N,D,C,A,B,H,-,C,A,0,,,,,Y,,A,01,1,3,0,0,0,0,0,0,0,"- ","- ",38.653961181640625,-121.29215240478516,SACRAMENTO,UNINCORPORATED,-121.29209899902344,38.653919219970703
92277951,2023,2024-01-03,9250,2023-12-14,"125 ",021864,,4,3,9,3400,0,1,1,,2,182,"I-80 E/B","NORTHGATE BLVD",895.00,W,N,A,-,Y,SAC,,80," ",M,4.805,H,,R,N,2,0,1,2,A,-,11,21954,A,N,G,B,E,A,H,-,C,A,0,Y,,,,Y,,N,60,1,0,0,0,1,0,0,0,0,"- ","- ",38.640129089355469,-121.48097991943359,SACRAMENTO,UNINCORPORATED,-121.48098754882812,38.640159606933594
92278069,2023,2024-01-03,9250,2023-06-20,1542,021743,,2,2,9,3400,0,3,5,,2,040,"EDISON AVENUE","TOLEDO WAY",0.00,,Y,B,-,N,,,,,,,,,,N,1,1,1,2,A,-,09,21804,A,N,D,C,A,A,G,-,A,D,0,,,Y,,Y,,A,01,0,0,1,0,0,0,0,1,0,"- ","- ",38.629318237304688,-121.3955078125,SACRAMENTO,UNINCORPORATED,-121.39543914794922,38.629314422607422
9228111,2021,2021-07-02,3404,2021-03-05,1156,522,6,5,5,7,3404,0,0,0,,0,06C,"ELDER CREEK RD","POWER INN RD",0.00,E,N,A,-,N,,,,,,,,,,Y,2,0,3,2,A,-,01,23152,G,N,D,C,A,A,H,-,A,D,0,,,,Y,Y,,A,01,3,0,0,0,0,0,0,0,0,"- ","- ",,,SACRAMENTO,SACRAMENTO,-121.40910339355469,38.510551452636719
92282092,2023,2024-01-08,9252,2023-08-18,"317 ",023221,,5,3,9,3400,0,2,4,,2,073,"CALVINE RD","CLIFFCREST DR",110.00,E,N,A,-,N,,,,,,,,,,Y,1,1,1,2,A,-,08,22107,,N,E,9,E,A,H,-,C,A,0,Y,,,,Y,,-,"- ",0,0,1,1,0,0,0,0,0,"- ","- ",38.452919006347656,-121.39530181884766,SACRAMENTO,UNINCORPORATED,-121.39546966552734,38.452762603759766
92287074,2024,2024-01-15,9250,2024-01-03,2225,023407,,3,3,9,3400,0,2,4,,1,015,"ROSEVILLE ROAD","ANDANTE DR",468.00,S,N,A,-,N,,,,,,,,,,Y,2,0,1,2,A,-,01,23152,A,N,C,E,A,A,H,-,C,D,0,,,,,Y,Y,A,01,1,0,0,0,0,0,0,0,0,"- ","- ",38.710620880126953,-121.32453155517578,SACRAMENTO,UNINCORPORATED,-121.32452392578125,38.710773468017578
92287600,2024,2024-01-16,9250,2024-01-07,1805,021088,,7,2,9,3400,0,2,4,,1,021,"AUBURN BLVD","DEVECCHI AVE",303.00,W,N,A,-,N,,,,,,,,,,N,2,0,1,4,A,-,03,22350,,N,E,I,A,A,H,-,C,D,0,,,,,Y,,A,01,1,0,0,0,0,0,0,0,0,"- ","- ",38.673770904541016,-121.32726287841797,SACRAMENTO,UNINCORPORATED,-121.32720947265625,38.673786163330078
92290202,2024,2024-01-18,9250,2024-01-07,"142 ",022969,,7,3,7,3404,0,1,1,,2,182,"INTERSTATE-80 E/B","I-5 N/B",5.00,E,N,B,-,Y,SAC,,80," ",M,2.559,H,,R,Y,2,0,2,1,A,-,01,23152,A,N,E,8,A,B,H,-,C,D,0,,,,,Y,Y,A,01,1,0,1,0,0,0,0,0,0,"- ","- ",38.624988555908203,-121.51712799072266,SACRAMENTO,SACRAMENTO,-121.51702117919922,38.624862670898438
92290292,2023,2024-01-18,9250,2023-12-28,2031,022082,,4,2,9,3400,0,2,4,,1,045,"WATT AVE","BARBERRY LN",0.00,,Y,A,-,N,,,,,,,,,,Y,2,0,3,2,A,-,09,21801,A,N,D,C,A,A,H,-,C,A,0,,,,,Y,,A,01,1,1,1,0,0,0,0,0,0,"- ","- ",38.578590393066406,-121.38311004638672,SACRAMENTO,UNINCORPORATED,-121.38304901123047,38.576763153076172
92291015,2024,2024-01-18,9260,2024-01-05,2025,022467,,5,2,9,3400,0,1,3,,2,116,"JACKSON ROAD","BRADSHAW ROAD",1980.00,E,N,A,-,N,,,,,,,,,,Y,2,0,2,2,A,-,01,23152,A,F,C,2,A,A,H,-,D,A,0,,,,,Y,Y,A,01,2,0,0,0,0,0,0,0,0,"- ","- ",38.527168273925781,-121.32823944091797,SACRAMENTO,UNINCORPORATED,-121.32841491699219,38.527236938476562
92291721,2024,2024-01-19,9252,2024-01-08,1630,020783,,1,2,9,3400,0,1,3,,2,191,"SR-99 S/B","ESCHINGER RD (PROLONGATION)",250.00,S,N,A,-,Y,SAC,,99," "," ",8.893,H,,L,N,2,0,1,3,A,-,01,23152,A,N,C,C,A,A,H,-,A,D,0,,,Y,,Y,Y,-,"- ",1,0,0,0,0,0,0,0,1,"- ","- ",38.363201141357422,-121.34847259521484,SACRAMENTO,UNINCORPORATED,-121.34862518310547,38.363101959228516
92294907,2023,2024-01-23,9252,2023-08-12,2145,022563,,6,2,9,3400,0,2,4,,2,073,"FLORIN ROAD","STOCKTON BOULEVARD",13.00,W,N,A,-,N,,,,,,,,,,N,1,1,0,2,A,-,11,21950,B,F,G,B,B,A,H,-,C,A,0,Y,,,,Y,,N,60,0,0,0,1,0,0,0,0,0,"- ","- ",38.496120452880859,-121.42935180664062,SACRAMENTO,UNINCORPORATED,-121.42912292480469,38.496131896972656
92295190,2023,2024-01-23,9260,2023-09-17,1340,021674,,7,1,9,3400,0,3,5,,2,003,"KENNETH AVENUE","SILVER MAPLE LANE",126.00,N,N,A,-,N,,,,,,,,,,Y,1,1,0,1,A,-,03,22350,,N,E,I,A,A,H,-,A,D,0,,,Y,,Y,,C,02,0,0,0,0,0,0,0,1,0,"- ","- ",38.690990447998047,-121.24430084228516,SACRAMENTO,UNINCORPORATED,-121.24440002441406,38.691135406494141