CASE_ID,ACCIDENT_YEAR,PROC_DATE,JURIS,COLLISION_DATE,COLLISION_TIME,OFFICER_ID,REPORTING_DISTRICT,DAY_OF_WEEK,CHP_SHIFT,POPULATION,CNTY_CITY_LOC,SPECIAL_COND,BEAT_TYPE,CHP_BEAT_TYPE,CITY_DIVISION_LAPD,CHP_BEAT_CLASS,BEAT_NUMBER,PRIMARY_RD,SECONDARY_RD,DISTANCE,DIRECTION,INTERSECTION,WEATHER_1,WEATHER_2,STATE_HWY_IND,CALTRANS_COUNTY,CALTRANS_DISTRICT,STATE_ROUTE,ROUTE_SUFFIX,POSTMILE_PREFIX,POSTMILE,LOCATION_TYPE,RAMP_INTERSECTION,SIDE_OF_HWY,TOW_AWAY,COLLISION_SEVERITY,NUMBER_KILLED,NUMBER_INJURED,PARTY_COUNT,PRIMARY_COLL_FACTOR,PCF_CODE_OF_VIOL,PCF_VIOL_CATEGORY,PCF_VIOLATION,PCF_VIOL_SUBSECTION,HIT_AND_RUN,TYPE_OF_COLLISION,MVIW,PED_ACTION,ROAD_SURFACE,ROAD_COND_1,ROAD_COND_2,LIGHTING,CONTROL_DEVICE,CHP_ROAD_TYPE,PEDESTRIAN_ACCIDENT,BICYCLE_ACCIDENT,MOTORCYCLE_ACCIDENT,TRUCK_ACCIDENT,NOT_PRIVATE_PROPERTY,ALCOHOL_INVOLVED,STWD_VEHTYPE_AT_FAULT,CHP_VEHTYPE_AT_FAULT,COUNT_SEVERE_INJ,COUNT_VISIBLE_INJ,COUNT_COMPLAINT_PAIN,COUNT_PED_KILLED,COUNT_PED_INJURED,COUNT_BICYCLIST_KILLED,COUNT_BICYCLIST_INJURED,COUNT_MC_KILLED,COUNT_MC_INJURED,PRIMARY_RAMP,SECONDARY_RAMP,LATITUDE,LONGITUDE,COUNTY,CITY,POINT_X,POINT_Y
9592752,2023,2023-07-11,340H,2023-06-08,1600,10900,5103,4,5,5,3450,0,0,0,,0,005,"EXCELSIOR RD","SHELDON PARK WY",218.00,N,N,A,-,N,,,,,,,,,,Y,2,0,2,2,A,-,08,22107,,N,A,C,A,A,H,-,A,D,0,,,,,Y,,A,01,1,1,0,0,0,0,0,0,0,"- ","- ",,,SACRAMENTO,"ELK GROVE",-121.29761505126953,38.443748474121094
9595081,2023,2023-07-21,340H,2023-06-18,"126 ",10891,5102,7,5,5,3450,0,0,0,,0,005,"ELK GROVE BL","BAYPOINT WY",13.00,E,N,A,-,N,,,,,,,,,,Y,2,0,1,1,A,-,03,22350,,N,E,I,A,A,H,-,C,A,0,,,Y,,Y,,C,02,1,0,0,0,0,0,0,0,1,"- ","- ",38.409709930419922,-121.34941101074219,SACRAMENTO,"ELK GROVE",-121.34855651855469,38.409172058105469
9603897,2023,2023-08-15,340H,2023-05-16,1332,10683,2102,2,5,5,3450,0,0,0,,0,002,"LAGUNA BL","BRUCEVILLE RD",0.00,,Y,A,-,N,,,,,,,,,,Y,2,0,1,2,A,-,12,21453,A,N,D,G,A,A,H,-,A,A,0,,Y,,,Y,,L,04,1,0,0,0,0,0,1,0,0,"- ","- ",38.423469543457031,-121.41777801513672,SACRAMENTO,"ELK GROVE",-121.41802978515625,38.423366546630859
9612347,2023,2023-09-18,340H,2023-02-12,1331,10140,2102,7,5,5,3450,0,0,0,,0,002,"LAGUNA BL","TRENHOLM DR",483.00,W,N,A,-,N,,,,,,,,,,Y,2,0,3,2,A,-,03,22350,,N,A,C,A,A,H,-,A,D,0,,,Y,,Y,Y,C,02,1,1,1,0,0,0,0,0,1,"- ","- ",,,SACRAMENTO,"ELK GROVE",-121.41413116455078,38.423362731933594
9612349,2023,2023-09-18,340H,2023-03-01,1711,10140,1,3,5,5,3450,0,0,0,,0,1101,"DWIGHT RD","LAGUNA BL",0.00,,Y,A,-,N,,,,,,,,,,N,2,0,1,2,A,-,09,21804,A,N,H,G,A,A,H,-,B,D,0,,Y,,,Y,,L,04,1,0,0,0,0,0,1,0,0,"- ","- ",,,SACRAMENTO,"ELK GROVE",-121.45973968505859,38.424526214599609
9617090,2023,2023-10-17,340H,2023-08-26,"912 ",10856,1101,6,5,5,3450,0,0,0,,0,001,"LAGUNA BL","HARBOUR POINT DR",263.00,W,N,A,-,N,,,,,,,,,,N,2,0,1,1,A,-,03,22350,,N,E,I,A,A,H,-,A,A,0,,,,,Y,,A,01,1,0,0,0,0,0,0,0,0,"- ","- ",38.427768707275391,-121.48097991943359,SACRAMENTO,"ELK GROVE",-121.48166656494141,38.427669525146484
9620350,2023,2023-10-16,340H,2023-09-12,2036,10904,2103,2,5,5,3450,0,0,0,,0,002,"ELK GROVE BL","FRANKLIN BL",0.00,,Y,A,-,N,,,,,,,,,,Y,2,0,2,2,A,-,12,21453,A,N,D,C,A,A,H,-,C,A,0,,,,,Y,,-,"- ",2,0,0,0,0,0,0,0,0,"- ","- ",38.408771514892578,-121.44992065429688,SACRAMENTO,"ELK GROVE",-121.44979858398438,38.408615112304688
9624191,2023,2025-06-27,3404,2023-04-27,1954,0267,2,4,5,7,3404,0,0,0,,0,02B,"DEL PASO BL","HELENA AV",0.00,,Y,A,-,N,,,,,,,,,,Y,1,1,2,2,A,-,01,23153,A,N,D,C,A,A,H,-,B,D,0,,,Y,,Y,Y,A,01,0,2,0,0,0,0,0,1,0,"- ","- ",,,SACRAMENTO,SACRAMENTO,-121.44037628173828,38.617462158203125
9634857,2023,2023-12-07,340H,2023-10-17,1627,10873,4101,2,5,5,3450,0,0,0,,0,004,"WHITELOCK PKWY","FRANKLIN HIGH RD",516.00,W,N,A,-,N,,,,,,,,,,N,2,0,1,2,A,-,05,21650,1,N,A,G,A,A,H,-,A,D,0,,Y,,,Y,,L,04,1,0,0,0,0,0,1,0,0,"- ","- ",38.394119262695312,-121.43187713623047,SACRAMENTO,"ELK GROVE",-121.43376159667969,38.393852233886719
9640041,2023,2023-12-04,3404,2023-10-17,"733 ",0675,6,2,5,7,3404,0,0,0,,0,06C,"ELDER CREEK RD","SUN RIVER DR",0.00,,Y,A,-,N,,,,,,,,,,N,1,1,0,2,A,-,10,21950,A,N,G,B,B,A,H,-,B,A,0,Y,,,,Y,,D,22,0,0,0,1,0,0,0,0,0,"- ","- ",,,SACRAMENTO,SACRAMENTO,-121.4122314453125,38.510566711425781
9640191,2024,2024-07-23,3404,2024-01-16,"745 ",0375,4,2,5,7,3404,0,0,0,,0,04A,"21ST ST","X ST",74.00,S,N,B,-,N,,,,,,,,,,N,1,1,0,2,A,-,08,22107,,F,C,G,A,A,H,-,A,A,0,,Y,,,Y,,D,22,0,0,0,0,0,1,0,0,0,"- ","- ",,,SACRAMENTO,SACRAMENTO,-121.4853515625,38.560756683349609
9640192,2023,2024-02-14,3404,2023-08-17,"536 ",0592,3,4,5,7,3404,0,0,0,,0,03A,"RAILYARDS BL","BERCUT DR",790.00,E,N,A,-,N,,,,,,,,,,N,1,1,0,2,A,-,05,21650,1,F,E,G,A,A,H,-,C,D,0,,Y,,,Y,,L,04,0,0,0,0,0,1,0,0,0,"- ","- ",,,SACRAMENTO,SACRAMENTO,-121.50116729736328,38.589939117431641
9640295,2023,2025-06-24,3404,2023-11-22,2016,0557,2,3,5,7,3404,0,0,0,,0,02B,"MARYSVILLE BL","LOS ROBLES BL",253.00,N,N,A,-,N,,,,,,,,,,Y,1,1,1,1,A,-,08,22107,,N,E,I,A,A,H,-,C,D,0,,,,,Y,Y,A,01,1,0,0,0,0,0,0,0,0,"- ","- ",,,SACRAMENTO,SACRAMENTO,-121.43152618408203,38.629478454589844
9640394,2023,2025-06-26,3404,2023-08-26,"24  ",656,4,6,5,7,3404,0,0,0,,0,04C,"FLORIN RD","PARK PLACE CT",15.00,N,N,-,-,N,,,,,,,,,,Y,1,1,1,1,A,-,01,23152,,N,E,I,A,A,H,-,C,D,0,,,,,Y,Y,A,01,1,0,0,0,0,0,0,0,0,"- ","- ",,,SACRAMENTO,SACRAMENTO,-121.53456878662109,38.498538970947266
9640420,2023,2025-06-30,3404,2023-07-22,"121 ",0356,5,6,5,7,3404,0,0,0,,0,05A,"24TH ST","25TH AV",78.00,S,N,A,-,N,,,,,,,,,,Y,1,1,0,1,A,-,01,23152,B,N,E,I,A,A,H,-,C,D,0,,,,,Y,Y,A,01,0,0,0,0,0,0,0,0,0,"- ","- ",,,SACRAMENTO,SACRAMENTO,-121.48323059082031,38.529747009277344
9640472,2024,2024-07-22,3404,2024-02-25,"224 ",0592,3,7,5,7,3404,0,0,0,,0,03M,"N ST","8TH ST",0.00,N,Y,A,-,N,,,,,,,,,,Y,1,1,0,2,A,-,12,21453,A,F,D,C,A,A,C,-,C,A,0,,,Y,,Y,,C,02,0,0,0,0,0,0,0,1,0,"- ","- ",,,SACRAMENTO,SACRAMENTO,-121.49806976318359,38.576583862304688
9640539,2024,2024-07-16,3404,2024-03-16,2119,0592,6,6,5,7,3404,0,0,0,,0,06D,"FOLSOM BL","JULLIARD DR",665.00,W,N,A,-,N,,,,,,,,,,N,1,1,0,2,A,-,11,21954,A,N,G,B,D,A,H,-,C,D,0,Y,,,,Y,Y,N,60,0,0,0,1,0,0,0,0,0,"- ","- ",,,SACRAMENTO,SACRAMENTO,-121.39460754394531,38.547122955322266
9640549,2024,2024-07-16,3404,2024-01-24,1904,0356,1,3,5,7,3404,0,0,0,,0,01B,"GARDEN HWY","GATEWAY OAKS DR",2190.00,W,N,C,-,N,,,,,,,,,,Y,1,1,0,2,A,-,11,21954,A,N,G,B,D,B,H,-,D,D,0,Y,,,,Y,Y,N,60,0,0,0,1,0,0,0,0,0,"- ","- ",,,SACRAMENTO,SACRAMENTO,-121.521484375,38.605003356933594
9640639,2023,2024-06-24,3496,2023-09-29,1221,498,,5,5,5,3496,0,0,0,,0,002,"SAN JUAN AV","GREENBACK LN",844.00,N,N,A,-,N,,,,,,,,,,Y,1,1,0,2,A,-,05,21650,1,N,A,G,A,A,H,-,A,D,0,,Y,,Y,Y,,L,04,0,0,0,0,0,1,0,0,0,"- ","- ",38.678379058837891,-121.29031372070312,SACRAMENTO,"CITRUS HEIGHTS",-121.29110717773438,38.680103302001953
9640657,2023,2024-07-03,3404,2023-10-18,"657 ",0375,5,3,5,7,3404,0,0,0,,0,05B,"MACK RD","SUMERSDALE DR",0.00,,Y,-,-,N,,,,,,,,,,Y,1,1,1,2,A,-,11,21456,A,N,G,B,B,A,H,-,B,A,0,Y,,,,Y,,N,60,0,1,0,1,0,0,0,0,0,"- ","- ",,,SACRAMENTO,SACRAMENTO,-121.44172668457031,38.474208831787109
9640696,2023,2024-07-16,3401,2023-11-13,2133,163,CA034,1,5,5,3401,0,0,0,,0,003,"E BIDWELL ST","OAK AVENUE PKWY",13.00,W,N,A,-,N,,,,,,,,,,Y,1,1,0,2,A,-,11,21950,B,N,G,B,B,A,H,-,C,A,0,Y,,,,Y,,N,60,0,0,0,1,0,0,0,0,0,"- ","- ",38.664440155029297,-121.13690185546875,SACRAMENTO,FOLSOM,-121.13720703125,38.664047241210938
9640860,2023,2024-08-07,3404,2023-08-26,2030,0332,5,6,5,7,3404,0,0,0,,0,05C,"CENTER PKWY","ARROYO VISTA DR",0.00,,Y,A,-,N,,,,,,,,,,N,1,1,0,2,A,-,11,21954,A,N,G,B,D,A,H,-,C,A,0,Y,,,,Y,Y,N,60,0,0,0,1,0,0,0,0,0,"- ","- ",,,SACRAMENTO,SACRAMENTO,-121.42932891845703,38.459995269775391
9640993,2024,2024-10-08,3404,2024-06-11,"732 ",0557,1,2,5,7,3404,0,0,0,,0,01A,"CLUB CENTER DR","BANFIELD DR",0.00,,Y,A,-,N,,,,,,,,,,N,1,1,0,2,A,-,12,22450,A,N,D,G,A,A,H,-,A,A,0,,Y,,,Y,,L,04,0,0,0,0,0,1,0,0,0,"- ","- ",,,SACRAMENTO,SACRAMENTO,-121.51071166992188,38.670768737792969
9646960,2023,2024-01-29,340H,2023-12-19,"954 ",10902,4101,2,5,5,3450,0,0,0,,0,004,"LAGUNA LAKE WY","ELK GROVE BL",10.00,N,N,B,-,N,,,,,,,,,,Y,2,0,1,2,A,-,03,22350,,N,G,B,F,B,H,-,A,B,0,Y,,,,Y,,A,01,1,0,0,0,1,0,0,0,0,"- ","- ",38.408668518066406,-121.43589782714844,SACRAMENTO,"ELK GROVE",-121.43573760986328,38.408828735351562
9650937,2023,2023-12-29,340H,2023-11-16,1106,10854,2104,4,5,5,3450,0,0,0,,0,002,"LAGUNA BL","BRUCEVILLE RD",75.00,E,N,A,-,N,,,,,,,,,,Y,2,0,3,4,A,-,12,21453,A,N,C,C,A,A,H,-,A,A,0,,,,,Y,,A,01,1,2,0,0,0,0,0,0,0,"- ","- ",38.423709869384766,-121.41808319091797,SACRAMENTO,"ELK GROVE",-121.41777038574219,38.423370361328125
9656277,2023,2024-02-29,340H,2023-10-21,"913 ",10914,1101,6,5,5,3450,0,0,0,,0,001,"LAGUNA BL","HIGH TECH CT",0.00,,Y,A,-,N,,,,,,,,,,N,2,0,1,1,A,-,03,22350,,N,E,I,A,A,H,-,A,A,0,,,,,Y,,A,01,1,0,0,0,0,0,0,0,0,"- ","- ",38.427330017089844,-121.46591186523438,SACRAMENTO,"ELK GROVE",-121.46567535400391,38.427337646484375
9659160,2023,2024-02-09,340H,2023-12-07,2201,10824,1101,4,5,5,3450,0,0,0,,0,001,"LAGUNA BL","BABSON DR",466.00,W,N,A,-,N,,,,,,,,,,Y,2,0,1,1,A,-,08,22107,,N,E,I,A,B,H,-,C,D,0,,,,,Y,,A,01,1,0,0,0,0,0,0,0,0,"- ","- ",38.424530029296875,-121.45995330810547,SACRAMENTO,"ELK GROVE",-121.46128845214844,38.424873352050781
9660390,2024,2024-03-04,340H,2024-01-30,2141,10873,1101,2,5,5,3450,0,0,0,,0,001,"BABSON DR","LAGUNA BL",0.00,,Y,A,-,N,,,,,,,,,,N,2,0,1,2,A,-,11,21954,A,N,G,B,D,A,H,-,C,A,0,Y,,,,Y,,N,60,1,0,0,0,1,0,0,0,0,"- ","- ",38.424530029296875,-121.45995330810547,SACRAMENTO,"ELK GROVE",-121.45978546142578,38.424385070800781
9665015,2024,2024-04-09,340H,2024-02-01,1345,10791,3101,4,5,5,3450,0,0,0,,0,003,"ELK GROVE FLORIN BLVD","CALVINE RD",162.00,S,N,B,-,N,,,,,,,,,,N,2,0,1,2,A,-,04,21703,,N,C,G,A,A,H,-,A,D,0,,Y,,,Y,,A,01,1,0,0,0,0,0,1,0,0,"- ","- ",38.452598571777344,-121.37171936035156,SACRAMENTO,"ELK GROVE",-121.37178802490234,38.452075958251953
9665649,2024,2024-04-15,340H,2024-02-08,1809,10949,4102,4,5,5,3450,0,0,0,,0,004,"MAISS WY","HATHERTON WY",0.00,,Y,A,-,N,,,,,,,,,,N,2,0,2,2,A,-,12,22450,,F,D,C,A,A,H,-,B,D,0,,,,,Y,Y,A,01,1,0,1,0,0,0,0,0,0,"- ","- ",38.400558471679688,-121.40989685058594,SACRAMENTO,"ELK GROVE",-121.40992736816406,38.400226593017578
9665829,2024,2024-04-15,340H,2024-02-16,1844,10836,2103,5,5,5,3450,0,0,0,,0,002,"LAGUNA BLVD","SANTORINI DR",168.00,E,N,A,-,N,,,,,,,,,,N,2,0,1,2,A,-,11,21950,B,N,G,B,D,A,H,-,C,D,0,Y,,,,Y,,N,60,1,0,0,0,1,0,0,0,0,"- ","- ",38.423389434814453,-121.45305633544922,SACRAMENTO,"ELK GROVE",-121.45232391357422,38.423328399658203
9675291,2023,2024-03-07,3404,2023-10-27,1626,0356,4,5,5,7,3404,0,0,0,,0,04B,"FRANKLIN BL","38TH AV",180.00,N,N,A,-,N,,,,,,,,,,Y,2,0,2,2,A,-,08,22107,,N,A,C,A,A,H,-,A,D,0,,,,,Y,,A,01,1,1,0,0,0,0,0,0,0,"- ","- ",,,SACRAMENTO,SACRAMENTO,-121.47015380859375,38.518703460693359
9675456,2023,2024-02-24,3402,2023-07-04,1847,266,19,2,5,3,3402,0,0,0,,0,002,"VICTORIAN PARK DR","SPRUCE AV",0.00,,Y,A,-,N,,,,,,,,,,N,2,0,2,2,A,-,08,22107,,N,G,B,F,A,H,-,A,D,0,Y,,,,Y,,-,,2,0,0,0,1,0,0,0,0,"- ","- ",38.257499694824219,-121.30536651611328,SACRAMENTO,GALT,-121.30550384521484,38.257209777832031
9693775,2023,2024-04-30,3404,2023-09-06,1520,0238,3,3,5,7,3404,0,0,0,,0,03M,"8TH ST","CAPITOL MALL",0.00,,Y,A,-,N,,,,,,,,,,N,2,0,1,2,A,-,12,21453,A,N,E,J,A,A,H,-,A,A,0,,,Y,,Y,,C,03,1,0,0,0,0,0,0,0,1,"- ","- ",,,SACRAMENTO,SACRAMENTO,-121.49762725830078,38.577598571777344
9702835,2024,2024-08-16,3404,2024-06-04,2102,0717,6,2,5,7,3404,0,0,0,,0,06B,"STOCKTON BL","FRUITRIDGE RD",790.00,N,N,A,-,N,,,,,,,,,,N,2,0,1,2,A,-,03,22350,,F,C,C,A,A,H,-,C,A,0,,,Y,,Y,,C,02,1,0,0,0,0,0,0,0,1,"- ","- ",,,SACRAMENTO,SACRAMENTO,-121.44352722167969,38.527030944824219
9704260,2024,2024-08-02,3404,2024-05-08,1149,8118,6,3,5,7,3404,0,0,0,,0,06B,"T ST","51ST ST N",0.00,,Y,A,-,N,,,,,,,,,,N,2,0,1,2,A,-,09,21802,A,N,D,G,A,A,H,-,A,A,0,,Y,,,Y,,-,"- ",1,0,0,0,0,0,1,0,0,"- ","- ",,,SACRAMENTO,SACRAMENTO,-121.44541168212891,38.554756164550781
9711743,2024,2024-08-05,340H,2024-04-12,1959,10922,2102,5,5,5,3450,0,0,0,,0,002,"BRUCEVILLE RD","SHELDON RD",143.00,S,N,A,-,N,,,,,,,,,,Y,2,0,2,2,A,-,03,22350,,F,C,C,A,A,H,-,C,A,0,,,,,Y,,-,,1,0,1,0,0,0,0,0,0,"- ","- ",38.438289642333984,-121.41800689697266,SACRAMENTO,"ELK GROVE",-121.41766357421875,38.437549591064453
9751325,2024,2025-01-07,3404,2024-09-09,"839 ",0562,,1,5,7,3404,0,0,0,,0,,"CLUB CENTER DR","BANFIELD DR",10.00,E,N,A,-,N,,,,,,,,,,Y,1,1,0,2,A,-,11,21950,B,N,G,B,B,A,H,-,A,A,0,Y,,,,Y,,N,60,0,0,0,1,0,0,0,0,0,"- ","- ",,,SACRAMENTO,SACRAMENTO,-121.51067352294922,38.670768737792969
9751397,2023,2024-12-19,3404,2023-12-07,1134,0231,1,4,5,7,3404,0,0,0,,0,01A,"NORTH BEND DR","NATOMAS BL",0.00,,Y,B,-,N,,,,,,,,,,N,1,1,0,2,A,-,08,22107,,F,D,G,A,A,H,-,A,A,0,,Y,,,Y,,L,04,0,0,0,0,0,1,0,0,0,"- ","- ",,,SACRAMENTO,SACRAMENTO,-121.51129913330078,38.661624908447266
9751399,2024,2025-01-07,3400,2024-04-01,1813,1011,RC,1,5,5,3490,0,0,0,,0,005,"FOLSOM BL","MINE SHAFT LN",822.00,W,N,A,-,N,,,,,,,,,,Y,1,1,0,2,A,-,11,21955,,N,G,B,E,A,H,-,A,D,0,Y,,,,Y,Y,N,60,0,0,0,1,0,0,0,0,0,"- ","- ",38.619701385498047,-121.24118804931641,SACRAMENTO,"RANCHO CORDOVA",-121.24317932128906,38.618877410888672
9751421,2024,2024-12-06,3404,2024-08-29,1027,0381,7,4,5,7,3404,0,0,0,,0,07A,"ALHAMBRA BL","FOLSOM BL",106.00,N,N,A,-,N,,,,,,,,,,N,1,1,0,2,A,-,17,21235,G,N,D,J,A,A,H,-,A,D,0,,,Y,Y,Y,,C,03,0,0,0,0,0,0,0,1,0,"- ","- ",,,SACRAMENTO,SACRAMENTO,-121.46656036376953,38.569766998291016
9751453,2024,2025-02-12,3404,2024-10-07,"48  ",0375,5,1,5,7,3404,0,0,0,,0,05B,"FRANKLIN BL","SUNMEADOW DR",230.00,S,N,A,-,N,,,,,,,,,,N,1,1,1,2,A,-,01,23152,A,F,C,E,A,A,H,-,C,D,0,,,,,Y,Y,A,07,0,1,0,0,0,0,0,0,0,"- ","- ",,,SACRAMENTO,SACRAMENTO,-121.45259094238281,38.480327606201172
9751458,2024,2025-02-12,3404,2024-10-12,2329,0381,2,6,5,7,3404,0,0,0,,0,02A,"MARYSVILLE BL","MAIN AV",96.00,S,N,A,-,N,,,,,,,,,,Y,1,1,0,2,A,-,01,23152,A,F,C,G,A,A,H,-,C,D,0,,Y,,,Y,Y,A,01,0,0,0,0,0,1,0,0,0,"- ","- ",,,SACRAMENTO,SACRAMENTO,-121.44073486328125,38.654499053955078
9767571,2024,2024-12-18,3404,2024-11-14,1425,0655,7,4,5,7,3404,0,0,0,,0,07A,"J ST","40TH ST",0.00,,Y,B,-,N,,,,,,,,,,Y,2,0,1,2,A,-,12,21453,A,N,D,C,A,B,H,-,A,A,0,,,,,Y,,A,01,1,0,0,0,0,0,0,0,0,"- ","- ",,,SACRAMENTO,SACRAMENTO,-121.45272827148438,38.569435119628906
9778854,2024,2025-01-27,3496,2024-08-01,1117,568,CITRU,4,5,5,3496,0,0,0,,0,002,"GREENBACK LN","SUNRISE BL",77.00,W,N,A,-,N,,,,,,,,,,N,2,0,1,1,A,-,03,22350,,N,E,I,A,A,H,-,A,D,0,,Y,,,Y,,L,04,1,0,0,0,0,0,1,0,0,"- ","- ",38.678779602050781,-121.27143096923828,SACRAMENTO,"CITRUS HEIGHTS",-121.27191162109375,38.678348541259766
9784648,2024,2025-02-26,3404,2024-12-29,1958,8186,,7,5,7,3404,0,0,0,,0,,"SEAMAS AV","LAND PARK DR",24.00,W,N,A,-,N,,,,,,,,,,N,2,0,1,2,A,-,11,21950,B,N,G,B,E,A,H,-,C,A,0,Y,,,,Y,,N,60,1,0,0,0,1,0,0,0,0,"- ","- ",,,SACRAMENTO,SACRAMENTO,-121.51119232177734,38.524421691894531
9786130,2024,2025-04-29,3404,2024-11-29,1936,0557,1,5,5,7,3404,0,0,0,,0,01C,"NORTHGATE BL","TURNSTONE DR",0.00,,Y,A,-,N,,,,,,,,,,Y,1,1,1,2,A,-,11,21954,A,N,G,B,D,A,H,-,C,D,0,Y,,,,Y,Y,N,60,0,0,1,1,0,0,0,0,0,"- ","- ",,,SACRAMENTO,SACRAMENTO,-121.47551727294922,38.634426116943359
9786133,2024,2025-04-25,3496,2024-07-09,1227,145,,2,5,5,3496,0,0,0,,0,002,"GREENBACK LN","ARCADIA DR",142.00,E,N,A,-,N,,,,,,,,,,Y,1,1,2,2,C,-,18,,,N,A,C,A,A,H,-,A,A,0,,,,,Y,,-,"- ",0,0,2,0,0,0,0,0,0,"- ","- ",38.678451538085938,-121.26722717285156,SACRAMENTO,"CITRUS HEIGHTS",-121.26662445068359,38.678440093994141
9786140,2024,2025-04-25,3404,2024-09-04,1821,0375,5,3,5,7,3404,0,0,0,,0,05C,"COSUMNES RIVER BL","FRANKLIN BL",0.00,,Y,A,-,N,,,,,,,,,,Y,1,1,0,2,A,-,12,21453,A,N,H,C,A,A,H,-,A,A,0,,,,,Y,,M,94,0,0,0,0,0,0,0,0,0,"- ","- ",,,SACRAMENTO,SACRAMENTO,-121.44648742675781,38.462284088134766
9786152,2023,2025-04-23,3404,2023-07-16,1819,0375,5,7,5,7,3404,0,0,0,,0,05B,"MACK RD","DEER MEADOW DR",0.00,,Y,A,-,N,,,,,,,,,,Y,1,1,1,2,A,-,03,22350,,N,D,C,A,A,H,-,A,A,0,,,,,Y,,A,01,1,0,0,0,0,0,0,0,0,"- ","- ",,,SACRAMENTO,SACRAMENTO,-121.45819854736328,38.474712371826172
9786161,2024,2025-04-25,3404,2024-03-09,2119,0557,2,6,5,7,3404,0,0,0,,0,02A,"RIO LINDA BL","EPHESUS AVE",0.00,,Y,A,-,N,,,,,,,,,,Y,1,1,0,2,A,-,00,38020,,F,H,-,A,A,H,-,C,D,0,,,Y,,Y,,C,02,0,0,0,0,0,0,0,1,0,"- ","- ",,,SACRAMENTO,SACRAMENTO,-121.44776153564453,38.642398834228516
9786162,2024,2025-04-25,3404,2024-04-09,"402 ",0592,,2,5,7,3404,0,0,0,,0,,"FRUITRIDGE RD","ETHEL WY",190.00,E,N,A,-,N,,,,,,,,,,Y,1,1,1,3,A,-,11,21954,A,N,G,B,E,A,H,-,C,D,0,Y,,,,Y,,N,60,1,0,0,1,1,0,0,0,0,"- ","- ",,,SACRAMENTO,SACRAMENTO,-121.45161437988281,38.524940490722656
9786268,2024,2025-06-10,3404,2024-08-21,1051,0381,5,3,5,7,3404,0,0,0,,0,05C,"BRUCEVILLE RD","SHELDON RD",53.00,N,N,A,-,N,,,,,,,,,,Y,1,1,1,3,A,-,01,23153,B,N,C,C,A,A,H,-,A,A,0,,,,,Y,Y,A,01,0,1,0,0,0,0,0,0,0,"- ","- ",,,SACRAMENTO,SACRAMENTO,-121.41769409179688,38.438083648681641
9786331,2024,2025-07-14,3404,2024-09-12,2101,0381,4,4,5,7,3404,0,0,0,,0,04A,"SUTTERVILLE RD","21ST ST",0.00,,Y,A,-,N,,,,,,,,,,Y,1,1,0,2,A,-,12,21453,A,N,G,B,B,A,H,-,C,A,0,Y,,,,Y,,A,01,0,0,0,1,0,0,0,0,0,"- ","- ",,,SACRAMENTO,SACRAMENTO,-121.49072265625,38.538505554199219
9786375,2024,2025-07-14,340H,2024-09-10,"847 ",10954,97,2,5,5,3450,0,0,0,,0,9007,"CALVINE RD","CLIFFCREST DR",14.00,W,N,A,-,N,,,,,,,,,,Y,1,1,0,2,A,-,10,21950,A,N,G,B,B,A,H,-,A,A,0,Y,,,,Y,,A,07,0,0,0,1,0,0,0,0,0,"- ","- ",38.452800750732422,-121.39576721191406,SACRAMENTO,"ELK GROVE",-121.39588928222656,38.452854156494141
9786396,2024,2025-07-17,340H,2024-11-20,1323,10140,2101,3,5,5,3450,0,0,0,,0,002,"BIG HORN BL","FRYE CREEK DR",0.00,W,N,B,-,N,,,,,,,,,,Y,1,1,0,1,A,-,03,22350,,N,E,I,A,B,H,-,-,D,0,,,,,Y,,A,01,0,0,0,0,0,0,0,0,0,"- ","- ",38.435829162597656,-121.43946838378906,SACRAMENTO,"ELK GROVE",-121.44168090820312,38.434642791748047
9788232,2025,2025-05-01,3404,2025-04-21,1737,0356,2,1,5,7,3404,0,0,0,,0,02O,"CHALLENGE WY","ARDEN WY",0.00,N,N,A,-,N,,,,,,,,,,Y,2,0,2,2,A,-,08,22107,,F,D,G,A,A,H,-,A,A,0,,Y,,,Y,,D,22,1,0,1,0,0,0,1,0,0,"- ","- ",,,SACRAMENTO,SACRAMENTO,-121.42498016357422,38.598415374755859
9795632,2025,2025-03-28,3496,2025-02-27,1547,516,CITRU,4,5,5,3496,0,0,0,,0,002,"SAN JUAN AV","GREENBACK LN",394.00,N,N,A,-,N,,,,,,,,,,N,2,0,1,2,A,-,17,21209,,N,D,C,A,A,H,-,A,D,0,,,Y,,Y,,C,02,1,0,0,0,0,0,0,0,1,"- ","- ",38.678371429443359,-121.29252624511719,SACRAMENTO,"CITRUS HEIGHTS",-121.29222869873047,38.67926025390625
9831516,2025,2025-07-08,3402,2025-05-28,"724 ",265,20,3,5,3,3402,0,0,0,,0,001,"A ST","MCFARLAND ST",0.00,,Y,A,-,N,,,,,,,,,,N,2,0,1,2,A,-,10,21950,A,N,H,G,A,A,H,-,A,D,0,,Y,,,Y,,A,07,1,0,0,0,0,0,1,0,0,"- ","- ",38.254749298095703,-121.30764770507812,SACRAMENTO,GALT,-121.30764007568359,38.2547607421875
9832656,2025,2025-07-14,3496,2025-05-21,2330,557,,3,5,5,3496,0,0,0,,0,002,"GREENBACK LN","SAN JUAN AV",21.00,E,N,A,-,N,,,,,,,,,,Y,2,0,1,2,A,-,12,21453,A,N,D,C,A,A,H,-,C,A,0,,,,,Y,,A,01,1,0,0,0,0,0,0,0,0,"- ","- ",38.678340911865234,-121.29254913330078,SACRAMENTO,"CITRUS HEIGHTS",-121.29238891601562,38.678211212158203